date,market,size,value
2014-01-01,0.002942453717789882,0.0005436576092302543,0.00023526007992982092
2014-01-02,-0.00915985695616446,-0.0011712734230817838,0.004032411441056578
2014-01-03,0.006954060762258114,-0.0046784113398741995,0.0014173924603282588
2014-01-06,0.008665082447520924,0.0012065309318507109,0.0037901577486706113
2014-01-07,-0.017359316697884528,-0.00087453206578718,0.00010689734338904955
2014-01-08,-0.011519615561760862,0.003608735711821685,-0.0028197837877479933
2014-01-09,0.0013505636285055683,-0.0028616427035023945,-0.0007349998154822957
2014-01-10,-0.0026461833310922394,0.0024644310939881445,0.002782069389876844
2014-01-13,4.878958246140087e-05,0.006563393664890149,0.004130248677307133
2014-01-14,-0.00747739534816222,0.0010902236586388787,-0.0005914987377753876
2014-01-15,0.008114581773765457,0.0031411658109675254,-0.0037164610495321543
2014-01-16,0.007200127418860534,0.0022875609847103177,0.0013426326379489448
2014-01-17,0.0007942762780509444,0.007592365938070087,0.001911923855368882
2014-01-20,0.010345170862712296,0.0014862416867753153,0.004930876344212471
2014-01-21,0.00440758408026841,0.00279983540694204,-0.002715051491838419
2014-01-22,-0.0075336321659491435,-0.0001451041140638267,-0.0026711890170627484
2014-01-23,0.0035187570567424896,-0.0030975541427310364,0.0030246407901583024
2014-01-24,-0.008429943407460989,-0.0048327027427246755,-0.0016297342840364357
2014-01-27,0.008106052711765453,0.0050676962625467,-0.0017987367307164173
2014-01-28,-0.00024933319887627604,-0.004033437485370161,0.005016559480560974
2014-01-29,-0.0014637612719073448,0.0029834579991337286,-0.0054840224251246905
2014-01-30,-0.0059283658996354726,0.0016640665215350466,0.008224812559102046
2014-01-31,0.011202872048066272,0.0036711413795829264,-0.0024505416524313074
2014-02-03,-0.0011907653386192191,-0.0020588480903328743,0.003466913611202848
2014-02-04,-0.0036549503994679645,-0.0031629196579328425,-0.00043519864770149896
2014-02-05,-0.002969201954394066,0.0015134873523990303,0.0010854491394885438
2014-02-06,0.004990782669980137,-0.0011693666928300531,-0.0010511459990470494
2014-02-07,0.003488996579276705,-0.0049241133464251125,0.0034263066081318956
2014-02-10,0.003914593504363895,0.007754102169361385,-0.0013892954960782662
2014-02-11,0.004077389027070944,-0.0031656326638501812,-0.002291785887380405
2014-02-12,0.019474828407834148,-0.003974530847940058,0.007253367303479966
2014-02-13,-0.00345773514746154,-0.0009685430727175103,0.00011753078805476751
2014-02-14,-0.004410184561643836,0.0050114342766316555,-0.002702782244078162
2014-02-17,-0.007123954554230899,-0.008666940172494465,-0.005961146359647595
2014-02-18,0.00574381480317946,0.004679534458301797,0.007462312124143922
2014-02-19,0.010360750634488025,-0.003645894005825212,-0.002207701505821007
2014-02-20,-0.0008255271188938757,0.0010581009604330172,0.00824735295400459
2014-02-21,-0.007361408292662752,-0.002704027846895202,0.0015954174056515284
2014-02-24,-0.007220330941221156,0.007967667416008024,0.0005715408012098051
2014-02-25,0.006055335090422309,0.0004984803465694059,0.0006793752493119904
2014-02-26,0.00688928754083098,-0.0028323662013649445,0.008863803757106778
2014-02-27,0.005088388414746754,-0.001204365287350762,-0.008768874277683447
2014-02-28,-0.005789587365598248,0.00035854829960674966,0.0008573660780300207
2014-03-03,0.002289451907600478,0.0007107064310488026,-0.0010608144301202291
2014-03-04,0.001250172282266554,0.001755049934085283,-0.000852373540332252
2014-03-05,0.0021681973705611163,-5.618430729259723e-06,0.0005972474085676149
2014-03-06,0.008042859001533708,-0.005508649666434864,-0.0010650165979845068
2014-03-07,0.00221235993897214,-0.0013610706836066435,0.0007525226687532229
2014-03-10,0.006310222067647053,0.002426633499363434,-9.430984862021648e-05
2014-03-11,0.0008082116254000231,-0.0026795312255160036,-0.005254232712738597
2014-03-12,0.0028020745882098574,0.00269112511879351,0.0015254641512435164
2014-03-13,0.005881594032546862,0.00012687253183124112,0.0028642178067983235
2014-03-14,-0.012914402378700996,-0.0008709606270659592,-0.0021682624700323345
2014-03-17,-0.0026770409472157116,0.00477657557015837,0.0074715843128962825
2014-03-18,-0.004033353888635159,-0.006952525777537126,0.0053422869826563755
2014-03-19,-0.005549900634190077,-0.002701283593058598,0.0033758091966846855
2014-03-20,-0.0022762802610401534,0.004929714838715103,0.003327282976112057
2014-03-21,0.013654471801109562,0.007320196652614137,0.0001203878104395509
2014-03-24,-0.007592480041239189,0.009143969938686802,0.004565488418937682
2014-03-25,0.008914505191323327,0.00020142212135321546,0.006283018448248408
2014-03-26,-0.014945827944542241,0.0018315895184621719,0.003232096051247794
2014-03-27,-0.002813965269871973,0.003269711308942668,-0.002281133367249461
2014-03-28,0.0016647775859450504,0.005100301088633136,-0.0001587257531464019
2014-03-31,0.005476000982233503,0.0012523677386990452,0.0022946801319043593
2014-04-01,0.006601039218135694,0.003704595693784267,0.003350979616184577
2014-04-02,0.007340125116799327,0.001839095201778088,-0.000309908858174203
2014-04-03,-0.002938525650235938,0.0020888957676335057,-0.0022672341884282863
2014-04-04,-0.003961166133981104,-0.0036734769476003196,0.006336827949511329
2014-04-07,0.007921782931314384,-0.001316854877504896,-0.0042892788580758305
2014-04-08,-0.0015217389239345338,-0.002091076792311278,-0.0037653270225316733
2014-04-09,-0.011281176910041296,-0.004755581814314087,-0.005308511238005655
2014-04-10,-0.009999584926031325,-0.006606420896843662,-0.0037742032784972963
2014-04-11,-0.008075070574014501,-0.001694509994368594,0.004989379508476014
2014-04-14,0.004674446696483875,-0.0010555293057450386,0.005123331026052813
2014-04-15,0.0014818316246350872,0.0004201483041113681,-0.0002961821378606793
2014-04-16,0.0064143681866099134,0.002222951363360562,0.0019852575822271222
2014-04-17,-0.003645273817028808,0.0007524889744232887,-4.2018310495663736e-05
2014-04-18,0.001626857219690428,-0.0010276447101223052,-0.00476790730381182
2014-04-21,0.00583031354570603,-0.0036605052631075,0.008872428030697734
2014-04-22,-0.0025841188574821455,0.0035082763900048716,0.005498959860279908
2014-04-23,0.004310977138016703,-0.0004072888691576051,0.001417677621318834
2014-04-24,-0.0057573334695998615,-0.001735159180027638,-0.0034235596895690794
2014-04-25,-0.0030674846190856457,-0.000745817129653077,-0.0008997375086791181
2014-04-28,-0.0032356410459849615,-0.002930977389418831,-0.002769702205679876
2014-04-29,-0.010562556810301356,-0.002122695693644426,0.00039032896371387607
2014-04-30,0.004582752327070235,-0.002249833253160752,0.0012396926983973937
2014-05-01,-0.004024621061824515,-0.0011493496720018745,-0.0013645019752414492
2014-05-02,0.0003124470685491869,0.00262301982727236,-0.0058176510116280085
2014-05-05,0.0045267199301531795,0.0016284482741624326,0.008528235942863536
2014-05-06,0.004218780584269496,0.006186949629123136,0.0009501069873254034
2014-05-07,0.006188465980755075,0.004846916368448035,0.001826368000777709
2014-05-08,-0.0006863693605848125,0.007825687092938302,-0.001689637544299943
2014-05-09,-0.0036096848083973835,0.0022366339186833174,-0.006248044461316854
2014-05-12,-0.0005174638981575914,0.002172420889494122,-0.0003332021235913465
2014-05-13,-0.014986009905622266,-0.001949663110548543,-0.0012928880359476017
2014-05-14,-0.012824012251807784,0.003304059589981994,0.002838137522878309
2014-05-15,-0.01170429651118962,-0.0026244677201723576,0.0036243102935046797
2014-05-16,-0.008775221448413334,-0.0058818220975263135,0.0030601179188374824
2014-05-19,0.0037979680405109293,0.00610529356899102,0.003953089343668596
2014-05-20,-0.007949311498240547,-0.004996726378530686,0.007214663229906393
2014-05-21,-0.003203462986354507,0.001755407158382394,0.001559406958142224
2014-05-22,0.011893054680074589,-0.0035213254913334492,0.004396863283239337
2014-05-23,-0.003006375739552833,0.004506670491167335,0.0019754422953429138
2014-05-26,0.006837640116203778,0.005051799943082784,-0.007600141599911669
2014-05-27,-0.008202559120088892,0.002116711229692744,-0.0006180811307508358
2014-05-28,-0.0016489380208086699,0.004985458837904797,-0.0034708460276151342
2014-05-29,-0.00835019849419523,2.934830332449192e-05,0.0009257333228174427
2014-05-30,-0.002851297683105062,0.008936698723304201,-0.003164040637254548
2014-06-02,0.007762773237116559,0.0029846609339716297,0.0024227235601213468
2014-06-03,-0.015345883808731137,-0.003602206238494773,0.0039241123925583795
2014-06-04,0.004109812791912715,0.00027842683497655585,0.004814280184080635
2014-06-05,0.002339620420990501,-0.0006100081048602723,0.00647704624609707
2014-06-06,-0.00514734960127115,-0.0010016962337506437,-0.006704096336283571
2014-06-09,-0.01281452068949609,-0.006628556911596828,-0.004796000139787274
2014-06-10,0.0008491655694248256,0.0015474581777738404,0.011711260744932473
2014-06-11,-0.004565434381574222,-0.0055430119157622105,0.004038094879438175
2014-06-12,0.0022940859021923356,-0.010101629122089534,0.0008977918841880471
2014-06-13,0.0003966693097109859,-0.001376054564493217,0.0001281500412475818
2014-06-16,0.014616010021888238,-0.0030235746135689506,-0.00022744058837967704
2014-06-17,-0.001954200647257218,-0.003446148050542213,-0.00773498623014168
2014-06-18,-0.009011477433596784,-0.012412383801462085,-0.003089316418493969
2014-06-19,0.0018134807146068454,-0.003403371503812194,-0.0004473903780186353
2014-06-20,0.0021799701557458865,-0.0006945674606908094,-0.002863439501841547
2014-06-23,0.012432688177163928,-0.0025366157603843747,-0.0023405439621976597
2014-06-24,0.007716001213231206,0.001549374705013326,0.010234925687922473
2014-06-25,0.0034118395323455837,0.00557064259390225,-0.0010066121662656033
2014-06-26,0.013369726020976056,0.0020654697610207003,0.0011124800330669247
2014-06-27,-0.010498867488905658,0.004105577176407941,0.0009701451400148874
2014-06-30,-0.00555776379474773,0.0044365067585937935,0.0023578379944923337
2014-07-01,-0.008139183472649723,-0.004075443068266851,-0.0019091310634804088
2014-07-02,-0.0033082882284019115,0.0017564587707447797,0.004987924992154729
2014-07-03,-0.012190175328006777,0.003980629413461864,0.0017742487744269427
2014-07-04,0.005916358521329638,-0.001743841912193917,-0.0051486574948986655
2014-07-07,-0.0018000042738889601,-0.003162506600121165,-0.00043001599691851444
2014-07-08,-0.01303725665052392,0.0021216258368657722,-0.0006885932826871623
2014-07-09,-0.008940211730867873,-0.005926515487150717,-0.0008726618213224911
2014-07-10,0.0030216246270517574,-0.004352018332265172,0.0020371872088923364
2014-07-11,0.007743139111049429,-0.002667025390333733,0.002538900756716883
2014-07-14,0.018170578025226074,0.0018020568525228336,0.002066612331255944
2014-07-15,0.026424762194065962,0.0008756500862226579,0.0013556614323102525
2014-07-16,0.0039296848994839675,0.004129483518208527,0.00034255083062470054
2014-07-17,-0.008705843080286777,-0.0036874802174536748,-0.00860482801644923
2014-07-18,-0.018988416526581783,-0.0039018918850700335,0.0031115705157526924
2014-07-21,0.002609403161094522,0.0020956478749986573,0.001953416380425907
2014-07-22,-0.007116469857792933,-0.003194667616428143,-0.003939045106684963
2014-07-23,-0.0035382153416171677,-0.002414015661977684,0.0011223291135865655
2014-07-24,-0.005308871191538273,-0.007427059357006996,0.0025917539243208933
2014-07-25,-0.0010671179777474672,0.00116338400565435,0.004684988260900244
2014-07-28,0.009793822077088793,0.006165161887264673,0.0020412057726955485
2014-07-29,0.0016134371070081015,-0.00411715566520152,0.0012864072272654693
2014-07-30,-0.0012277135333481945,0.004086814446880454,0.0037870892700029714
2014-07-31,-0.009120883775432303,-0.00023759432395980518,-0.0012261600807764652
2014-08-01,-0.014872146502339211,-0.007061658553640124,0.0016480128783802103
2014-08-04,-0.004176771181659978,-0.0035789074225125125,-0.002484452776815291
2014-08-05,-0.0002840429573648844,-0.003825869331215088,0.004441186830485214
2014-08-06,0.016111369222218945,-0.001266111140562505,-0.006438844457026689
2014-08-07,0.0013724706932559726,0.001678057153786817,0.003266948696601297
2014-08-08,0.009044655599207517,0.007395691348965726,7.083584739202856e-05
2014-08-11,-0.004293660386852368,-0.005724583179673945,0.0038615493229051724
2014-08-12,-0.01046449389775322,-0.0019391095876799525,-0.0031221774815651912
2014-08-13,-0.008486050860091346,-0.003583923411642846,0.00035993431526518414
2014-08-14,-0.006327034580821779,-0.00507191784595719,0.00024252035892511234
2014-08-15,0.019356227591916478,0.000381790746438262,0.001735534240201823
2014-08-18,-0.007192480113019475,5.9199647473894685e-06,-0.004190247802591922
2014-08-19,0.007746402833627103,-0.007255209388331476,0.0025448603523374144
2014-08-20,-0.007926344602783237,7.260211178186063e-05,-0.007383576512289427
2014-08-21,0.008584157115868197,-0.004821583971644556,-0.0026713682284694546
2014-08-22,0.003664558694952768,4.7310876539902855e-05,-0.006250920028556796
2014-08-25,-0.0012097410789228135,0.00507798597282436,0.003312877598742505
2014-08-26,-0.00016686273521890617,0.001852271844303756,0.0016005231100361447
2014-08-27,-0.005693089258864513,0.0007100683776283595,0.0018241545875949464
2014-08-28,0.0042146498133387245,-0.0021150630296135477,0.005892757584994237
2014-08-29,-0.0038948513230670193,0.00026747060337909795,-0.0012637666766472093
2014-09-01,-0.010830451873905233,0.0022530168889899286,0.002438342725650641
2014-09-02,-0.011301438168876573,0.0018566653712336388,0.0002640893887059005
2014-09-03,0.0017532912594990754,-0.0003968750552541756,-0.0003449382186744324
2014-09-04,0.014411821307693914,0.0008695052957556626,0.0052265033283155835
2014-09-05,0.0016399245221609441,-0.005266247280168321,0.008327517453608164
2014-09-08,-0.0008677449349889431,-0.002937347099110951,-0.001725866651453658
2014-09-09,0.0027724352564228857,0.0028302390101839436,0.0033348783660795325
2014-09-10,0.011954015675361423,0.003368131805496831,0.0012764676505872435
2014-09-11,0.002174442512274707,0.00037439436335744803,0.0013244496898017673
2014-09-12,-0.003498345077503634,0.005915862937460607,0.000988710916133951
2014-09-15,0.010156598390539,0.002032077665845468,-0.001332311965844632
2014-09-16,0.004058807946154521,-0.0009325100714522584,-0.01433992224368681
2014-09-17,0.014021803927963927,-0.0048790110121622295,0.006139237298393955
2014-09-18,0.0018491099349971553,0.005754933000115659,-0.0027789303506895965
2014-09-19,-0.0108202212854845,0.0030812698286183096,-0.0009662285798024331
2014-09-22,-0.012113432793210983,0.007193245691722072,-0.0008811716000723521
2014-09-23,0.015058351390081246,0.008667389822015663,-0.003135213573013511
2014-09-24,0.01571299148704967,-0.005147761227131043,0.0009609605679824874
2014-09-25,-0.0014156729195434056,-0.005137334976508741,-0.00017724974168833904
2014-09-26,-0.0032486858902238893,-0.01145279965027627,-0.0028661439153181527
2014-09-29,0.01335299863017982,0.003673448548119025,0.0005972080666054202
2014-09-30,-0.00976341113839139,0.002625930749950396,-0.0001321867718334583
2014-10-01,-0.007852543170602437,0.00039111600050338607,0.003711354285152409
2014-10-02,0.0059899411522013985,-0.0049045329241736045,-0.005361531150726931
2014-10-03,-0.003351446105736306,-0.0003561347564990861,-0.0032215572835671323
2014-10-06,0.00015390319951935836,0.0007388219800308225,0.002901190443349619
2014-10-07,-0.0012709860867206129,0.0031309026675166783,-0.0025589717737928923
2014-10-08,0.003238170939190402,0.0010919476578611443,-0.0036136090501803337
2014-10-09,0.01286733675182345,0.002655205179964666,-0.0023611637640344437
2014-10-10,0.0010152641621157098,-0.0004965234796561935,-0.00040391486675753153
2014-10-13,0.00599544913949172,0.004725927575701007,-0.0003887157442681671
2014-10-14,-0.018251548909279203,0.002526920309773767,-0.0008398337444093332
2014-10-15,-0.00023846561737106151,-0.0047477322828032974,-0.004114260593794599
2014-10-16,-0.0073890724326358395,0.005556881470624967,0.0030926357090141268
2014-10-17,-0.010769317543812652,0.004902286090860546,0.00530487904903071
2014-10-20,-0.007703371302358756,0.0018618989482117672,-0.0076417147455469245
2014-10-21,-0.0028071109663073083,0.00112287081994986,-0.006214162469694105
2014-10-22,0.008443122881204117,0.006634446275513302,0.00401142789909995
2014-10-23,-0.011737534459656074,-0.006533251465088297,0.006279185362502956
2014-10-24,0.000475683433349757,0.004964898096238604,-0.008516715886818947
2014-10-27,-0.0041575249000022066,-0.0019048267942974038,0.003261746005115335
2014-10-28,-0.0027490578492576473,0.004380709785641542,0.006551519545795119
2014-10-29,0.009224820427741438,0.0004815033886761719,-0.003449649063331246
2014-10-30,0.005043038933035334,-0.004971704093632953,0.006318671307572843
2014-10-31,0.012236582966984693,-0.0019860792401427655,-0.0007119771235200238
2014-11-03,-0.001190551113249104,0.004086916292663861,0.0012585483622924794
2014-11-04,-0.006063483505036328,-0.0008408315252794933,-0.0028769332581883556
2014-11-05,-0.0018147293519244954,-0.002485941658872421,0.004004114104085557
2014-11-06,0.002382471121440994,-0.0025126882311800815,0.003337808470461867
2014-11-07,0.001789160226083399,0.002568989688935162,0.006898837422919294
2014-11-10,-0.009559492650100298,0.007002540120559854,0.005762429476440898
2014-11-11,0.001014408034650868,-0.008563533482545127,-3.6600176868941214e-05
2014-11-12,0.0022540549712501464,0.01120273778937315,0.012433514460727586
2014-11-13,0.02285726633780528,0.0008149849159045259,0.005403170593894801
2014-11-14,0.01709160150153503,0.002320896541195309,0.0021620641401826272
2014-11-17,-0.00747919015502938,-0.001745046988589625,-0.003988617590614447
2014-11-18,-0.0023864502539425844,-1.4060499427307923e-05,-0.00612013091691054
2014-11-19,-0.012970978016533026,0.0007700520485244309,-0.005780111428306643
2014-11-20,-0.005116363125671378,-0.004196383969348141,-0.0037346619476981827
2014-11-21,0.0030404450323130642,-0.003222725753030118,0.005509210623560913
2014-11-24,0.011052682587994102,0.004738270163565014,0.0019483556533500927
2014-11-25,-0.006361754539692476,-0.006209387381436885,-0.0024534927334738327
2014-11-26,-0.0056873179606101686,0.001764156413254162,-0.00054347604358683
2014-11-27,-0.019125601267647892,-0.001482067637476738,-0.0010309856117115442
2014-11-28,-0.0012639932849041688,-0.003842828597902302,0.0032002026820946525
2014-12-01,-0.009361729706736066,0.007887727407877602,-0.003515191049743321
2014-12-02,-0.004564954846294664,-0.003818010245045752,0.0013987455444649712
2014-12-03,-0.007691747003508294,-0.004520407998937886,0.0012003431037868005
2014-12-04,-0.0006483629882730129,-0.0007478908140821448,-0.0033954720406116474
2014-12-05,-0.01561955552220968,-0.0030742345364084054,0.0063520241168413955
2014-12-08,-0.013003407208518914,2.5522627978194612e-05,-0.0011822848260925136
2014-12-09,0.01936322400825468,0.0006215971866055615,-0.003971000498224944
2014-12-10,-0.011386803231466278,0.0009386322625397062,0.0034115199180807724
2014-12-11,-0.009671070206091755,-0.0004955633889742533,0.00021798230861856953
2014-12-12,0.016732221754891825,-0.0028086468123689006,0.001633713250636218
2014-12-15,0.02634560452316366,0.002573612170717322,-0.0047387192007661595
2014-12-16,-0.010344099659428074,-0.0004467710660165763,0.0032496650065678883
2014-12-17,-0.0031142406110922748,-0.0019824692482199144,0.008689713458098217
2014-12-18,0.0032739999584645856,0.005919974796390089,-0.005051334919137853
2014-12-19,0.01575827879965033,-0.00048524784156580436,0.0014168352239581144
2014-12-22,-0.008681713705854136,0.004367946405986364,-0.00314123878140005
2014-12-23,-0.0020075006134789874,0.004907353788437563,0.010758424238389852
2014-12-24,0.0071960381845556955,0.005150691341703172,0.0049585299126010006
2014-12-25,0.0041128946701995675,0.0027646312324444023,0.0011284293721198807
2014-12-26,-0.0031854046410708927,-2.5339875030588136e-06,-0.004911469903477682
2014-12-29,-0.00100440668064437,-0.00025616676260410264,-0.003944224299105033
2014-12-30,-0.012174062275329835,-0.0009764804739331549,0.002985098022727155
2014-12-31,-0.0019435636957719866,-0.008667582680052502,-0.005449968790869964
2015-01-01,-0.002197487410080596,0.0028752272229914493,-0.005324455378968272
2015-01-02,0.0022895290066363037,0.0009778622655403162,3.5325060671511683e-05
2015-01-05,-0.004797944969371144,0.0033020970648345097,0.000533666678174298
2015-01-06,0.00444384670290625,-0.00046800620588785557,0.001520125628777175
2015-01-07,0.009314442360378457,0.0026593006478141017,-0.001758101191268455
2015-01-08,0.0015988639490161943,-0.0055100282514457775,0.003680586184524341
2015-01-09,0.003365807675592831,-0.00467706243704628,-0.003447258851905707
2015-01-12,0.0006783981282008063,-0.009904846398885527,0.002506577414225765
2015-01-13,0.00020075953782272763,-0.0005373967833265047,0.0008564827146725016
2015-01-14,-0.0062940223018856266,-0.0030901023511144005,0.0024025963425141294
2015-01-15,0.003048448355059772,-0.0036135275006816798,0.0047279922077021535
2015-01-16,-0.0006755793857214052,0.0013386095118612313,-0.0018213293804195257
2015-01-19,0.01903851478037535,-0.001702028776790514,-0.002644310127277714
2015-01-20,0.014360194122277181,-0.005732364027214651,-0.006753575024606334
2015-01-21,0.003672618973008507,0.010179067091008392,-0.008076008383691345
2015-01-22,-0.006667514887252908,-0.00014804248195230343,-0.0007038966322779116
2015-01-23,-0.00981170324785076,-0.004332652211742785,-0.00043009152347845466
2015-01-26,0.010920286577799785,-0.0026793418437321987,-0.0043443324957753065
2015-01-27,0.0025647430263242466,-0.0006925718760368155,-0.003484398799473767
2015-01-28,0.004521290630524497,-0.0007009838490288028,0.006093815429183715
2015-01-29,-0.015501273882767732,0.005208657092183504,0.0035033591212112517
2015-01-30,0.008546946334023626,-0.00031771983052883077,-0.005046427498886494
2015-02-02,0.004289783043929266,0.0074208326874730095,-0.0017693922044756203
2015-02-03,-0.0097938761597303,-0.0017296917760484234,0.0016240107666256134
2015-02-04,-0.00404372326704954,0.0017057441610395694,-0.002505804097442165
2015-02-05,0.0025734548392086763,0.004087920777311321,-0.00323478126162173
2015-02-06,0.0006722011852061926,0.004780609218846713,-0.0013529831351301268
2015-02-09,-0.002429540672231995,0.005247488869715253,0.004362643541329896
2015-02-10,-0.0007313944125936476,-0.0010880469635205384,0.004725605210074957
2015-02-11,-0.002067796403861968,-2.1957041099677196e-05,-0.0029417872711690806
2015-02-12,0.0015730626089222172,-0.009917690266254702,0.0018422043785372448
2015-02-13,0.013443427756938412,-0.000784040154402243,-2.5647011511001953e-05
2015-02-16,-0.02289992596838168,0.004365016711719927,-0.004032941969944202
2015-02-17,-0.001931652380587158,0.003587345919423531,-0.0011882980530001732
2015-02-18,0.0017886117923520226,-0.0003459484840403256,-0.005056936751990557
2015-02-19,0.0028639459071838954,0.00679655777171983,0.004652220948612383
2015-02-20,-0.0031472312318916082,-0.001536021137379228,0.006209888170621212
2015-02-23,-0.01561049604230724,-0.002864559296079598,-0.0016422923262963613
2015-02-24,0.0031519593534269866,-0.0018726469409054765,-0.002596317250177253
2015-02-25,0.015746151927477664,-0.0044898600993444615,0.004218377750594303
2015-02-26,-0.013604752644245236,0.0024895801268141463,0.0048645957639200715
2015-02-27,0.007974452123283694,0.0011539272464344363,-0.004457645607570062
2015-03-02,-0.0027567270081060445,0.002439917785492206,-0.0005921786750106009
2015-03-03,-0.0003519191124596256,-0.0016574846077248456,-0.0002357535514849366
2015-03-04,-0.00927608659633554,-0.00023229191735701427,-0.003083105094619676
2015-03-05,-0.0028101055512028896,-0.00871367489363563,0.001543926776349792
2015-03-06,0.011900401352290627,0.0015049022052441886,-0.002799781340335804
2015-03-09,0.005443897177889363,0.0003953658202385977,-0.002161042981425501
2015-03-10,0.015790804448689494,-0.0044021106459738585,-0.00040537091934016417
2015-03-11,0.010796707000799243,-0.00041863012834638964,-0.005956249128901436
2015-03-12,0.004151780110366185,-0.0010313972082806684,-0.008225813079906571
2015-03-13,0.015895410735510127,0.00705724774002997,0.003673089466553306
2015-03-16,0.004150938428644688,-0.004244507872511218,-0.0029612923564473884
2015-03-17,0.007651893591173529,0.0013257047154668089,0.008539456332100157
2015-03-18,-0.002469138581812375,-0.004363073410713443,0.007887351700334643
2015-03-19,0.0007989123427328433,-0.0022314937762810813,-0.0020259144868762223
2015-03-20,-0.006076814409702491,0.001107275814768921,0.009356211982330507
2015-03-23,0.009106255411353677,-0.0008454519634524464,0.0037502981175503054
2015-03-24,-0.010404732608033788,-2.3963424854225352e-05,-0.0025812552117723056
2015-03-25,0.007241153081758951,0.0013308884329278788,-0.010327358959249099
2015-03-26,-0.0015158595175464348,-0.0019747582847942312,0.0027526205504013056
2015-03-27,0.010741223841205873,0.0035365861392617592,0.00012518349952458238
2015-03-30,0.006957820898581338,-0.0012219189729504199,0.001725446342974796
2015-03-31,0.01658581541882121,-0.0003902218462102868,-0.0009153447060177973
2015-04-01,0.006776972220247803,0.0014452450983514224,-0.004575427722395458
2015-04-02,-0.013948362300879164,0.0009080008046593394,-0.0017081066576846943
2015-04-03,-0.0004025785560838075,0.0025769116981714107,0.002826549143780158
2015-04-06,-0.010348064733353342,0.0012678576059388207,-0.001417501469496844
2015-04-07,-0.004464518581296472,0.0018761226462246984,-0.0014416714293704297
2015-04-08,0.013801055899490494,-0.001301490056660567,-0.0060775483522305844
2015-04-09,0.005937804298079263,-0.004275084392342082,0.00036480192711310015
2015-04-10,-0.006090373857208717,-0.005710555611011441,-0.004447727765950118
2015-04-13,-0.00892345629796359,-0.006682840590569198,0.00367410479879245
2015-04-14,0.0004950388358863471,0.007050906870917103,-0.0029364036009207274
2015-04-15,-0.010749041344430148,-0.008851093643576504,-0.001182816361983028
2015-04-16,-0.00584026249656923,0.004774893995908408,0.008655934262977488
2015-04-17,0.0030080852439611947,-0.0032834760451898926,-0.0012262968908023514
2015-04-20,0.010597808324960266,0.004745763888479218,-0.0017622992645323042
2015-04-21,0.005678853250019957,-0.0088101601116618,0.002342487943595723
2015-04-22,-0.0204216055773829,-0.0009403756075331304,-0.007141047208902612
2015-04-23,0.0029393005612723382,0.005816097612101072,0.005003237287114103
2015-04-24,0.0008483021590932012,0.002852838253902327,0.003975760173822379
2015-04-27,0.003925012568354237,-0.001349061842763167,0.0020978069794989015
2015-04-28,0.014745887134860865,-0.007771909206113927,-0.013508389973905239
2015-04-29,-0.018369144491242686,-0.005289954088603728,-0.0010376467939031066
2015-04-30,-0.00511993082671995,0.005556588386237516,-0.005091464904021332
2015-05-01,0.005518156905140191,-0.0013929648050149024,0.00449642713583816
2015-05-04,-0.014034349595085479,-0.0002872964136537572,0.004210244349024047
2015-05-05,0.01348354143248158,0.0011341404188105232,0.001552039559323094
2015-05-06,0.0035152095143059256,-0.005211355652350225,-0.004812444788560051
2015-05-07,0.007819255872590636,0.0016291607193607163,0.005977176842099721
2015-05-08,-0.004938492953696151,-0.0016784619226760241,-0.0010490445560779513
2015-05-11,0.007523873209695894,0.001174811142302163,0.0072214842676022635
2015-05-12,0.009816244003901345,-0.0023122036821481367,0.0010615482674505936
2015-05-13,0.002295902181234515,-0.006292464240244628,0.0020272320756665923
2015-05-14,0.0023096080342882635,-0.0017094901272480688,-0.001841217538250121
2015-05-15,0.0026330891535355327,0.0025631104684320075,0.005627822311127235
2015-05-18,-0.007570107382654435,0.0015762403563081434,0.002433735537174433
2015-05-19,-0.0011277581221631762,0.0001237234693389073,0.005771566770058486
2015-05-20,-0.001172702792071229,0.003592527412041371,0.0007101647941881591
2015-05-21,0.003650544779181456,-0.000814376050176906,-0.00018815463702319827
2015-05-22,0.009198418222192651,0.00022510525606087,0.0023805206515952436
2015-05-25,-0.009326824737805682,-0.0019190675187749024,0.005770162036364832
2015-05-26,-0.0009250812728761986,0.003826471907013822,0.004066937228956688
2015-05-27,0.013533099928930759,0.0011661141908870581,0.0005528952286170908
2015-05-28,-0.006492294059313077,-0.002227832440693488,-0.0074288740305116
2015-05-29,-0.007200250155612883,-0.005956118986111218,0.0032415441574852946
2015-06-01,0.0002207557264807423,0.004419845099593306,-0.005754819189815967
2015-06-02,0.005999466714367881,-0.00297626020473856,0.00014002302460935307
2015-06-03,-0.001497165499954066,0.000288257409958188,-0.00046306474948230034
2015-06-04,0.010360645313932904,0.009410398732578285,-0.0056710739322624526
2015-06-05,0.006111145843098742,0.0032060381669332355,0.0014900123594953328
2015-06-08,0.005976380602010556,0.0064445983553079655,0.008617270960829109
2015-06-09,0.0033870485119168394,-0.0021524992501645948,-0.0012504221247196788
2015-06-10,0.019348877903114764,0.004283905587280828,0.003063518649652519
2015-06-11,-0.0034464551997943974,0.00010667597180756425,0.009422759354968434
2015-06-12,-0.019631700628598623,0.0014640676830743277,0.0034504528760354947
2015-06-15,0.012838289253654269,0.008083366852158243,-0.0025793732306309135
2015-06-16,-0.00571929487861143,-0.0011145832965988244,0.0009480591844909929
2015-06-17,-0.0006290760009127025,7.701781470614547e-05,0.0019231207324372605
2015-06-18,0.010185956163744743,-0.0036128586060318506,0.0057352525330958476
2015-06-19,-0.016020335869530326,0.003553874223632306,0.004856201362552342
2015-06-22,-0.012864824926955253,-0.002242507593146543,-0.01107953447393827
2015-06-23,-0.01601150143406968,0.004090841663275515,-0.0034248182087847066
2015-06-24,-0.008747226610228814,-0.006599652966979405,-0.00028010689045440587
2015-06-25,0.0023567294541529415,0.002194552287334428,-0.004061148250150781
2015-06-26,0.003117690585314938,-0.002574773224252223,-0.014800366236362567
2015-06-29,0.0008864676139569835,0.002922070557320843,-0.00290247395100271
2015-06-30,-0.014314892955031296,-5.423669141691324e-05,-1.4442429950646825e-05
2015-07-01,-0.022390930929693794,-0.0021413556594731655,-0.002101138731245757
2015-07-02,-0.0011108177314865597,-0.0015462384675039794,-0.0039877730203053624
2015-07-03,-0.005845984302745022,-0.0034015532002345614,0.00016585849913931547
2015-07-06,0.0025344719454495055,0.003351151021283436,0.0013723527010085213
2015-07-07,0.004717582635991431,-0.004194549397701659,-0.0018743884558618876
2015-07-08,-0.00035582711147186274,-0.0010683145549311899,0.005486975289894688
2015-07-09,0.005241197768382683,0.0013809583188098948,0.00023085766351790455
2015-07-10,0.0004629023670356157,0.006453978101794077,-0.003486054678539521
2015-07-13,0.0031705823504131997,-3.71944035672565e-05,-0.004498149289399337
2015-07-14,-0.007942059365828941,-0.0009700423461537628,-0.0008518792130346468
2015-07-15,-0.0032165027244831267,0.001094539460464112,0.00445368261414982
2015-07-16,0.00017098486991261536,-0.008293856862697718,-0.0032947548365725348
2015-07-17,0.005784756278756768,-0.004794582802762877,0.002383517935986805
2015-07-20,-0.005143670550021149,-0.0015014659955138038,0.0003782276400572512
2015-07-21,0.003090505301589013,-0.0028518766029306105,0.007972931878018707
2015-07-22,-0.0039925491272384105,-0.006403333156973649,0.001561005854642278
2015-07-23,-0.002657879505953173,0.00343111460467034,-0.0027929049577034375
2015-07-24,0.005865671378216657,0.0010390269182292886,0.002945478115058745
2015-07-27,-0.0195375433394874,0.0005610609891300317,0.0030800879635838807
2015-07-28,-0.013268250952672847,-0.0027759646046174946,-0.0015880440491832584
2015-07-29,-0.014939668576985385,0.00031757185865466066,-0.00465598281732004
2015-07-30,-0.022602545078634743,0.0020577978377642374,0.002144140764906283
2015-07-31,-0.00770437996139659,-0.0010595842156131234,0.00025406070706000784
2015-08-03,0.005144905097549663,0.0017782889569614591,-0.006066200366950215
2015-08-04,-0.004163956597443173,-0.003184241927300461,0.0010180839959624513
2015-08-05,0.00018011073747666896,0.00038994125195885345,-0.002547971592084825
2015-08-06,0.008202957470397133,0.004569993131704399,-0.006062408167449924
2015-08-07,0.010349175190409225,0.004928078814304157,-0.0014084653735532073
2015-08-10,-0.0022222414125352558,0.005310355219798649,0.005131674936827453
2015-08-11,0.010582273006124576,0.0011422736617316678,0.004832246000352229
2015-08-12,-0.000770860074093017,0.00012645581943098296,0.00378700840802947
2015-08-13,-0.009136584014447158,-0.0017951556646376573,0.0010769315603684929
2015-08-14,-0.006949603169788618,-0.007229939026069667,0.002383188813420398
2015-08-17,-0.014924828613085145,-0.005379598785601969,0.0003945783259120064
2015-08-18,-0.009593204683602871,-0.0006722198878610372,-0.004420203304857875
2015-08-19,-0.004822150192669862,-0.0004331537965137212,-0.0036220075954097384
2015-08-20,0.005632265174407413,0.005648892115225968,-0.002428723702230817
2015-08-21,0.013886928480493853,0.005259196517502503,0.005605436306545318
2015-08-24,-0.014039633638393358,-0.002745944565946339,0.004306762924481778
2015-08-25,0.0019354472143392702,0.003273302860356074,-0.004319510253307302
2015-08-26,-0.010964895452417809,-0.0019082754582956428,0.0002135644616647983
2015-08-27,0.0026722737961688173,0.0027304653720152043,-0.0016104285710109103
2015-08-28,-0.002779779856189539,0.00322407091242698,-0.000620402157202734
2015-08-31,-0.018078152432627774,0.00496837124859095,-0.0021441712758089077
2015-09-01,0.008554672924116359,-0.001970573419130788,0.0056227664912251105
2015-09-02,-0.005245006415278579,0.004057214748723696,-7.562614749454137e-05
2015-09-03,-0.004605102145361991,-0.007491256144485088,0.0008646272184050935
2015-09-04,-0.009427771701607208,0.005184862726155447,0.0008970328245332924
2015-09-07,-0.005688549490187999,-0.0001000668912740656,-0.00411108069984408
2015-09-08,0.004051013966254255,-1.4911991942790096e-05,0.0004342147913621098
2015-09-09,-0.0015031990684276494,-0.008149746022761811,0.004249267287147366
2015-09-10,0.0031579580205423293,-0.001554663548989523,0.005890763941922823
2015-09-11,0.003457296685359593,0.005421917598454204,-0.004591259870877771
2015-09-14,0.012085954899753502,-0.001706807566811257,-0.006074404949554915
2015-09-15,-0.0028850753577794133,0.0028538510439008336,0.00024853832016608757
2015-09-16,-0.013091720351611585,0.0001382205108564362,0.004436750302940136
2015-09-17,0.009805001749147847,0.0042506765583987935,0.0014383858171347515
2015-09-18,-0.002783393548875292,0.0007660038608164985,0.0027211843043192215
2015-09-21,0.010231332001196393,-0.0037272461243924096,-0.0054409960836260905
2015-09-22,0.0036503940186422335,0.00022580271939577309,-0.002287949937079978
2015-09-23,-0.000980237771830104,0.00640486761480485,-0.008784449223171608
2015-09-24,0.003338983046416656,0.001990580312144806,-0.0005699521969838337
2015-09-25,0.017759113041136695,-0.00046578522917465855,-0.008656877763373087
2015-09-28,0.018892824761483774,0.00902297527653323,0.0053306468073619105
2015-09-29,0.0008244302161950082,0.0046368628102448845,0.006219285871635739
2015-09-30,0.0016417153398536777,0.003266935661593841,0.000562573968247063
2015-10-01,0.00988616141719747,0.0012693698609774994,-0.006050292430711721
2015-10-02,-0.007410949294906124,0.0029210953390044303,0.0015028506156527066
2015-10-05,0.003197633353564296,0.0030509282927313626,0.007436530233843767
2015-10-06,-3.276563158470758e-05,-0.008731261382208552,0.0019029419987477095
2015-10-07,0.0030251739031179822,0.0015797448513177944,0.004739935961963682
2015-10-08,-0.007300319253544652,-0.0006432234373426334,-0.0019406612467848794
2015-10-09,-0.014106107439780718,-0.0019991050925463024,-0.0034848401913335344
2015-10-12,-0.018456850923921627,-0.0007817491201769511,-0.00028344803665059743
2015-10-13,-0.009856457016906468,-0.006223394747288805,-0.00770682141976292
2015-10-14,-0.003928077564453997,-0.0072184404001487176,0.00905635424525578
2015-10-15,-0.0024387242798388563,0.004986009669793988,0.0005586001859219724
2015-10-16,0.01763508046186565,0.0018486312788357042,0.00346709181746803
2015-10-19,0.010153940329165683,-0.009652048508849117,-0.0018460341135848265
2015-10-20,-0.008458820047074643,-0.0023055381656069632,-0.006172345479433151
2015-10-21,0.0033293760720586123,0.003522206933586122,0.005703259322723503
2015-10-22,-0.0034637041271529255,-0.0011200574948825252,-0.004496401125106527
2015-10-23,-0.002359274542360856,0.004980019815193445,0.0013953550542769677
2015-10-26,0.0018679308447384381,0.004199007197106536,0.0017723392452778104
2015-10-27,0.005772540052778539,-0.005426844837242855,0.000295805214715534
2015-10-28,-0.002853326354956138,-0.0005732963953953272,-0.003138336944728794
2015-10-29,0.009774663794609227,-0.0017923576992348164,-0.0005985289481049242
2015-10-30,-0.010077444035281635,-0.005556953177408402,-0.0038002033041695214
2015-11-02,0.00025705156126041597,-0.005817097299421085,0.003236710770235751
2015-11-03,0.023579063539362486,-0.0032240861849669104,0.002286187709992856
2015-11-04,0.002207717683627476,-0.002563701638050553,-8.560973239158885e-05
2015-11-05,0.013098930559455555,0.0011329191089734507,-0.0022734058867801216
2015-11-06,0.0010236816035588735,0.0041768538928576805,0.008429271599128067
2015-11-09,0.005426993857968169,0.002054579823249479,-0.005208255944613344
2015-11-10,-0.0003110487495342238,0.0030014889611232956,-0.006178452387443369
2015-11-11,-0.0013336682304778396,-0.0010664712858814694,-0.0003280239225120924
2015-11-12,-0.006815341570528777,0.0024120007864515593,-0.0010321893062836258
2015-11-13,0.004072712230617979,-0.0005934999263610446,0.004390329819017529
2015-11-16,-0.007463834702671911,-0.0017658895330111312,0.0025844658197866893
2015-11-17,0.006190267126820861,0.007588403795582504,0.00011810234792815871
2015-11-18,0.00996758304001319,-0.009321903826189994,0.002001351131277893
2015-11-19,0.003498782665135069,-0.007493217189229444,0.0019286629929986334
2015-11-20,-0.0023762386020012263,0.0015307990165344177,0.008414226880727804
2015-11-23,0.004285690213778264,-0.0010599293941298004,0.001013453561981738
2015-11-24,-0.002578057499917713,-0.00574793740066769,-0.0027243085307179764
2015-11-25,0.008619924129186343,-0.004218443804655073,0.0007940043993128433
2015-11-26,-0.016282654757936114,-0.003697623187447127,-0.010474717653080966
2015-11-27,-0.002820466313067816,0.0035693461485236553,-0.00013059016568144912
2015-11-30,-0.01771730795611598,0.004849641724257756,0.004371929884423953
2015-12-01,-0.013255547472044844,0.006558250260922473,0.0024087364754816864
2015-12-02,0.012474760068325184,-0.006356044888837352,0.0011942241745826988
2015-12-03,0.008256664837745174,-0.0054684941300461275,0.002596956622281977
2015-12-04,-0.006275322099563114,-0.005742505898002091,0.004413026179510865
2015-12-07,-0.013322531104368072,0.005155428023080037,0.005700933629192751
2015-12-08,-0.02648075954057486,0.0016688978176781185,0.0017898236011578343
2015-12-09,-0.004691459571393711,0.0003207968658788861,-0.0012644457380507654
2015-12-10,0.02198373511022662,0.0009185147753897893,-0.009254087962239104
2015-12-11,0.004113958443172826,-0.0002271131085549747,0.003912693708030916
2015-12-14,-0.004836150574445405,-0.00448456818962602,0.002060810054415613
2015-12-15,0.004385721885502756,0.0020526911591396174,0.0006106379500632028
2015-12-16,-0.013848625176949984,-0.0007445540226147454,-0.0027522059807769494
2015-12-17,-0.0024759102642787187,-0.004801286053917172,0.0038606080133622234
2015-12-18,0.0010952972571416464,0.002297141781432232,-0.0010289457033125283
2015-12-21,-0.0005749058663894366,-0.0017031505450903512,-0.00013768844418393588
2015-12-22,0.007317255095210725,0.0009099339473655086,-0.00022395435667297328
2015-12-23,0.0033018070361244714,-0.0004999166451921,0.0017994068726619923
2015-12-24,0.006214934162971972,0.0035655150888992343,-0.004594528044120515
2015-12-25,-0.005995350540076835,0.0008806518969157665,0.0022502074476293847
2015-12-28,0.008280338675694932,-0.0035348006994272226,-0.0028835534272321087
2015-12-29,0.014860432528615922,0.0012880128941541282,-0.002743214827596623
2015-12-30,-0.008531345676862713,0.0014187548978922488,0.0035409601902309964
2015-12-31,-0.0077892609014310376,0.00204533189615549,-0.003980113844382282
2016-01-01,0.012222059026882096,0.0041434970189276514,0.003533769604041863
2016-01-04,-0.0015220958802555423,-0.002463931140708693,0.0004054668988356201
2016-01-05,0.012834392528599012,0.0026717426687221284,-0.006593106995480289
2016-01-06,-0.003782821407029655,-0.00689926895136322,0.0054579034065859984
2016-01-07,0.013295410186436402,-0.00047993926115322586,0.001241014909053977
2016-01-08,0.0013833723512490697,-0.0010986395392305688,0.00157650346355948
2016-01-11,0.0025240594099042567,0.00579138088072112,0.004028969242339037
2016-01-12,0.014282462195029138,-0.0006253417159059418,0.0059968829782451934
2016-01-13,-0.003055934296997541,0.0024319551126864383,0.0008041075848645093
2016-01-14,-0.008270098863324624,-0.007047114491490228,0.002469149289984273
2016-01-15,-0.003837077872255189,-0.0014070318587543272,0.0014847437224697045
2016-01-18,0.0042710055557882475,-0.0033854394697343175,-0.0013714708268067189
2016-01-19,-0.013891831649624627,0.0099020444931821,-0.006333745211580578
2016-01-20,0.005937238123860092,-0.0026671870284854294,0.0008596882364168336
2016-01-21,-0.004648941858559689,0.00029311629064580864,0.005515751322578225
2016-01-22,0.01053031394660207,0.0005063032091006796,0.002333331853430627
2016-01-25,-0.021348342744104243,-0.006357913163746613,-0.004269692763905767
2016-01-26,-0.006879091975937518,-0.0021041416421724557,0.004390086022579622
2016-01-27,-0.014978213361106916,0.0016190660505970204,-0.0012378794074253611
2016-01-28,-0.0072360651972755725,0.00034288910096514074,-0.008368103489980018
2016-01-29,0.002428993109980488,-0.009201643888031746,0.004071615260730083
2016-02-01,-0.001413039629047794,-0.0022679657780184034,-0.0037815224963724512
2016-02-02,-0.0020803981205321344,0.004083286645787571,0.007122913492471639
2016-02-03,-0.001232663842420547,0.0023528917092517396,0.004591093602389673
2016-02-04,0.0020304941655794905,0.004872133407300816,-0.0009111970946526398
2016-02-05,-0.008876824377487968,-0.003942589349693163,0.0018374393830178515
2016-02-08,0.006561646768091456,0.005123718141116232,0.009695674262620415
2016-02-09,0.006163993733469354,-0.000177624193156727,0.00400002815134794
2016-02-10,0.003665341438904909,0.006368890003755758,0.000952800099138357
2016-02-11,0.0052088009847613675,1.3217736335093372e-05,0.01155661597682508
2016-02-12,0.0028677620072779355,-0.008189901970857253,0.00047032404382595414
2016-02-15,0.018515659724579605,0.003397018285228576,0.0023272592755153457
2016-02-16,-0.0005838475394725891,-0.0017740547118985704,-0.003744852756237037
2016-02-17,-0.0025637489650111906,-0.0015049184454739354,-0.006698875462379558
2016-02-18,-0.0065817482232164,-0.0058123857242790775,-0.0011512091677934157
2016-02-19,-0.00909036403520053,0.006488797996024171,0.0001536323374740744
2016-02-22,-0.011000246088409677,-0.002084404695211389,0.0013170543376394347
2016-02-23,-0.007799175819078266,0.006300143099650081,-0.005679084187096989
2016-02-24,-0.0004361234348686418,-0.0017249726463714125,0.00264269728847179
2016-02-25,0.0032086561564794304,-0.003710980808597112,-0.0033215420961747073
2016-02-26,0.0006602785269694561,0.0052781166961192545,0.002434937437577659
2016-02-29,-0.006689817496867416,-0.00029333899600091735,0.0037397059313746027
2016-03-01,0.008301661076179669,-0.0002542880294206239,-0.0015820363602105166
2016-03-02,0.006854714050708527,-0.00512650376113248,-0.0038552757290703983
2016-03-03,-0.0012368347667981528,-0.0018304934187850248,0.0061745972695345114
2016-03-04,-0.005676245301982409,0.0017147832945239956,0.0034916483771967833
2016-03-07,0.005135851287468195,-0.00519671997503541,0.0006079053353896279
2016-03-08,0.0018917622873749402,-0.0021563507766872666,0.005873711054719412
2016-03-09,-0.012833145334735428,-0.0016817857496298303,0.00033304689590205516
2016-03-10,-0.000411822303859644,0.00026576321885599173,-0.002482028840778604
2016-03-11,0.0025583223086694295,0.005918238582553055,-0.0040068082574910395
2016-03-14,-0.007897253078389782,-0.0011998125319319362,-0.0004311965414145717
2016-03-15,0.001908590535536987,-0.0027620026496502485,0.0030868819119263726
2016-03-16,-0.012893402367320101,0.010985482528098684,0.005559036860431273
2016-03-17,0.012225674900109538,-0.0017327414140937193,9.404086413789881e-05
2016-03-18,0.011431549865534886,-0.0007626326446767842,0.0048524997117427105
2016-03-21,-0.0020726560087266825,-0.0014313854767641306,-0.000857077726008124
2016-03-22,0.0034710890405516585,-0.001107076404438511,-0.003126392074623417
2016-03-23,-0.021489297692198876,0.0003110194520638442,-0.005225252935201554
2016-03-24,-0.010207128942387995,0.0036831859103730984,-0.002024959849367465
2016-03-25,-0.002444010281369168,0.001615950893093623,-0.00507462970979862
2016-03-28,-0.009449197192841732,0.004308382253465684,0.008038046524760799
2016-03-29,0.006629568343675929,0.004176114698429733,0.0017571857052373822
2016-03-30,0.01817566877673194,0.0008342084224635047,-0.00038245939665724674
2016-03-31,-0.010389532474863716,0.001505247880255102,0.006888007049382297
2016-04-01,-0.0073371706367667345,0.004434946705074491,-0.00520906947588602
2016-04-04,0.0023190353147893726,-0.00444483971200993,-0.000548571343582975
2016-04-05,0.014700045336496586,0.009992844808953204,0.007998695168407444
2016-04-06,-0.010801368812859128,-0.0020503405221104273,-0.0005761620268986695
2016-04-07,0.0024413251007624776,-0.0014038596862759043,0.009787255113618111
2016-04-08,0.016591689657317978,-0.004847603898695063,0.0031424193577661544
2016-04-11,-0.014665832333613404,-0.0047286032318175925,0.0052237036345289325
2016-04-12,-0.011329622861612487,0.003896136275558946,0.005339579293819483
2016-04-13,-0.003612459458147544,0.009080773110569007,6.409840992150487e-06
2016-04-14,-0.004485295715698699,-0.0022689604432333914,-0.0019528466583823062
2016-04-15,0.0075134115897828,0.0013892661125100726,-0.00046176127952165304
2016-04-18,0.0023749374783875424,0.0008806663828486523,-0.003947730013254508
2016-04-19,-0.015774658536779153,0.004000978249667035,-0.00026385153291917624
2016-04-20,0.004838693626107297,0.008874857858069593,-1.7624196979843348e-05
2016-04-21,-0.004997849986200855,0.0060838936719263435,0.006756939981276816
2016-04-22,0.011670024952471152,-0.0009546371239229896,0.0023731028429099096
2016-04-25,-0.005448287827932277,0.0021150705428385403,0.00945047023114749
2016-04-26,-0.005529537547920121,0.002512231370968907,-0.008638176390575793
2016-04-27,0.0050701844972407826,-8.036252467047853e-05,-0.00486817480011977
2016-04-28,0.007066338341032429,-0.0043837445339869234,-0.0014213813106614657
2016-04-29,0.0042328942754258315,-0.003195104874252086,0.0059699778560568205
2016-05-02,-0.014970375856463273,0.00459261060371686,-0.000438308801133389
2016-05-03,0.005042309959354259,0.005005231983288199,-0.005871307342605006
2016-05-04,-0.00910877246506959,-0.000830269459356747,-0.0009804977445958514
2016-05-05,0.0023174850042943715,0.0010442215762403514,-0.004790393031019656
2016-05-06,-0.012613609918591541,0.004789055285318576,-0.0055745030725992215
2016-05-09,0.004216899327887573,-0.006817075488133193,0.007995311270615599
2016-05-10,-0.007059390138766353,-0.0017854097233554254,-0.0014064354667226067
2016-05-11,-0.011343711852344694,0.008071485525930577,0.0006926114512100544
2016-05-12,0.006624381228341595,0.0011972308648132688,-0.00037182538867234626
2016-05-13,0.0023748006950907617,-0.004516864338813737,-0.0010059824984337928
2016-05-16,-0.005325791212536074,0.0004691291742948572,-0.0033626441291505346
2016-05-17,0.013260609641189577,0.004085742369073105,-0.0012425384166865883
2016-05-18,-0.003765871794127681,-0.010186131749314327,0.0013489419140965881
2016-05-19,0.0004889690657384119,0.0007051432687643708,0.005674541248255815
2016-05-20,0.002620221029107408,-0.0014896582183699502,0.0037897425462162966
2016-05-23,-0.005376993407157522,-0.006567992505747791,-0.004876267589820333
2016-05-24,0.004440226640599364,0.0003277090205212362,0.00395412967294642
2016-05-25,-0.00460107112448252,-0.0005459209270417914,0.0019017520461094754
2016-05-26,-0.0035047448999458827,-9.636100879055575e-05,-0.002498884002453982
2016-05-27,0.01246378375823007,-0.0013930424809790514,0.0007283883847462753
2016-05-30,-0.009165274472611897,-0.004085350207816561,0.0022891487345995955
2016-05-31,-0.02151502297836541,-0.005819211334392988,0.00018821179129150222
2016-06-01,0.014698432955107048,-0.002762759761098498,0.0019209733366268849
2016-06-02,0.023143951573463023,0.003437008456304258,-0.0034518040676952025
2016-06-03,-0.003447423389043986,0.0009322811749069814,0.007971328176986052
2016-06-06,-0.017231542365581668,-0.00027669331778636076,-0.007717138915912901
2016-06-07,-0.0025943557857634933,-0.004159072596285959,0.0023114048933125663
2016-06-08,-0.0023760065485660224,-0.0014956597314168443,0.0014670538520412909
2016-06-09,-0.001509314569200313,0.0029486302334288503,0.0025717735738068574
2016-06-10,-0.009820492377296633,0.002019135049941963,-0.002833481406593049
2016-06-13,0.0054160502822882955,-0.0019087954790908612,0.004676788113332224
2016-06-14,0.004920566377574775,-0.010445608605871208,-0.0004319227267132488
2016-06-15,-0.013249650578373757,-0.002699390520646326,-0.004744859756279738
2016-06-16,0.0064927705852539895,-0.001930778070442551,-0.004379241553103826
2016-06-17,0.018674164837513017,-0.003628423750811047,0.0004988202753503522
2016-06-20,0.0017476429919335388,-0.0016527031325588202,-0.006386086093845965
2016-06-21,-0.002835926458616554,0.003266200512780873,0.007202023933769685
2016-06-22,-0.0010780289296676915,-0.00014918581182605715,0.004195685122170545
2016-06-23,0.00573731090271705,0.003958784191619767,0.00730737728340399
2016-06-24,-0.015376044449564962,-0.006033488342581618,0.006885693956435603
2016-06-27,0.00167951632679572,-0.001220256231819775,-0.001407625859206371
2016-06-28,-0.0033141755451652904,-0.0077560884433800015,-0.003477317850600707
2016-06-29,0.016830425116604406,-0.0017063101193473932,-0.010711090728656742
2016-06-30,-0.0013675546042446207,-0.004182629821190694,-0.0016249364995718615
2016-07-01,0.015210988500075677,0.005125011333713529,0.007062611423343809
2016-07-04,-0.009733666280038064,0.0016388480233740237,-0.0033114026299888182
2016-07-05,0.005485332501225129,0.004059317982372055,-0.0008396839794550232
2016-07-06,0.0030746023741210593,-0.0017173913010917186,-0.0022182809963315325
2016-07-07,-0.0076214252307830405,-0.004078872388466572,0.0014999806144308618
2016-07-08,0.0017965650317324638,-0.0042062519781537544,0.005144338736857243
2016-07-11,0.011112669531484404,0.0010617571230834306,-0.006156842470058066
2016-07-12,-0.002714125338579406,0.007240645976773697,-0.005391103926522371
2016-07-13,-0.015027663842527867,0.0016495291680819523,0.005946480157097421
2016-07-14,4.193456170298684e-05,-0.0014990709171503322,0.002932267497807239
2016-07-15,-0.007921807853132613,-0.0007550834205063351,-0.001037522245393835
2016-07-18,-0.002881068447974941,-0.0001252013270071903,0.006828331047705641
2016-07-19,-0.0005342899271660888,0.008106570240712638,-0.005460115545559618
2016-07-20,-0.015150869944139653,0.00493443426333953,0.0037248539647641316
2016-07-21,-0.014340925053886101,0.0010398360166014625,-0.0002729524354559968
2016-07-22,0.004538601519729727,0.00043892787122442505,0.002426175344051571
2016-07-25,-0.004504468265527123,0.0011974135614795038,-0.009548608448501094
2016-07-26,-0.022882699076385103,0.0019771026771323065,-0.0010428134395773971
2016-07-27,0.007263596329473215,-0.001652791811902383,0.002947186864145486
2016-07-28,0.0026513277974681585,-0.003376315789506546,-0.00025332087357931573
2016-07-29,-0.006224873416328355,0.0041288810422194615,0.0050211910912034054
2016-08-01,-0.011651471899524172,8.793092228793462e-05,0.004887220028563146
2016-08-02,0.007722271066829034,0.003794911743259874,-0.0038342545008823677
2016-08-03,0.0033441556030438663,0.006584634995105772,0.0032959706053347216
2016-08-04,0.021643420544156657,0.0020824589363982403,-0.003970650628912962
2016-08-05,0.003981697388524436,0.0014341939182802815,0.00021606176461902576
2016-08-08,0.0036893282713581334,0.012800971922068258,0.002624512997230484
2016-08-09,-0.001302351370977086,0.0008280805131192715,-0.0033411317250423276
2016-08-10,0.007550982804807118,-0.0043621872313853935,0.003147704742257529
2016-08-11,0.005825766811233382,-0.0011249009286879495,-0.002021422984607612
2016-08-12,0.011465525077086754,0.006206738846982166,-0.002322790109649393
2016-08-15,-0.004491906267735562,-0.005176669401120187,0.002826603934158862
2016-08-16,-0.0037186672564956604,-0.0030098384166119215,-0.0033438917747336747
2016-08-17,-0.004111928538207821,0.0044257072238740695,-0.00354734187745238
2016-08-18,0.007317215490610902,-0.0010864825700521363,0.00416462416012033
2016-08-19,0.013685369962670588,-0.0004409831479059806,0.00043422860769973574
2016-08-22,-0.003929564438343706,0.0042934912805225175,-0.005816477981213179
2016-08-23,-0.003622963550137821,-0.0028672847026158434,0.0034225655135528424
2016-08-24,0.0030266950148281927,-0.005874409806088246,-0.0016264049289737798
2016-08-25,-0.0020118535001161127,-0.005555543883450143,-0.0056120533582458615
2016-08-26,0.00876848287825901,0.0023271217736384876,-0.010029260044646559
2016-08-29,-0.02006599561557142,0.0010365283753231782,0.003613657188129635
2016-08-30,-0.0072403454222520515,-0.00277026605311732,-0.0034396722644462843
2016-08-31,-0.006841747005653012,-0.004635166483228537,-0.004975379085194005
2016-09-01,-0.020683204111475305,-0.0010822925005954688,0.0025576113215439664
2016-09-02,-0.008472745999319235,0.0044660691450018886,0.003223166385235415
2016-09-05,-0.008036405042613335,-0.003343271815317024,-0.0031484119943785173
2016-09-06,-0.0016099418906694728,-0.002650736087810249,0.0036505626384239123
2016-09-07,0.010216693024942372,-0.004762086269385516,0.00821957168445251
2016-09-08,-0.002005545860716321,-0.0014696515564086854,0.005386653083884388
2016-09-09,-0.009077323482440383,0.0013523159628663194,0.004764228380787823
2016-09-12,-0.0003125908709217609,0.008460676628172362,0.0012565164885301203
2016-09-13,0.009642562592972144,0.0008711260512797484,-0.0017748728221156891
2016-09-14,-0.008583629345034142,-0.00021471242094807684,-0.00022354421158702408
2016-09-15,-0.007995173955293037,0.0034517464239405254,0.0017629664146510484
2016-09-16,0.00522694063346801,0.002784862207320977,-0.005030047834619601
2016-09-19,-0.0017938250415772045,-0.002310643257466732,-0.003077527630425839
2016-09-20,0.006027362216385269,0.009208240293720306,-0.005711000571930338
2016-09-21,7.717887384232918e-05,-9.753340917581173e-05,0.0009407464891656517
2016-09-22,0.006514972832806103,0.000945501281423182,0.00033221568958214764
2016-09-23,-0.009115703026365767,0.0022053943491445282,-0.002610834661874453
2016-09-26,9.123814290559306e-05,0.0013834894704518133,0.003281996821518964
2016-09-27,-0.0016962101292684112,0.006101590675498359,-0.0041784014637132345
2016-09-28,-0.010743018316937174,-0.002359634956519878,-0.0027593389607089595
2016-09-29,-0.013871301530818194,0.00313352899541082,0.0031221059396500236
2016-09-30,0.006371741317471955,0.000658273781539916,0.003715263120504551
2016-10-03,-0.0029585714399618024,0.003930892780438094,-0.0031829048108353735
2016-10-04,-0.009000522534825965,-0.0008599417998731126,0.0009281704189729617
2016-10-05,-0.0006656104323099902,-0.0014016614246124834,-0.003115228963116126
2016-10-06,0.010352169716143724,0.0029282939497040483,-0.0007893581343092167
2016-10-07,-0.020326640608347307,0.0014319730283599218,0.0005753495766062539
2016-10-10,-0.013269748209129935,-0.003281177209301073,0.0022414647952637375
2016-10-11,-0.008105977977057408,0.0053824491456570325,0.0012702360539724377
2016-10-12,0.01335060980048296,0.0029300375004338393,0.0010926493621609711
2016-10-13,0.0027432828462736684,-0.0002968167619842137,-0.004313993348428022
2016-10-14,0.007105855164151041,-0.0018729244469244638,0.0015531065572299912
2016-10-17,-0.010061448272136073,0.0014565235874943409,0.0022042614047851966
2016-10-18,-0.009875822877434735,0.002641940896107134,0.00275573812034853
2016-10-19,0.004230323450504393,-0.006376300295883318,-0.002878080717883549
2016-10-20,0.0007244689784190189,0.0015027236900913277,0.003662342466334431
2016-10-21,0.005138649369777138,0.002610218809654138,-0.005268939447107301
2016-10-24,-0.001489038918356069,-0.009409794399871085,-0.0017232726161761957
2016-10-25,0.0027032935380916427,0.0007847586349811593,-0.0011020763291766564
2016-10-26,0.0016230717641459826,0.002778436537582317,-0.0050496362500131965
2016-10-27,0.007199906501764328,0.0023235132570581835,-0.0011628440460192163
2016-10-28,0.0074630745375002345,0.0032097934191233006,0.0008859236573792047
2016-10-31,-0.014378847949525927,-0.0013102663680729933,-0.007303088727333343
2016-11-01,-0.0200254169980677,-0.004159625738701824,-0.0015787535350833823
2016-11-02,0.009215708578863564,-0.007198977327061586,-0.006993603729053295
2016-11-03,0.010889525839357428,0.004368892962272232,0.008166155137267778
2016-11-04,-0.008985607175620035,0.0028122619751773724,0.0008499648677359348
2016-11-07,-0.016538518658910657,0.004673955723313874,0.000503317135324031
2016-11-08,0.0010913133890648082,-0.002900565435376577,0.0009282936466365632
2016-11-09,0.008577544037154765,0.0032153456905014547,0.002418082522403329
2016-11-10,0.01637835070190883,-0.006010723807827195,0.003912619399338114
2016-11-11,0.004846678148913058,-0.0034779742348392457,-0.006254215715258653
2016-11-14,-0.0031454502692712543,0.0005039088660313466,0.005240710389707029
2016-11-15,-0.007838175594263763,0.0026528305193056828,0.004983301176069018
2016-11-16,0.0003030616250358898,0.006716049791588096,-0.00026538644343016807
2016-11-17,-0.002493382334967307,-0.0009602562615936204,-0.0004749147627327986
2016-11-18,-0.008935611151559344,-0.003462998887156258,-0.012411043186496292
2016-11-21,0.018638800857769578,-0.0036685955113257163,-0.004975964648806354
2016-11-22,0.016266515618649176,-0.0027513837800971722,0.0020753971050526286
2016-11-23,0.010424438151998856,0.008884107185900478,0.004802469865239567
2016-11-24,-0.008087653580282147,0.003027494324537833,0.002915347688467189
2016-11-25,0.007895173918675509,0.004450127401449837,-0.0003028602631131576
2016-11-28,0.005956637685481116,-0.0009559423487195774,0.007703490802273779
2016-11-29,0.004182910617836476,-6.594729594983866e-06,0.004020702225468555
2016-11-30,0.011446987403393994,0.002797058023834094,-0.0015753056749796214
2016-12-01,0.005918340285751496,-0.0020231950231237575,0.008728442607813655
2016-12-02,0.006860128126739019,-0.0011652315461867047,-0.0043846689388264025
2016-12-05,0.00593215655034989,-0.002698817265055361,-0.005887360882149826
2016-12-06,0.003267122672018953,-0.0017899707990284603,-0.0016844215484956915
2016-12-07,-0.01585250016742765,0.00019591445001329127,-0.0030345607120823405
2016-12-08,0.0009525896966950149,-0.0032868405046558398,-0.0014597264579475958
2016-12-09,-0.004805727629642127,0.0011439159165175458,0.003192362785604462
2016-12-12,-0.011318568618760183,0.0011383269822044678,-0.00013591828641871398
2016-12-13,0.015336349573707414,-0.0007169945714247329,-3.318707047914101e-05
2016-12-14,0.01576095806797133,-0.0033098394222536845,0.00023525926483561728
2016-12-15,0.012432985402660508,0.0004198521958074463,-0.009249301971899148
2016-12-16,0.0024969207517028715,-0.0020196182518071653,-0.006061042031672269
2016-12-19,0.01235562608857391,0.0001863766684241373,-0.0015412450617176868
2016-12-20,0.0003084786254164299,0.00439250986961374,-0.0033717152053909503
2016-12-21,0.002025175492080014,-0.005011760468416132,-0.000927149948584471
2016-12-22,-0.009641242334157845,0.008693945347573501,0.0056165135184323605
2016-12-23,0.00377292174048956,-0.00029009436715096286,-0.0002977979895727897
2016-12-26,0.0007434733558197538,0.0016473570956236825,-0.005288672870891943
2016-12-27,-0.011523869051510179,-0.0030110003609673396,-0.0031723991490586944
2016-12-28,-0.00026077400634937206,0.004568846198166592,0.0068423036359690145
2016-12-29,-0.0005175660747112762,-0.0005025058778026798,0.006129975885836061
2016-12-30,0.016378050499801757,-0.001576473239196695,0.0023835097425955287
2017-01-02,0.008247919956620685,-0.0023020600851022953,-0.006249932282781321
2017-01-03,0.00030300895182319417,-0.0010739681031567798,0.0012272197404165986
2017-01-04,0.0024390857882097467,0.0016733892918116336,0.0015347883966028077
2017-01-05,0.0005979114029377824,0.0006912427625223018,0.00010216083356096061
2017-01-06,-0.0016262258631599294,-0.00015943893244109049,-0.002280044222437438
2017-01-09,-0.009541844776494581,-0.002845685671799281,-0.0014505241754789774
2017-01-10,-0.0011594668984623632,-0.0030766938956999033,-0.0025588596287482884
2017-01-11,-0.00651488430987262,-0.0018434971303189227,-0.004580295833436097
2017-01-12,-0.011052839850308317,0.0018411028486428568,0.005463951341872977
2017-01-13,0.004800996330927811,0.002649039503081613,0.003529255180118781
2017-01-16,0.0037213819393991142,0.0031881767875920754,-0.0011397177703332407
2017-01-17,-0.015880367602312703,-5.867574155233108e-06,0.001408713233471078
2017-01-18,-0.000904161737456145,0.0015342477636712982,0.00155880356156214
2017-01-19,0.009161312473099311,-0.0006738028195316459,0.009371534232304248
2017-01-20,0.009733013650066888,-0.006969191963713473,0.003490274723662819
2017-01-23,0.009432531585967147,-0.0008637071581575922,0.0033390784749124185
2017-01-24,0.0005502188621131381,-0.0015013065014310074,0.00015192405227733814
2017-01-25,-0.00740540795172236,-0.004156180817716207,-0.001737695833640703
2017-01-26,-0.009553289446222545,-0.002269576703011217,0.00553084101064646
2017-01-27,0.0033014441427532174,0.0005403656571639099,0.002609088470264738
2017-01-30,0.003613520309286467,-0.0045329871427403036,-0.0033181678162175973
2017-01-31,0.011785980004445588,-0.0028431418856632376,0.0018154662173593523
2017-02-01,0.010099816853078751,0.006191608062210872,0.0033495443536832492
2017-02-02,-0.0009900579087805488,-0.006410825303521225,-0.008383323825171447
2017-02-03,-0.010997852909747823,-0.0007327286384284189,-0.0036895471703386686
2017-02-06,-0.00267195937309808,-0.00466523746305634,0.0014510593041596254
2017-02-07,0.002155080753294722,-0.0030065471913044385,-0.007697845215315024
2017-02-08,-0.0016187492085046366,-0.0007909489184724564,-0.007064524663541175
2017-02-09,-0.005001046972698903,-0.003950304490515076,-0.0010818469615770454
2017-02-10,0.00247596333472909,0.0022957224614657125,0.0019661770363797694
2017-02-13,-0.004335619672695494,0.005404602479089651,0.002151134827604473
2017-02-14,-0.005452594753528365,0.0033667125444109265,0.006329598210765844
2017-02-15,0.003003075508730956,0.004098452470883472,0.0003290555515579958
2017-02-16,-0.003417933221162843,-0.005518942716115257,-0.0014906114138420869
2017-02-17,0.002396939500805169,-0.0009722840872765354,-0.0052294383446209935
2017-02-20,0.002658836205669104,0.0018696842694137285,-0.0015385104657081423
2017-02-21,-0.010054861009824171,0.003484763656458146,0.0028301172319869093
2017-02-22,-0.00413117011478871,0.0070134119704393,0.0030108888139484735
2017-02-23,0.013139992459248162,0.004276158366515782,0.0010584760269139704
2017-02-24,-0.010258715614608583,0.0035859544946955373,0.0021884597411788668
2017-02-27,-0.018849890040734778,0.010534382322157441,0.005105534236298366
2017-02-28,-0.016556606379182603,0.00038523632642918366,0.0003010873724798343
2017-03-01,0.0004619895191900228,-0.001156233752966276,0.005469275351000939
2017-03-02,0.00047825550229429017,0.0007094316146417954,-0.002906587357197384
2017-03-03,-0.0008584976988260884,-0.0036602110227472034,-0.0002931641781619627
2017-03-06,0.011127708460356513,0.0002705351430712273,-0.0019233329194416815
2017-03-07,-0.023855509897926442,-0.006907408775109928,0.003170820526956032
2017-03-08,0.0037634048698774124,-0.002118076146271222,-0.004057937786365795
2017-03-09,0.014252943816232159,-0.0004613355282623659,-0.0012870619020139637
2017-03-10,-0.009950026884025425,0.0037985411634121734,-0.007438705963290614
2017-03-13,-0.0032182586061090556,0.004444362177545445,0.0023775043422794456
2017-03-14,-0.006576027255057588,-0.0038544682590043264,0.004987161102901932
2017-03-15,-0.007849114414697758,0.008304133735854369,0.003642831805200386
2017-03-16,-0.0027363580452073595,0.0005934939137580089,0.003250510453879111
2017-03-17,0.013047367553160542,0.0009601798641230787,0.0033576015839197936
2017-03-20,0.016736480079387682,-0.006470773939953309,0.0027987753137460204
2017-03-21,-0.0028234530253613294,-0.0024802295604802282,0.0024575824900243174
2017-03-22,0.017345541926580228,0.004199295246129912,0.0027156538305145054
2017-03-23,0.0005201882928616237,0.0006791138508523957,-0.0026227285196302355
2017-03-24,0.015983219240309727,0.00043125890501149593,-0.0008007737740793863
2017-03-27,-0.0006396878468814259,0.0009086886823019242,0.0002809730428340515
2017-03-28,0.0013795204344152986,-0.005772817220344194,-0.0013428205547980547
2017-03-29,0.003489270253785511,-0.0003864342136059537,-0.00626523854413936
2017-03-30,0.028809683114307812,0.005633321421190487,-0.00494003594757575
2017-03-31,0.0078615701736031,0.004346830488261975,0.0009199044600938956
2017-04-03,-0.0061653807695631726,-0.000500797768462394,0.0036231036348876727
2017-04-04,0.008920980832482722,0.006254674697446221,3.7367636638826e-05
2017-04-05,-0.003056492833759073,-0.0050363940270735765,0.01105928744741678
2017-04-06,-0.004207751646110883,-0.00388679065942504,-0.003679049720621081
2017-04-07,0.008377412239029,0.007454489508629228,0.0017797685682627922
2017-04-10,0.000479770289940375,0.002311892473234093,0.005164810442597766
2017-04-11,0.0027071832306062547,-0.0011555493684092576,0.004262708484662315
2017-04-12,0.00032586699678763216,-0.00022127426414098926,0.0026202674470984736
2017-04-13,0.003229248139448912,-0.0032265244525087364,0.004281015895368439
2017-04-14,0.004024693076925342,0.0011063704072297807,0.0002215773906308001
2017-04-17,-0.017232702394348737,0.0007895537852458833,0.006651526979282201
2017-04-18,0.006199154017485801,7.953883945076131e-05,0.0051326364254170465
2017-04-19,-0.008638174778472705,-0.004639024860844384,-0.0034089104028421865
2017-04-20,-0.0127806922200347,0.0010590244442756434,0.0012862717505375467
2017-04-21,-0.0003257011947281419,-0.002118045729688128,-0.00618918651810741
2017-04-24,0.0009558290298300883,-0.003943909041956752,0.006087155892942838
2017-04-25,-0.006041555481150527,0.005066969966149446,0.0008969257641269376
2017-04-26,0.007679286719011769,0.008678885431341037,0.005395091376268052
2017-04-27,-0.011879576497338161,0.007770480515278544,-0.0004374300190713188
2017-04-28,-0.0034624937389530304,0.002600491055049138,-0.007425069995061244
2017-05-01,-0.005063867214397006,-0.0010623403163167614,0.010549470164279963
2017-05-02,-0.00021928543305405428,-0.0002814223304184836,0.0005243541887489599
2017-05-03,0.002709778561825149,0.0016224090538490988,-0.004000834493607199
2017-05-04,-0.0088710365466119,-0.0016809910098447567,0.004583049153563555
2017-05-05,0.006718544097106053,0.0052752402404895845,0.008143429124977182
2017-05-08,0.0007670213150122975,-0.008142909977314155,-0.0008097526978280539
2017-05-09,-0.016827516279807195,-0.0011829022159497331,-0.0003969696429078874
2017-05-10,-0.01742732296357328,0.0032042859682692806,0.0009521849388463167
2017-05-11,8.912636363619891e-05,-0.0033806385891192833,-0.004443882526208401
2017-05-12,-0.0017887058600771864,-0.0009605955647113327,-0.002762669798325478
2017-05-15,-0.0007307810221717014,0.0023745736649728095,0.007127703457460088
2017-05-16,-5.184210877196181e-05,0.006073076428151184,-0.000528825751598059
2017-05-17,0.0022300385555916263,-0.005175753128664978,-0.0033502279121008405
2017-05-18,0.008728846488634697,-0.00547229795101944,-0.001808167585453099
2017-05-19,-0.009799944108258022,-0.0037841207513593634,0.004291294749320538
2017-05-22,-0.010347744336107152,-0.006150143402032641,-0.007903587540499756
2017-05-23,-0.009639914720986442,-0.005865513821645881,0.0010185995894153976
2017-05-24,0.002800250004518362,-0.0038906447907788026,0.009848874980169847
2017-05-25,0.01140452640781801,0.004933974192983966,0.008124250509156118
2017-05-26,-0.003682054944155594,-0.00124830727227503,0.0022928111232746913
2017-05-29,-0.02231529859743689,0.00012550042462642708,0.005265770440175922
2017-05-30,-0.015135935763493378,-0.0038218570270167145,0.005227305139185101
2017-05-31,-0.007297330505164104,0.0025341483002583286,-0.0005034080139563943
2017-06-01,-0.004819559987456933,0.0075030561113310894,0.0036991752134572274
2017-06-02,-0.0034754976452925374,-0.003550519536157685,0.007154332075149429
2017-06-05,0.0005472301068282536,0.006898993484298937,-0.005055048972496525
2017-06-06,-0.002605716977402024,0.0014576975326713818,0.002306603509926387
2017-06-07,0.009644056494890665,6.74539971548442e-05,0.0014459017923542073
2017-06-08,-0.005884155751132319,0.0016004953293009647,0.00041265793989684463
2017-06-09,-0.007560861635279887,0.0015621059958680619,5.853322266152182e-05
2017-06-12,0.004509879846684154,0.007428417676252977,0.0009266798901217146
2017-06-13,-0.013620778629335072,0.002080882927286899,0.0012622887913979395
2017-06-14,0.0037072253478800197,0.002164428684563884,0.004474461171452713
2017-06-15,0.0011229786535364016,-0.0016859992798501776,0.00190605865290872
2017-06-16,-0.0011269824092635064,0.003356308545857616,-0.0007115063787054876
2017-06-19,0.01449448496434336,-0.0038273878944919434,-0.003359685829964117
2017-06-20,-0.005399867007652461,0.00043601595831837614,-0.0018897700713081508
2017-06-21,0.018742683534716705,0.011533134223123312,0.0010446644115161224
2017-06-22,-0.0018288830430528936,-0.010016759678585166,-0.0028242829515293085
2017-06-23,-0.011293148004732053,0.0009325879853418059,0.0037835083548584877
2017-06-26,0.0008292762289534276,0.0010864916835155883,0.0017202205626914214
2017-06-27,-0.009486206802868912,-0.0009123561699488106,0.004574109680228041
2017-06-28,-0.006565802630321502,-0.0008180770442697239,-0.002555276883868105
2017-06-29,0.00377329970013942,0.00036563909264593293,-0.003324270658592996
2017-06-30,0.005200238797851122,-0.0010080131018581253,0.004544228905070661
2017-07-03,-0.005399509302288323,0.0008879189152840168,0.0005198158266702164
2017-07-04,0.009086646305417606,-0.0019504428232675962,-0.0008100685156075609
2017-07-05,0.010617569822190205,0.008089571274988315,0.0027946419826095858
2017-07-06,0.013126715809069617,-0.0010080549731894064,0.0026457969545829086
2017-07-07,0.004964720664131499,0.0022784456304988654,-0.005023054946933169
2017-07-10,0.012470858408771287,-0.0026761443993728673,0.005538580492344357
2017-07-11,-0.01672718585176652,0.003732572121604587,-0.0016416277736614952
2017-07-12,-0.0026611589376561626,0.0029338711494053386,0.00680007219096762
2017-07-13,-0.007603047306910836,0.0016770409461286807,-0.005334194454254651
2017-07-14,0.0012730327501465288,-0.004109341424874079,0.0012695955299212452
2017-07-17,-0.004943042972770636,-0.003009612162254084,-0.0007424848037539044
2017-07-18,-0.0012954205775475912,0.006744691942984723,-0.007900938705736734
2017-07-19,0.017139573921836442,-0.0030538948308427185,0.002632831912206653
2017-07-20,-0.0013274781677834043,0.002563608680850018,-0.007695748106980024
2017-07-21,0.003924130854711925,-0.0037786853207252094,-0.0011666674438681037
2017-07-24,-0.0018904239693181167,0.004033532942407076,0.0044171019108647505
2017-07-25,0.000881419591611503,-0.0027455894299895393,-0.0021201439091801553
2017-07-26,0.00025415012392464314,-0.00385275155016,-0.0036149366060620786
2017-07-27,0.004234916593758435,-0.002849369906787606,0.0032014258822480406
2017-07-28,0.010687767819924593,-0.002215210386644093,-0.000998072202117598
2017-07-31,0.015026545978429964,0.0016186934196968793,-0.0016202387787592881
2017-08-01,0.0029865807371825016,0.00027753482455113317,0.0050999699086772925
2017-08-02,0.005505921974320418,-0.004380624319651323,-0.004669114940618309
2017-08-03,-0.010157780582670101,-0.00011178805519528098,-0.0018384290218816882
2017-08-04,-0.0005908906817405852,-0.004574005629164385,0.003465788044279084
2017-08-07,0.008662605183952302,0.0025742294600039177,-0.004927789422038071
2017-08-08,0.00799371774575438,0.003307611595489628,0.007101388638944774
2017-08-09,0.0021044875951554518,-9.578935419744737e-05,-0.0008673899402670901
2017-08-10,0.008177545636111571,0.0010866136119710456,0.0034981095256494603
2017-08-11,0.004616900380944369,0.007008496442657641,0.003489740712090168
2017-08-14,0.011002756324333894,-0.000630411969568476,-0.0006091516958497104
2017-08-15,0.002804232412614,-0.0037770318002035585,-0.001916048447386236
2017-08-16,-0.0030012848401393113,0.002316780943751161,-0.0001718582478167845
2017-08-17,0.0032225713123972127,-0.004530615063061379,0.0028507369899615
2017-08-18,-0.02617534938267498,-0.0008422758530917706,-0.003945699375843431
2017-08-21,0.003645971627465445,-0.0023959601843340688,-0.004813034354924414
2017-08-22,-0.032635715426933054,-0.002807279332835481,0.005936810887014493
2017-08-23,-0.015311170666648761,-0.001000350382578043,-0.002939420281731586
2017-08-24,0.004265917408468857,0.0035995653048563297,0.0014163355281136113
2017-08-25,0.004497764035401156,0.004422675153296744,-0.0008088168355964124
2017-08-28,-0.010261859021259373,0.003704823452362682,-0.000631462444893649
2017-08-29,-0.006208918376910449,0.0013454163565136575,0.00572155888555058
2017-08-30,0.012534868897527187,-0.001030866245550624,-0.0003406767510300951
2017-08-31,-0.004156271184154086,-0.00943129998159983,-0.0014273045128715097
2017-09-01,0.02038628281162686,0.001470643973109098,-0.0010788625450995708
2017-09-04,0.00018272132141288467,-0.00911732689903555,-0.0020138336763100228
2017-09-05,0.0038723255919314013,-0.007693469105892052,-0.002680362770500176
2017-09-06,0.014751869586487467,-0.0006466706231477886,-0.00199778745166352
2017-09-07,0.001379244045740776,0.00105830897852199,0.0066528404515544615
2017-09-08,-0.00882109582621721,-0.0018043396153170424,0.002845955308241703
2017-09-11,-0.0007875470652486111,0.006142124594375871,-0.0013807861954386895
2017-09-12,-0.00012049662571081836,0.001848406630074027,0.003926622538475291
2017-09-13,-0.012082674869814087,-0.0009976316271810305,-0.006348775205549481
2017-09-14,-0.00210248864206741,0.005545239780727182,0.005502713406862681
2017-09-15,-0.00647972884597693,0.006260453390256364,0.00518062307930769
2017-09-18,0.008519219814686906,0.002050234773898676,0.008945336056094565
2017-09-19,0.0005115068676673005,-0.003101030639029986,0.004046205756314628
2017-09-20,-0.00234516174232813,-0.002201081724086929,0.0017489381754606883
2017-09-21,-0.0007556373756031863,-0.005786954851973347,0.005164561539472596
2017-09-22,0.0022080981656554953,-0.0001696675192020529,-0.002503237725494388
2017-09-25,0.005751327797208017,-0.004200165765778129,-0.0015816659668085999
2017-09-26,-0.008797410058024431,-0.0013162990767860729,-0.00025697927381375607
2017-09-27,-0.009174288693591446,0.0010424012122206448,0.005475526123601571
2017-09-28,0.01014211293862277,-0.007934834568015756,-0.003423513411128935
2017-09-29,-0.0035110318498425747,-0.005054965074084948,-0.0038482467902786364
2017-10-02,-0.012551578833371865,-0.002027392219341303,0.0009461523128280674
2017-10-03,0.004194314384447941,-0.00021010947489268975,0.0028701219883034623
2017-10-04,0.004370328254294182,-0.001975563198952432,-0.002812322303760305
2017-10-05,-0.013576437315310356,-0.0010820717255455084,0.0026816718110877326
2017-10-06,0.0022653354391724565,-0.00282474878450223,0.005473597368201616
2017-10-09,0.006820247831855361,-0.0057975993672345055,0.004801846773934099
2017-10-10,0.0035694780653563675,-0.0021390031095667944,0.0014131710741129668
2017-10-11,0.005887833353852557,-0.0008526740997212193,-0.00036239099555591037
2017-10-12,-0.01243842188281674,-0.0012415604144249935,0.006942494542589657
2017-10-13,0.00317936139496576,0.00044718367518581256,6.161597796580385e-05
2017-10-16,-0.0025235778352340186,0.001675578281900789,0.003761418478460819
2017-10-17,-0.004145111428521803,0.0027269049075866795,0.007833125916742307
2017-10-18,0.008035000484777538,-0.002534203342045563,0.0033410723185197362
2017-10-19,0.01351347059606807,-0.0063031872156791395,-0.003988364931628051
2017-10-20,0.01634933049140323,0.005086385462914428,-0.00495609112523315
2017-10-23,0.012033270843553144,0.0015417836624443528,-0.001190517680252402
2017-10-24,-0.0007876076346716531,-0.0038186494046957547,0.002837996493832901
2017-10-25,0.0033744814672370875,0.0011108202259696859,0.0017791434673760532
2017-10-26,0.007101405846058192,0.004271978933072496,0.008828328261854694
2017-10-27,0.0012906015436951576,0.006916706100957566,0.0017402251510456282
2017-10-30,0.0013768776912038993,0.0010024411046309241,-0.001309764867002536
2017-10-31,0.007613778186885638,0.004238682549399443,-0.004533368412439561
2017-11-01,-0.00033354381423338997,-0.004838408289258897,0.004721749511589379
2017-11-02,-0.006363582427362954,-0.00014361100638670614,-2.424491683300439e-05
2017-11-03,-0.0035302575925227264,-0.0013400505970252781,-0.006024559072930927
2017-11-06,0.00590519339960368,0.0013702794068168388,8.904241166107832e-05
2017-11-07,0.0002269396207996016,0.006444775741744886,-0.003982952444508028
2017-11-08,0.0032618897918150406,0.0009995575771170333,-0.001702550041399262
2017-11-09,0.0062307131798197074,-0.003750762957067507,2.4767905770666023e-05
2017-11-10,-0.0031735731660784863,-0.0050537543195355245,-0.003620712193339963
2017-11-13,0.007006233472668254,0.006583120251015754,-0.001950496675825426
2017-11-14,0.0036095834311255497,0.0020551736495409306,-0.002976479336453276
2017-11-15,-0.010913317782203306,0.0017923253879002271,-0.0028691567852809417
2017-11-16,0.013180743120676198,-0.001374925554232682,-0.0040320820685262404
2017-11-17,-0.004306702693812245,0.0010714471386713733,-0.0019310582584124904
2017-11-20,-0.014695858088666653,-0.00394783962450724,-0.0035787937670958133
2017-11-21,-0.00920539338627672,0.0015487934228146075,0.002346336463903381
2017-11-22,-0.008989406446104896,-0.004699480546296111,0.0008032002141211626
2017-11-23,0.0006695598679178012,-0.0014371537801110372,0.004778860899963153
2017-11-24,-0.0022646545499161344,-0.002571572594637623,0.007546813561750411
2017-11-27,-0.0028314877087653356,-0.0130294705706663,0.0027093000556870765
2017-11-28,0.0057773176893423095,-0.0013870745061336275,0.0017983480985332317
2017-11-29,0.003258878250734334,-0.0035954656978517147,0.0029613490891795746
2017-11-30,0.003044430835798576,-0.000841559535563135,0.0018663552680086356
2017-12-01,0.0038884561159582337,6.891201927416358e-06,0.0002007973817063684
2017-12-04,0.005745212012020144,0.007071727771926337,-0.00011730322538959446
2017-12-05,-0.018771580075996986,0.0012188359886300356,-0.004086679856248127
2017-12-06,-0.0030799442703801504,0.0013364505319341518,0.003355678217219357
2017-12-07,-0.019421890580405266,0.0019824553408769796,-0.0001251792394333207
2017-12-08,0.0005245393411801586,0.0034872340489645035,0.005798075897162569
2017-12-11,0.00015830324998089213,0.001817117815418073,0.003660543614341266
2017-12-12,0.009609790473107123,0.0011268520976964766,-0.0025038064891039096
2017-12-13,0.010888709534490087,0.002844987674252574,0.00498676418759502
2017-12-14,0.002024975434271306,-0.009706537683324417,-0.010242967826014306
2017-12-15,-0.004303249696572099,0.008356206333115304,0.007720902979831251
2017-12-18,0.00456645001291164,0.0063589193788535945,-0.005353781110998661
2017-12-19,-0.004551258735918821,0.0008685430074371602,0.0019804487166834783
2017-12-20,0.00018746613700985993,-0.005652025801635066,0.001709664664590112
2017-12-21,0.00907522685264691,0.004841401729971779,0.004494867447367
2017-12-22,-0.0048199421139048125,-0.0027755059962588442,-0.001314787229217648
2017-12-25,0.007451107753182508,0.002135364066299742,-0.008582073887448223
2017-12-26,0.0062966123182307205,-0.005131622407141865,-0.0013091516455222244
2017-12-27,-0.008393126354177393,0.008905627595892491,-0.0008766492099986305
2017-12-28,0.008965047153956608,-0.005768867048434481,-0.008196768066469216
2017-12-29,0.006487097108343545,0.00027594428126600487,0.00018148643584295132
2018-01-01,0.001117332986353917,-0.008488748858045972,-0.004303405954658181
2018-01-02,-0.00666091112224887,-0.00016488980878528857,0.0025963404123738134
2018-01-03,-0.007532854167180129,-0.001701140820553103,-0.000984318943306056
2018-01-04,-0.004638963192127202,0.004548733575623865,0.007844379542078934
2018-01-05,0.0050833501696276396,-0.0017015177263674615,-0.0010247146273619282
2018-01-08,-0.00840062650661258,0.00455449433138532,0.0017215650653647813
2018-01-09,0.004137610237578829,-0.004096482270354683,-0.0008522860258380132
2018-01-10,-0.010975799759905532,-0.0011278464121789757,-0.006493072753841633
2018-01-11,-0.0016366172599496403,-0.0010476483916820243,-0.0008188520205499823
2018-01-12,0.0011868297911660777,0.001982353022531669,0.003013653764685916
2018-01-15,0.022206171305530247,0.001473497705628226,0.002407959222659849
2018-01-16,-0.012195840899683305,0.0028889006196934465,-0.0011730709513114708
2018-01-17,0.0134481310984112,0.0010673224131589572,-0.005827024467663859
2018-01-18,0.0015485817258855204,0.002645259306452462,0.002577834350933145
2018-01-19,0.003900547262143668,-0.0035914557147725536,0.001677946341853955
2018-01-22,0.0012651312204938407,0.001555194667524937,0.0033736434154103966
2018-01-23,0.004202541363757096,0.0064328237097827255,-0.0010964487809384902
2018-01-24,-0.0011831659392581594,-0.006719971069550389,-0.006737499171238231
2018-01-25,0.013286451633117124,0.0019560318198757116,0.002135040732306781
2018-01-26,-0.003908240298022502,0.00270711911175247,-3.6571060293936415e-05
2018-01-29,0.010390111149613229,0.005844745509886733,0.005566735093600451
2018-01-30,-0.005599304081917206,0.002904187733160838,0.00011493212978567132
2018-01-31,-0.00034226661761158257,0.00040126376863483434,-0.0001818675567580065
2018-02-01,-0.009447662970611972,0.0017202927820401542,0.0016690178874639223
2018-02-02,0.0042952134831276785,-0.002940151338245361,-0.0023877242752045245
2018-02-05,0.013206133612338803,-0.0015518722894309837,-0.0025805428844942776
2018-02-06,-0.0004962056183876866,-0.005342811358807979,-0.00039158106535176795
2018-02-07,-0.0015719712883351857,0.005948118057376893,-0.003681625233079889
2018-02-08,-0.00983155266761134,0.001800629275803384,-0.0009163818618638618
2018-02-09,-0.0018636338819707728,-0.003664449841298455,0.007758245429794798
2018-02-12,-0.014135148337493747,0.0010854278506503372,0.004170534906905468
2018-02-13,-0.008015901880469445,0.004637390839977331,0.0012321517655985998
2018-02-14,0.0022410744149822187,0.003971169301817536,0.006206709043819673
2018-02-15,0.012071118779672565,-0.003710554452665605,-0.0032995843920265826
2018-02-16,0.025482897751065523,-0.012535355263518191,0.009961759479519982
2018-02-19,-0.005079265765638106,0.0015815443395855195,-0.0018420100702389091
2018-02-20,0.01311770140980896,-0.0035474785273529328,0.008015223582036718
2018-02-21,0.002393772323614831,0.002489310023922003,0.007997612191118596
2018-02-22,-0.0011612288207173826,0.003801081553344965,-0.007012919227188822
2018-02-23,0.00409335006553537,0.00445453244465353,0.005868368572567258
2018-02-26,0.0007572483531196326,0.006978961943914126,-0.001135636561810706
2018-02-27,0.0011935615305099668,0.004945427672309214,-0.002271873829272281
2018-02-28,-0.0034749984654400224,0.006998195315136087,0.002098552480659945
2018-03-01,-0.012382986938189655,0.005516241372941324,-0.004031661299019033
2018-03-02,-0.013692626822698733,0.005864870296088668,0.0020079883516651137
2018-03-05,0.006079203949531042,-0.00016347255719109048,-0.003763177929190266
2018-03-06,-0.0022903008107714204,-0.00515730572492951,0.0007083171170472747
2018-03-07,-0.0051648000969055,0.009929081017929648,0.005341450316360592
2018-03-08,0.0002765506405083821,0.00025181174086408076,0.0015460717417298125
2018-03-09,0.007354390276240647,0.004914832255896938,-0.0014391663491245875
2018-03-12,0.0018232754872375837,-0.002201099324096888,0.0021656444433516796
2018-03-13,-0.005704494429768706,0.003855689770182557,-0.0056259209680196
2018-03-14,0.011236636600840547,-0.009779853300159862,-0.0033554431367841366
2018-03-15,0.014412669526834686,-0.001641773564003816,-0.0017210802420280604
2018-03-16,0.004651009897905679,-0.0003936443335691535,0.0031474009844725034
2018-03-19,0.008962971602096812,0.0018504350732207449,0.0016231950152857156
2018-03-20,0.011377639971324299,0.004288098706404432,0.0021406658180053674
2018-03-21,0.010370893847640623,-0.004376571686521262,-0.00010953019564173353
2018-03-22,0.005726892594013612,0.002639872755680816,-0.0031523985840102593
2018-03-23,0.005585123423673945,0.004906667906546966,0.005952467746277343
2018-03-26,0.004876945160118523,0.00938364633101703,-0.0027911738178706402
2018-03-27,-0.009676039070923391,0.0028265119353501358,0.0016761557988232809
2018-03-28,0.006506508411736271,-0.001838023925924888,-0.00044841861261500025
2018-03-29,-0.012002325740138984,-0.0050870586284330445,0.002251972668138623
2018-03-30,-0.006951395096125494,0.007316809191460921,-0.002421947940867746
2018-04-02,0.011932085610272787,0.0029493677423717674,0.004210708643548199
2018-04-03,0.007761981464247777,-8.790252632095803e-05,0.005513111663343747
2018-04-04,0.013586584607172764,-0.006479273176887273,0.003965292329985484
2018-04-05,-0.00224506945318563,-0.0037247358035922113,0.0006305013038945924
2018-04-06,-0.010170239571490906,0.002525281155095746,-0.001740500984414736
2018-04-09,-0.001963934773633085,0.0014153320965036005,0.011288447135438237
2018-04-10,0.0011182816751651677,-0.007785326235865815,-0.003966498179047874
2018-04-11,0.0009108984470600871,0.0025304502260073136,0.003524918206880532
2018-04-12,0.010403124308810314,-0.00627374579287984,0.0013311395523064957
2018-04-13,-0.0030514338250310093,0.00541603627440904,-0.0002501497687148857
2018-04-16,0.003368310246226318,0.0008342236596198284,0.0007406517589360598
2018-04-17,-0.008697644344911453,-0.0018536857949971997,-0.002040861213445209
2018-04-18,0.004252855502394316,0.003960617356442691,0.0017082221729809914
2018-04-19,0.0002279769516707307,0.001413997153783139,0.0012672979438402708
2018-04-20,-0.006548320044560657,0.005299710434020074,0.010710612891700694
2018-04-23,-0.001922464259573675,0.0003219024535582692,0.004283288860335044
2018-04-24,-0.0014575817186369946,0.0005552774656228551,0.0020635310885056294
2018-04-25,-0.002231396164033865,-0.0011410017303916356,0.0023022357332385043
2018-04-26,0.01614207118040915,0.0010518685710686534,0.007358150621982981
2018-04-27,-0.0006860140207709167,0.006791803519157015,-0.0038817062589610878
2018-04-30,-0.001995064991596039,-0.0020110566802441754,-0.0007309309750470816
2018-05-01,-0.020477058618491275,0.0025918205973225433,-0.007628555310714911
2018-05-02,-0.009647866167815294,-0.003521774332031804,0.002235095368647607
2018-05-03,-0.003967660820107175,-0.008266928470713798,0.0033926950021772005
2018-05-04,-0.0077726740855897855,0.0008298349614804378,-0.003982400208939336
2018-05-07,0.010835368340400173,0.001481621693877692,0.0057403200720028144
2018-05-08,-0.0030844399785659674,-0.0004402050777699363,-0.002875519970499145
2018-05-09,0.009995998243864272,-0.005983939883088945,-0.0013698724360662526
2018-05-10,-0.0010446582935466878,0.0012172042985664853,0.0004782636624801287
2018-05-11,-0.0012649494722058103,0.0010652545365577835,0.00637678545103926
2018-05-14,-0.0023991680294125086,-0.0035551225243702937,-0.003432791272323594
2018-05-15,-0.0015658337354068678,-0.00541396628589208,0.0011649885014627316
2018-05-16,0.013869155027448732,-0.0010095517108238692,0.003099351019169691
2018-05-17,-0.022476496540760962,0.002611716987111074,0.0022738806547179424
2018-05-18,-0.019613911699948108,0.0016666189271679628,0.002421604132266814
2018-05-21,-0.006488537479505025,-0.0035233479913363125,0.003046000888695764
2018-05-22,-0.0014692490625618799,0.0005477003400880297,-0.0022188908984204867
2018-05-23,0.004610939822876111,0.003548505621902268,0.006751119147321299
2018-05-24,0.002657784782247276,-0.004690662837067259,-0.0004445975926897075
2018-05-25,-0.005058213215925131,0.0002526214721727759,-0.0009753928119296197
2018-05-28,0.007571393239175862,0.005358563920683492,0.005390502005255016
2018-05-29,0.007671758628374579,-0.005099728621175592,-0.002522267467507881
2018-05-30,5.652048144408968e-05,0.004622105164198036,0.0012811127627960842
2018-05-31,0.0070639181523815715,0.00647674980928954,-0.002891338495980948
2018-06-01,0.0008538073708891591,-0.000888822100683546,0.010076943261780068
2018-06-04,-0.006653347241045953,-0.0013720344760651227,0.009234618066907153
2018-06-05,0.004680351551000042,0.004132377676078238,-0.00044096392574618387
2018-06-06,-0.0006044818967919005,-0.0007445215001180765,0.00207942869400213
2018-06-07,-0.0015879413792096175,-0.00941250680278037,2.079922018952302e-05
2018-06-08,0.01165658214970617,-0.00039517837875831794,-0.0013943979536335943
2018-06-11,-0.023657849156860776,0.001881615872778251,0.0004785259964234634
2018-06-12,-0.014359157531436125,0.0029603354143298718,-0.0001624057408898378
2018-06-13,-0.012283633837369329,-0.003522516659007691,-0.006082669629727856
2018-06-14,-0.00486934582811925,-0.0010792044778904337,0.0010520932862623609
2018-06-15,-0.0038914735278942707,0.0039076290566091975,-0.0001691714900505763
2018-06-18,-0.015165930829957425,-0.00023999448565334983,0.0012488018265341468
2018-06-19,-0.010466422290797436,-0.0061149519758436546,-0.0003100711110579275
2018-06-20,-0.00934757510671213,0.004950552038481503,-0.001441357453914183
2018-06-21,0.020516816828683025,-0.0008564440895089808,0.003499640241102794
2018-06-22,0.014615677529724317,0.004364875108725521,0.0021325376148336275
2018-06-25,-0.005305744759161843,-0.005581826783466197,0.005584189199742754
2018-06-26,-0.004872249612761189,-0.0004839469903563398,0.001978919057889323
2018-06-27,-0.011942835974694645,0.0020389440947089395,-0.0007904262072605352
2018-06-28,-0.0187731737190274,-0.0003485794460039513,0.002467074104737743
2018-06-29,-0.002651921677676716,-0.004732024809283972,-0.007922452636955886
2018-07-02,-0.01058066784919623,-0.00954721322737406,0.008414719554923143
2018-07-03,-0.002363654784958088,0.006093060518013439,0.001097520575110269
2018-07-04,-0.016001852641391295,0.0009921528076053002,0.008737823576503014
2018-07-05,-0.00845777012479232,0.004667204211164552,-0.003477380238722529
2018-07-06,-0.0002623561422745223,0.0037146763974417966,-0.0044705815304562566
2018-07-09,0.0016958863800554365,0.002387387304478316,0.0014633331706572585
2018-07-10,0.00215724762867813,-0.0012853494205882715,0.0014501389710666363
2018-07-11,-0.013484400857413334,0.001959067702556514,0.0013529790977477767
2018-07-12,0.006092171571220056,0.005730147785482898,0.0007433048130019226
2018-07-13,-0.008801905269416653,0.0003320437130950283,-0.002512468643705556
2018-07-16,0.004095721231465758,0.007606804177596761,-0.005941423176314085
2018-07-17,-0.0016957480895637383,-0.005997687545867424,0.0011326022266027439
2018-07-18,-0.013987487491701528,-0.006427634445049788,-0.005130368001193524
2018-07-19,-0.004445779341230692,0.003952300858077576,-0.005508025190954908
2018-07-20,0.0016882736785739081,-0.0032749717460835133,-0.0015225271938729484
2018-07-23,0.00391668842427139,0.008173347681715116,0.0017226359413135327
2018-07-24,-0.0028688910769997674,0.0053493654849317744,0.007951036949025173
2018-07-25,0.012186010015409475,0.0063502860270321666,0.003917037213015175
2018-07-26,0.00746759693887903,0.003537745222205003,0.005732870348516324
2018-07-27,-0.0039098870475977755,-0.0036863344946811774,0.002614646750172287
2018-07-30,0.0051510963092325,-0.006637366400540768,0.0014674148757749274
2018-07-31,0.01580414136669368,0.005981178676756089,0.01002316125942437
2018-08-01,0.01604436140704724,-0.005998272824048229,-0.00529142245556957
2018-08-02,-0.012651998927402475,0.006339542750910082,-0.0016529212655769794
2018-08-03,-0.009938798000414355,0.002678459040917421,-0.001340719078329647
2018-08-06,0.011764269080604657,-0.00030501061528040717,0.003574228085433286
2018-08-07,-0.011124529457538734,0.0017681907373412443,-0.003915107030744351
2018-08-08,-0.013502870199625108,0.0018611637417963983,0.0030537184303064038
2018-08-09,-0.0059757471762914224,-0.0008096415543483208,0.00231859932707761
2018-08-10,0.0021820403852712716,0.005702748939677256,0.0032533897397871874
2018-08-13,-0.0025215703594998673,0.005565603442398136,0.003180892187380392
2018-08-14,-0.0074550725836503295,0.0006226372072837642,0.006153278546530384
2018-08-15,-0.0076679121555205815,-0.002399977546801218,-0.00019683785174950163
2018-08-16,-0.008011033579714378,0.005223816177617165,0.002120631637966245
2018-08-17,-0.009515586657930484,-0.008090241520555277,-0.002946197142251633
2018-08-20,0.018934695895484552,0.0017755704280452912,-0.0038591800410702703
2018-08-21,0.0010775996406699943,0.002958300432835686,0.007059315138414408
2018-08-22,0.006380831489642648,-0.003313407339112049,-0.003248475149428302
2018-08-23,-0.006001697213070313,0.0038951419497505867,0.002565248307811553
2018-08-24,-0.0032736100946744394,-0.00010554344526650666,0.0021241711980299303
2018-08-27,-0.008021985832333194,-0.002182800487796472,0.004699923577349087
2018-08-28,-0.025465375014272817,0.0038528933586546884,-0.0066328025943963136
2018-08-29,-0.014002083491630794,-0.0043427377147909965,0.0035648279701847294
2018-08-30,-0.01789556811982355,0.0034767733462555176,-0.0002321280256607867
2018-08-31,-0.021848054001564466,-0.007929384855277024,-0.0023996364738496146
2018-09-03,-0.012358230768682922,0.0011428177869247864,-0.0010032700470415633
2018-09-04,0.010324601114434678,0.00017537582485397724,0.004147083148164016
2018-09-05,-0.00199992550933919,-0.0021587830674630417,0.002924962069300293
2018-09-06,0.010015073860890567,0.0015584994715560443,-0.000511693832022003
2018-09-07,0.0020988431921078778,-0.00031828051747115116,-0.004556429856277119
2018-09-10,0.005443029431436432,0.004218782509222187,-0.00427417838764656
2018-09-11,-0.009708072957741174,0.0022406039552137404,0.003012120639698647
2018-09-12,0.0031155585877340364,0.0018107769314974105,-0.005110969702617576
2018-09-13,0.004958428106669112,0.0011674448142408188,-0.0004726179529772335
2018-09-14,-0.006789825630103236,-0.001888665826188168,0.010724288509519612
2018-09-17,0.0034358633355454963,-0.001207214199902789,0.0018382433534803832
2018-09-18,0.0034956898271734957,0.0009928633608835568,0.002968996815980018
2018-09-19,-0.006545973590170746,-0.0006934379484285441,-0.004244141087465314
2018-09-20,-0.011704915890438953,0.004445811321731983,-0.0049092066246897775
2018-09-21,-0.012257154987084448,0.0003738007581750117,0.0031832881481522043
2018-09-24,-0.0008214501227068439,0.0015038664313005246,-0.0011294079555794316
2018-09-25,0.0013430888191038335,-0.005610735735582244,0.004694485926254695
2018-09-26,-0.00873273247412123,0.00377292108824151,0.0005725329504980747
2018-09-27,-0.0013607319280651122,-0.0023246943746973742,0.014225451142200524
2018-09-28,0.003534833325246368,-0.004170614329186855,-0.0018892792612533935
2018-10-01,0.003963716431987707,0.006584744036450286,0.0015565261167577165
2018-10-02,0.012366921081102397,0.0027904860897303664,-0.0031765826503498784
2018-10-03,0.00989282748978239,0.003908382875567101,0.004528320042609719
2018-10-04,-0.010611622894808895,0.0018179847316292705,0.0021620495754971435
2018-10-05,0.013552275885842202,-0.0003726031836148442,-0.0034447594136573097
2018-10-08,-0.006378788541001433,-0.0011184160322250535,-0.0008691395764537109
2018-10-09,0.007803855312089849,0.0031164407418266806,0.005887339094002106
2018-10-10,-0.0009881203655402004,0.004530076168953172,0.00540683642148982
2018-10-11,-0.005309344406112708,-0.00027273499170338354,-0.005257582557062584
2018-10-12,-0.017869271737974396,0.008290171458803206,-0.0014638785749288234
2018-10-15,-0.0031440805919471333,-0.0007892741988432381,0.007685587025187871
2018-10-16,-0.01563444911775048,-0.005576033779559889,-0.0002687112027788906
2018-10-17,0.007105693122584951,-0.006886090963975908,0.0011336900581970348
2018-10-18,0.012051133914253232,-0.006751101471517308,0.0045077276666403085
2018-10-19,-0.008772198903670212,-0.0016552471702899793,-0.004928646825193689
2018-10-22,0.0011177366826734402,-0.0009280720844511321,-0.003358789989717592
2018-10-23,-0.008128523698071778,0.0027303985507195665,-0.0008947963328665631
2018-10-24,-0.007256362571231106,-0.00011443214101508532,0.005218494479421
2018-10-25,0.005370452334788341,0.003373484138536739,0.00447906139300919
2018-10-26,-0.0019468443565907126,0.0001795713304913087,0.0032790654687483906
2018-10-29,0.014056832377379102,5.4085704507464154e-05,-0.00015663979468307653
2018-10-30,-0.005940092308326289,-0.0023100594960337884,0.004918278950718774
2018-10-31,0.007394026992270403,0.005690353841591253,-0.00021058092335324164
2018-11-01,0.0010767207166200378,-0.006125937186311979,0.002711872049489631
2018-11-02,0.007362002087698097,0.0012052411628555276,0.004048155901578422
2018-11-05,-0.00382441891596952,-0.0007266018469969341,0.007187280270042586
2018-11-06,-0.00024602953796424437,0.0031270183900180028,0.0001747016616726932
2018-11-07,-0.0008394899136904126,-8.331760462339636e-05,-0.0010504408837856696
2018-11-08,-0.007324514033612084,3.4574822463593634e-05,0.005580301451153465
2018-11-09,0.0061587338112357734,-0.001066558489238845,0.00588741031473005
2018-11-12,0.0060522410502052764,0.00557302561652799,-0.001773497969561263
2018-11-13,0.005541992254150099,9.623540241160285e-06,-0.00402013492745706
2018-11-14,0.0140326908852588,0.007878604846453889,0.005276137864664449
2018-11-15,0.01324410321112673,0.0010889883265101433,-0.006166909494381498
2018-11-16,-0.003174502208642218,8.703936318930828e-05,-0.006371205714166607
2018-11-19,0.003557470865907604,-0.0005813078394177523,-0.0006731804592348396
2018-11-20,-0.005412406203323914,0.0022569875987407135,0.00040975886291661753
2018-11-21,0.0004101978450309991,-0.0023535734916288243,-0.004239808665108797
2018-11-22,-0.005197745042069783,0.0005829695961561475,0.0008874573535087187
2018-11-23,0.014780632782224459,3.254805643127368e-05,0.0010658803545459208
2018-11-26,0.003473283353086665,0.0013009907970607587,-0.0019215515762171175
2018-11-27,-0.001762262152939799,0.0014001213050470194,0.008133856716671427
2018-11-28,0.010942567146707393,0.0016079795207356521,0.0017190448400292177
2018-11-29,-0.019335538688158703,0.00037961898469316807,0.0045139561460871384
2018-11-30,-0.017926923353787608,0.0062757739693974956,-0.005824851954677291
2018-12-03,0.007362547896977965,0.0016902752647299352,-0.005859367249802183
2018-12-04,0.0007442160330563125,0.010423945153437312,0.0018402504425957054
2018-12-05,0.002454016702346846,0.0001994056342634906,0.007419430757681093
2018-12-06,-0.011737564929866938,0.003835653169820699,-0.004039743115889526
2018-12-07,-9.103397653295787e-06,-0.002904196833498723,0.0005735065860051283
2018-12-10,0.018231584693612076,0.005603157021245214,-0.0049403849787852715
2018-12-11,0.007617796578162765,-0.002817135747097878,-0.0028744903968586115
2018-12-12,0.001727358906285309,0.00182351207182438,0.000772445275232839
2018-12-13,-0.0037514851909444384,-0.001057708806256505,-0.0019704448534510477
2018-12-14,-0.003351155666824544,0.0018080311884675305,-0.005222095612678703
2018-12-17,-0.018962781002800157,-0.0009391849474859604,-0.005311670762458342
2018-12-18,0.002518763788290445,-0.0031570115756848643,-0.0075440323978569574
2018-12-19,0.007809347976336685,-0.0010863691591911384,0.0019063352128583608
2018-12-20,-0.013980573944535534,0.006166320496566585,0.002390324101724554
2018-12-21,-0.005752752030761344,0.0018691050740205907,0.0023702137461895437
2018-12-24,-0.010217181690100798,-0.005155400119516525,-0.003636703191460969
2018-12-25,-0.008488160753278871,0.00438153080496024,0.004023805162296728
2018-12-26,0.0006813346413971019,-0.0035660567213091168,0.002827114670043433
2018-12-27,-0.018559619394896268,0.002973437152232608,2.9177626579991995e-05
2018-12-28,0.005728433945213575,0.002212660590383623,-0.0006273149730369958
2018-12-31,0.006984695629403139,0.0024652418650054184,-0.002596461876143879
2019-01-01,-0.0020599232923322122,0.007412756664672721,0.0007686473357148968
2019-01-02,-0.022126376589860875,-0.0033145636996080616,0.0064689912212719915
2019-01-03,-0.008767767634021505,0.0024431791035473154,0.004551426462466055
2019-01-04,0.011296117406924268,0.005038354449729545,-0.0010248416945163113
2019-01-07,-0.024801948526557153,-0.0025733668064994867,0.0021544858470974385
2019-01-08,-0.0029277107097416726,-0.0029830143220599776,-0.004405720198087032
2019-01-09,-0.01042000700620533,-0.0011487501550897375,0.002920268709620804
2019-01-10,0.007441132714263528,0.0012989321432882702,-0.0033234285706614498
2019-01-11,-0.005876025569291152,-0.005641905095843807,0.0027610222451106936
2019-01-14,0.0038355861866205035,0.002205607963433262,0.01187628876189761
2019-01-15,0.005289143772521837,-0.0056335469669829075,-0.0022800497293085174
2019-01-16,0.016726032557570176,0.005173323303229786,0.011691213236952125
2019-01-17,-0.0016264774930783317,0.0020550673123604923,0.001962541951131913
2019-01-18,0.003584399326603502,0.007652559488542416,-0.0029985025330478013
2019-01-21,-0.013165499312146922,0.002675135042437192,-0.0031818246669376607
2019-01-22,0.010913722069643696,-0.0012190418044839687,0.009459822431393563
2019-01-23,-0.006644579632642282,-0.0031947085408706544,0.0019719547388123947
2019-01-24,-0.00484678747678971,0.0009555642323114492,-0.002264611424663354
2019-01-25,-2.30153642896626e-07,-0.00012100235391149927,-0.0008138424441716155
2019-01-28,-0.013865959108058644,0.004744556139509107,0.001723103110835811
2019-01-29,0.002258930260360442,-0.0037144752654193975,-3.488270085212936e-05
2019-01-30,0.008907196456325097,0.008083608001843915,0.001383596585096678
2019-01-31,0.0028364044114756242,0.005099107766859976,0.007094443586617106
2019-02-01,-0.014100078077608524,-0.0008140945210285767,-0.004511882658250705
2019-02-04,-0.0009142836489669362,0.007191283590550478,0.002578521311055643
2019-02-05,0.006878260126815415,-0.003132512380229091,-0.0002915904187285242
2019-02-06,-0.01670189889369317,0.0008223591596609134,-0.001996181384234862
2019-02-07,-0.009472894124359425,-0.005105884206278616,0.004288696671159768
2019-02-08,0.008088892436733679,0.00738627702520564,-0.0058457025387388395
2019-02-11,0.002630858907775579,-0.006589547252323912,-0.009465733432593068
2019-02-12,0.003907744239140784,-0.005761766785048631,0.0008981320590486011
2019-02-13,0.0169354532686098,-0.002538852428244814,-0.0005527189594915849
2019-02-14,0.004416975006555823,0.005289294698704646,-0.005411389001919832
2019-02-15,0.006120992093898613,0.0038193795443155418,-0.006842209984740135
2019-02-18,0.02459670974496493,0.00048820251291642653,0.00772253351067522
2019-02-19,-0.001724241022814416,0.004075704844669181,0.0018520593918387189
2019-02-20,-0.006980944872566456,-0.00046165489884459634,7.858289228711961e-05
2019-02-21,0.004050167584224194,0.001689715117071985,0.008780979635837762
2019-02-22,0.004150919264500053,0.006606904302624465,0.0040882499722622685
2019-02-25,-0.004540438527515874,-0.0009864754928168532,0.007077107082160823
2019-02-26,-0.009091573175993626,-0.0030654904830868246,-0.004719815712466086
2019-02-27,0.0209885997988107,0.0018814868573079622,-0.004869570360498738
2019-02-28,0.003141591233492206,0.0029610972299662025,0.0024683009404640652
2019-03-01,-0.006390568432618681,0.0004417909485811146,0.0016579968723831552
2019-03-04,0.008443372720516387,0.00401352525482413,0.0049986481426395
2019-03-05,-0.0007823063640520104,-0.0008050365449340486,-0.006523155501250639
2019-03-06,-0.002075933016860481,0.000510184038333968,0.002814389663886578
2019-03-07,0.005260455847230438,0.001498299530254439,0.003957074533681178
2019-03-08,-0.011426940414085209,0.0011494441521497788,0.0037446882672455485
2019-03-11,0.0033736448352545516,0.006453086517155397,-0.0016267775248300894
2019-03-12,0.017416593269585768,0.0014782250000013291,0.002074460686384306
2019-03-13,0.004395598959775796,-0.001215608539685404,-0.003102628367861411
2019-03-14,-0.00318590893405118,0.0021119268059640465,-0.0011717843273885238
2019-03-15,-0.004363947523854178,0.004035403361080505,-0.004171745357191735
2019-03-18,-0.003493059760105984,0.003096941766075182,-0.0030346629173550084
2019-03-19,-0.0020856641024300294,0.002875230284651915,-0.0009638493135164799
2019-03-20,-0.0032002587948244472,-0.005992200574056139,-0.0019637469905514878
2019-03-21,0.0084468029696711,-0.009970050467361309,-0.0030351657722225613
2019-03-22,-0.015398881928880847,0.005101058154482496,-0.005198388208712883
2019-03-25,0.007958000453709205,0.0017554297848245283,0.007844383153836045
2019-03-26,-0.00321717872628305,-8.630966646107965e-05,-0.0020022517728970368
2019-03-27,0.00359253007125835,0.002777252111120619,0.0013198622941249176
2019-03-28,-0.009942891191807772,0.007709239742663654,-0.007035887824977408
2019-03-29,0.012157679601644924,0.0056541246633856415,0.005430596531637667
2019-04-01,0.011410714641546856,0.003848882291207831,0.0006686426019473853
2019-04-02,0.008836314731750663,-0.003546902531330574,-0.001775498171700509
2019-04-03,-0.013432792982141853,-0.003027163211879505,-0.0017405642826557929
2019-04-04,0.007662089639594474,-0.009545618725470828,0.0034776394310642184
2019-04-05,0.0038436957887213797,0.0025340538955396803,-0.011812381714979158
2019-04-08,-0.014247441224193106,0.004434508789844664,-0.003296773354836305
2019-04-09,-1.8676453937339373e-05,0.004760712184766047,-0.00047633535040476926
2019-04-10,0.0034808104012993626,0.0027017218851071033,-0.0005224443249250637
2019-04-11,0.005204677464408357,-0.0006162674329092553,0.01002124785471366
2019-04-12,0.0017953523025397015,-0.0022571098476405755,-0.0013503738817925274
2019-04-15,0.0028210827516264173,-0.00330145918436306,0.003960907968246617
2019-04-16,0.01346250253027786,-0.0006536993966607964,0.007246628746143805
2019-04-17,0.011234305189196119,-0.003911305015585794,0.0026824563431537187
2019-04-18,-0.02560349458404469,0.007023816260034348,-0.002695264285125354
2019-04-19,-0.002656946993539138,-0.005209486212262403,-0.005137950343947784
2019-04-22,-0.0012818592478955613,-0.0007882131075568925,0.002981681130856819
2019-04-23,-0.015568887154542738,-0.007744873653723496,0.006580100894625797
2019-04-24,0.0010476475240908095,0.0011862194451922599,0.002183852382116481
2019-04-25,0.01143881995169456,-9.534839028520691e-06,0.004933792615744602
2019-04-26,-0.00957911073631531,-0.0014271614145581577,0.010367788190952347
2019-04-29,0.0032276084482088505,-0.003731133064120216,0.0033494971375624765
2019-04-30,-0.008042411295667939,9.84734235046579e-06,-0.004402531463175671
2019-05-01,-0.005847208213117091,-0.0021778435600569514,0.0002042430620178192
2019-05-02,0.013496542707530316,-0.000547471557466677,0.0054808607740846026
2019-05-03,-0.004683020381006425,0.00782972000767197,-0.0009951191637920518
2019-05-06,0.004359912401095622,0.0006887088635702766,0.0060228223792518345
2019-05-07,-0.016640963044548884,0.002131468831896131,-0.0002677475919535658
2019-05-08,0.01696085805255392,-0.0018578591027219797,0.0013373896837873404
2019-05-09,0.00562387201675849,-0.003137742038699048,-0.0014029641613753979
2019-05-10,-0.0014424985838523549,-9.183085379459147e-05,0.0006381453612842994
2019-05-13,0.005379918589999052,0.010015704019408897,0.0008497897110781631
2019-05-14,-0.012488374860530291,-0.001149710779575842,-0.00643416770566687
2019-05-15,0.010842776675773914,0.0014457512134592899,-0.0017663731703243019
2019-05-16,-0.0027158629794678713,-0.0033135940603621606,-0.004932832347413761
2019-05-17,-0.001636625635435912,-0.011021088153607002,-0.0016284344295534356
2019-05-20,-0.00422490053468936,-0.003159325327726624,-0.003180655078660798
2019-05-21,-0.0050258626247102626,0.009522838109415047,0.004047284704942302
2019-05-22,0.006452035504655677,0.002381561178899064,0.004093599748342044
2019-05-23,0.0025031616509380056,0.006563696804213807,0.0022411766173339085
2019-05-24,0.006065733272627358,-0.0013908889397279034,-0.0050705969248593386
2019-05-27,0.00012084779462985694,-0.009427324415026644,-0.00039253910885417005
2019-05-28,0.0048187982996946285,-0.004434836013849782,-0.0053887692471205
2019-05-29,-0.0035696386953253446,0.0015880990441766746,-0.0005891735438043865
2019-05-30,0.020267586572685934,0.0009504554437458029,0.0025896846689170824
2019-05-31,-0.013911373747874486,-4.1695186312916375e-05,0.003968417291660419
2019-06-03,0.011548435912066859,-0.002120996049745275,0.001891379119436174
2019-06-04,0.012511167056488736,0.0037588627472129764,0.0050338862560561646
2019-06-05,-0.0074694292536903436,-0.0020053866960038466,0.0010390255477498343
2019-06-06,0.020263462495003756,0.0012312674806507998,-0.0009342410880411895
2019-06-07,0.009159412546507864,0.0007813126601304145,0.003494642038797647
2019-06-10,0.008940251061406205,-0.0014740097734488498,0.0036259044007066967
2019-06-11,0.0004521996832328902,-0.003525184204158254,-0.0020966867932948555
2019-06-12,-0.001755035423968088,-0.0017093203468918445,0.001515929034280276
2019-06-13,-0.0016846794433564728,0.0074944871307909885,-0.0011772534973465106
2019-06-14,0.0037147753668756544,0.004449791453064713,-0.00803437920880162
2019-06-17,0.012810676475305064,0.004081554925127914,0.0017604259684532773
2019-06-18,0.0018318279607527764,-0.00314585482709926,-0.005178088727162063
2019-06-19,-0.008002992608235612,-0.005750757091867558,0.001312896837335042
2019-06-20,0.007619843561464817,0.004385976863034482,-0.006141225208644827
2019-06-21,0.008490356717553129,0.0036190690417997775,-0.0028786683080829637
2019-06-24,0.006091935756030074,0.0005489959067302091,-0.0017343952069427313
2019-06-25,0.006909490158724843,-0.0014821595503338432,0.004806899081245384
2019-06-26,-0.0022383531714202727,-0.0058557786169401264,-0.0021340602399437087
2019-06-27,-0.008160902504175215,0.003469601777514009,-0.004299883814434829
2019-06-28,-0.007613740875767018,0.004744540459863639,0.001457380327974375
2019-07-01,-0.01451916923612072,-0.0027163697139647785,-0.0008678943549354188
2019-07-02,0.0023325375039135476,-0.003050398402958492,0.003162242242597356
2019-07-03,-0.0005510390490393425,0.004964247700035213,-0.004047519796658139
2019-07-04,-0.003759889340767378,-0.0025674578515739277,0.0008434155285591136
2019-07-05,-0.026400569419105627,0.00711624083142553,0.009878267186908745
2019-07-08,-0.01102585722724752,-0.0004362070314628399,-0.0009571158361373732
2019-07-09,0.0102875658626285,-0.0015462468274665987,0.0007469216388025125
2019-07-10,-0.005781634000568179,0.00018043200485358656,-0.006644161032150485
2019-07-11,0.0034453250989115725,-0.0015465269374560786,-0.003411917151968614
2019-07-12,-0.012316168869777305,0.004504849545390727,0.0018388828081710791
2019-07-15,0.01314834934123308,0.0035432405583015474,-0.001319590970008877
2019-07-16,-0.0010962489404920874,0.004352425171003326,0.0024577318424031176
2019-07-17,0.0028103635683518167,0.000738078962776251,0.0016997547431863713
2019-07-18,0.021132018126935163,-0.001825417993233452,-0.005272117743511042
2019-07-19,0.013847960905304633,-3.625602971093184e-05,0.00406122513049927
2019-07-22,-0.0025590905915835196,-0.0017027871662810964,-0.0049707397736896
2019-07-23,-0.005138981663833233,0.005866386052731839,-0.003059687623229708
2019-07-24,-0.0027299051036757858,0.004009094895194405,0.0009179396621368519
2019-07-25,0.00478908423628882,-0.0003660922674288397,0.006268092032026317
2019-07-26,-0.0007470172082578401,-0.003705899827085083,-0.004015505408509961
2019-07-29,-0.0033571973050312448,0.006163358752815269,0.0005907378136782087
2019-07-30,0.01340463125638138,0.0005467365421772034,0.0006240818753213636
2019-07-31,-0.000827889026000532,-0.0005206698407869371,0.0026294399110897526
2019-08-01,0.02089630183733587,0.006198610878875833,0.004736122198716356
2019-08-02,0.001016683073769557,-0.0020397952535122716,-0.0016163010560077597
2019-08-05,0.016267865548022543,-0.0012757076053181394,0.004047396965051799
2019-08-06,0.003415874804395641,-0.0009230357935030585,0.005321286875305518
2019-08-07,0.00886664515924503,-0.005266276686567364,0.007135836715486293
2019-08-08,-0.00632149946365952,0.0012629414617037924,0.0020076931988864816
2019-08-09,-0.007483833003286706,-0.0030493789787138037,0.0006297476414105342
2019-08-12,0.004337353595134887,-0.002282886929244491,-0.001898337894459477
2019-08-13,0.009096979182187836,-0.002817741917606656,-0.00583594692859843
2019-08-14,0.0005623085180041658,-0.0023482808132157746,-0.001111814130633992
2019-08-15,-0.011377540015753272,-0.003355657856063258,0.00044935094490603287
2019-08-16,-0.012042325296603942,0.0009888567104798863,-0.0004379692097316272
2019-08-19,-0.012644227619676169,-0.0006223723699428578,0.0023908719712593123
2019-08-20,-0.01570859901645443,0.00019203255283246326,-0.005816693097626107
2019-08-21,0.0011853682350237876,0.009415152305849253,-0.0007278970811592213
2019-08-22,0.010325395295372228,-0.0006222447243967899,0.007979078036521241
2019-08-23,7.92579176767211e-05,0.0024197904889454664,0.003982395038008894
2019-08-26,-0.02014373281604067,0.0028749983973439157,0.0024647605168508844
2019-08-27,-0.0015168441430109382,-0.0002514264974570954,0.0015627295000899604
2019-08-28,-0.0012651909696934638,0.0010951965261801527,-0.0014617274295946666
2019-08-29,0.01906398875202895,8.279276104970259e-05,-0.007016281007026853
2019-08-30,-0.012914241216276006,0.0008102335828459132,0.0018285143616479963
2019-09-02,-0.003316098423392761,-0.0023460671573925485,-0.009793713265158674
2019-09-03,0.015552674124901076,-0.0019768452383192954,-0.0013022234504511058
2019-09-04,0.004249805072118932,6.768901313230492e-05,-1.4636758009324212e-05
2019-09-05,0.005269817661647821,-0.007887614575403974,-0.0017887617416280557
2019-09-06,0.001231259933214904,0.005984291159061298,0.008685532240540923
2019-09-09,0.0031694918479153807,0.008643432071996518,0.0072973711404002465
2019-09-10,0.0071984857725068225,0.0006814010396988574,0.0041312469347070556
2019-09-11,-0.0070853768700348966,0.002661876709004019,-0.003701307064289509
2019-09-12,0.008102527210173798,0.004324230680201986,0.007685661307861818
2019-09-13,-0.01215702715196985,-0.005298678958313076,0.0024758765552948037
2019-09-16,0.003155311755483843,0.003713111781137694,-0.003767918639012045
2019-09-17,0.0018086686695769445,-0.0017057591777369003,0.00013086764518496926
2019-09-18,-0.005346637793728971,0.009162896919267378,0.0038342994141525306
2019-09-19,-4.167477930820614e-06,-0.0007530382799947788,-0.0023955153625692337
2019-09-20,-0.005402861373989977,0.0036327288926866408,0.0005621302186911665
2019-09-23,-0.009445311941755697,-0.0007136517214405325,0.0012659055087206367
2019-09-24,-0.002982532674522799,0.008786771025321787,-0.0044034168061599975
2019-09-25,-0.009735897718344952,-0.002049400868155621,-0.0010803713910316065
2019-09-26,0.0031051771768392327,0.004660355149309557,-0.004101850300172755
2019-09-27,-0.01015076944737127,0.0025067115298077853,0.003474672062826876
2019-09-30,0.006607793206919461,0.001617239846656642,-0.00363222170230886
2019-10-01,-0.010433311611359379,0.0009160296041790906,0.0011672148165255596
2019-10-02,-0.0048966542402290565,-0.002668050070787452,-0.005560623273574391
2019-10-03,-0.005421430673936611,-0.010344225241736308,-0.00453374753256524
2019-10-04,0.01212632055987355,0.0042975684338464595,-0.004727524836682727
2019-10-07,0.0031726095105493266,-0.001955356441377137,-0.0011583006155203213
2019-10-08,-0.001705604222899548,0.0046784005747281185,0.0007215264798818443
2019-10-09,0.004688474969627509,0.0014067910716626599,0.0014590211807665242
2019-10-10,-0.01876473112596719,0.004801027124080482,-0.007088940526841177
2019-10-11,-0.000188202306768167,0.0032075700804378945,-0.0006745575361186679
2019-10-14,0.01817762760024286,-0.009858780721916803,-0.003002288438840408
2019-10-15,0.001391118557624053,0.002459582464991988,0.002136713971081032
2019-10-16,0.0008112185225240194,-0.0013747019424579369,-0.0010705453243170478
2019-10-17,0.005133155416779764,0.004660044749072705,-0.0003233240224739466
2019-10-18,0.00826044718982911,0.0023648299805471987,-0.0029797957540122393
2019-10-21,-0.017777200236008737,0.0024118761518624283,0.006898590838361999
2019-10-22,-0.01494093833611924,-0.0010889711828330016,-0.005134317692932808
2019-10-23,0.002092621619775319,-0.0036504247684311657,-0.0015989359615555818
2019-10-24,-0.006233889057077587,-0.0017315478358821024,0.0004303938130918734
2019-10-25,0.012008227359979229,-0.007199569046123794,-0.0010054418488609214
2019-10-28,-0.002636569508967015,-0.0023613749381865825,-0.0030557439308274885
2019-10-29,-0.01721077662141806,-0.005856636398157729,-0.007246734145645629
2019-10-30,-0.011212125251595971,-0.005750963215031243,-0.0027660358035670324
2019-10-31,-0.024547084176675178,0.0004659153889048378,-0.0038375393660047895
2019-11-01,-0.0019071298355462125,0.002136195758015843,0.006716898370852141
2019-11-04,-0.00149545714537945,-0.0001271739207008632,0.009058783714392211
2019-11-05,-0.0036201643880370794,-0.001995161989353608,-0.00020316671198241184
2019-11-06,0.009909911351267647,-0.0037896326489557032,-0.005619026161196492
2019-11-07,0.010986678528650241,-0.0012687719694588432,0.0029521764228494893
2019-11-08,-0.0013334958102050006,-0.003288892164910983,-0.003924305965271593
2019-11-11,-0.019012243007291704,-0.00025132296848524497,-0.002196684214378665
2019-11-12,0.0057555342244303255,-0.006086127096315622,-0.0025153982447331576
2019-11-13,0.005198242056577178,0.0028052703128229116,-0.0020020226408158357
2019-11-14,0.002984524131412505,-0.0022681244883027687,-0.0014188810059630025
2019-11-15,0.009033317743773042,0.0015050276011293535,-0.00525400779731706
2019-11-18,-0.010283452868149358,0.003548887982524768,-0.002808054646639041
2019-11-19,0.01827879847566625,0.0013114835277240006,0.0040797769914537405
2019-11-20,-0.00843484977827681,0.0031965071583923304,-0.00013422776149662092
2019-11-21,0.006943006344807691,-0.008266557051416285,0.0005012553659550827
2019-11-22,-0.014986129249720164,-0.0019714266548155456,-0.008928992521405187
2019-11-25,-0.008172382185430456,0.004412306667156336,0.003791134634095371
2019-11-26,0.013847317820528025,0.002036918153264886,-0.0027420795606524742
2019-11-27,-0.0021480984070076487,0.00739385306220585,0.004495874217470779
2019-11-28,0.00775930344619518,0.006817521919868069,0.0006170992167907865
2019-11-29,0.002332598498473215,0.001198368537802547,-0.0022482137161813007
2019-12-02,-0.000744623404001554,-0.001007914475539227,-0.006711158382204722
2019-12-03,0.012474652924394206,-0.003833754852267959,0.008699383829712304
2019-12-04,-0.0019299294218671028,-0.0019032342621409894,0.003212989092189536
2019-12-05,-0.015826642968071236,-0.0016329876339574647,0.0034522975987560166
2019-12-06,-0.007029160827565346,-0.0023729967695268594,0.007275310821810502
2019-12-09,0.005160725558315247,-0.003673350990964185,0.0008963480489154449
2019-12-10,0.003759581957262573,0.0016063063500881799,0.005409600205527012
2019-12-11,-0.013903524252118942,0.006786558712568938,-0.0019143010309873147
2019-12-12,-0.006319082674673809,0.003733027072921035,0.002950314131332828
2019-12-13,-0.005035492142820219,-0.001289680233081293,-0.0025203868296988243
2019-12-16,-0.003089226347028025,0.0040561153904028376,-0.0020154351819372533
2019-12-17,-0.012183222297413962,0.0013866034673555286,0.00038800230181710443
2019-12-18,-0.005455339973075307,-0.00016281740374737044,-0.005069595639838894
2019-12-19,-0.006357494367335747,-0.0004124909025896172,0.0013176968894987229
2019-12-20,0.007143799337857273,-0.0007997605519530554,-0.0012478328394970764
2019-12-23,0.007482091798912193,0.0026042644909490807,-0.007950242531150722
2019-12-24,-0.0011122941227993436,0.0005586803291056855,-0.001830647543035693
2019-12-25,-0.003328358162836583,-0.0029136911903079603,-0.001380218812613571
2019-12-26,0.0014593188083520206,-0.003107408436401407,0.0034113458593529695
2019-12-27,-0.007149175967100174,0.0012236159251266727,0.0011407918099751093
2019-12-30,-0.010121488739506967,0.001714604862733101,0.005789889468092589
2019-12-31,-0.00826199088033145,-0.0012525305772671368,0.0020804383824993065
2020-01-01,-0.00551331847574311,-0.004528022490984977,-0.0022158442809371444
2020-01-02,-0.010271264198130438,0.005003860468340528,-0.00023343744190611938
2020-01-03,0.0016585360315658727,0.004154418438108403,-0.0013921921476461694
2020-01-06,0.0067674410640533745,-0.007949506003893993,0.0019518914244526767
2020-01-07,-0.014083884707184174,0.005358331693254121,0.00023928858985290975
2020-01-08,0.00042615840094430016,-0.0008359031893320557,-0.002514238535835688
2020-01-09,-0.00177942215739702,0.0007599483201085705,3.4401884250058197e-05
2020-01-10,0.003273578169831226,0.004552892240210509,0.001844722662219034
2020-01-13,8.355108706770747e-05,0.0066101551465162145,-0.004025686153207116
2020-01-14,-0.012882393519384677,0.00401146114018212,0.0012680350465788185
2020-01-15,-0.011161503689714488,0.0009641219958022365,-0.006314732384607299
2020-01-16,0.0004648121802647545,-0.005502562745211994,0.004422285372566432
2020-01-17,0.009459028277709584,-0.008104927295938954,0.002108723243087895
2020-01-20,-0.019727686339387027,0.0035126357560980146,0.006517132142487195
2020-01-21,0.0033115392182142193,0.005368121382977906,-0.004466385759101703
2020-01-22,0.010906598047588789,-0.003258579443352192,0.004533806915265838
2020-01-23,-0.0011772328858559178,-0.0010791198589549193,0.0037431202542725205
2020-01-24,0.005151822464237966,-0.0022290635535418195,-0.0007289281888315592
2020-01-27,-0.006127621728080219,-0.002335600293956014,-0.001506573412219627
2020-01-28,-0.0008742957934918912,0.0042998447355678615,-0.004340584225960145
2020-01-29,-0.014388221664773363,0.0008734925310145695,-0.005383238790889972
2020-01-30,-0.020899089775769864,-0.0009167132455826767,-0.003004937277892118
2020-01-31,0.008684892211027476,0.01063008008204149,-0.005023102569611825
2020-02-03,-0.010464954349519976,-0.005737683596030241,0.006382889934362472
2020-02-04,-0.005699750605030874,0.002191644325983142,-0.006008207693075767
2020-02-05,-0.014077980279431737,-0.00419591314068878,0.0005955819124243782
2020-02-06,-0.01428972732775488,-0.0006297474879769659,0.001742820507540421
2020-02-07,-0.003164539300851547,0.0005945535378506923,0.0014299969277918089
2020-02-10,-0.008166194747220818,0.0033783828785403677,0.001781154441595919
2020-02-11,0.0018017389819522862,-0.0010447275806440895,0.0037856012697987007
2020-02-12,0.0024728457708163266,-0.0014677923911873675,-0.0017836886497466819
2020-02-13,0.0012876468169214644,-0.0011163403912540315,0.00035020258276084845
2020-02-14,0.0005474071183559932,-0.004319810745204703,-0.001174246051862921
2020-02-17,0.012599913844386976,0.002529239208366746,0.005210102365000726
2020-02-18,-0.011208343921403973,0.0011253374831276333,0.008399463693899503
2020-02-19,-0.0020944137958262598,0.0017406746852602004,-0.004775735040645501
2020-02-20,0.008594208384676299,-0.00027817201013232297,-0.008124403370417298
2020-02-21,0.009780858284042328,-0.0007715118395603728,0.0022765262760760852
2020-02-24,-0.014395872844101154,0.004702401352923405,0.004281491536942835
2020-02-25,-0.0044111989749028285,0.004087145880628064,0.00782790925299382
2020-02-26,0.010623089862805345,0.005659202344737552,0.0029515614048666234
2020-02-27,0.002972711946791587,0.0014903774059834823,0.005583123834748827
2020-02-28,0.00015736728331795487,0.005410656378621676,0.006640242931505241
2020-03-02,-0.0035591622409119105,-0.0016643305588816563,0.005859111086523468
2020-03-03,-0.005054208331369709,-0.0008034071445653249,0.003524642040652595
2020-03-04,0.0009939715678129175,0.004780403014727846,-0.005128838251774089
2020-03-05,-0.00387136712486035,0.003373686153040955,-3.3447423353427124e-05
2020-03-06,-0.0019832075893999974,-0.0011618016276595863,0.0012001544762366711
2020-03-09,-0.0008926116449646637,-0.004185032944078843,-0.0003992385327744822
2020-03-10,-0.007702643756441493,-0.000815856827969891,-0.00015242383139524621
2020-03-11,0.003189164364932944,-0.0027394737651081393,0.006268912254751616
2020-03-12,0.024628201835738776,0.006898013929954699,-0.0030273267347534546
2020-03-13,-0.017592879753934677,0.0030401625740790034,0.0031962094514666113
2020-03-16,0.001316112717709819,-0.003063690309547063,0.0012657664995169235
2020-03-17,-0.00844171079757015,-0.00417996384266005,-0.0034301295569533164
2020-03-18,0.003596623197673249,-0.0031132530951382222,-0.004306405993014315
2020-03-19,-0.0011809827400492516,-0.002235300953865336,-0.006805260293920658
2020-03-20,0.005256692966382171,-0.0006668015751887775,0.0019423081197950907
2020-03-23,0.008979559188579017,0.004458185963523549,-0.0002529792536041547
2020-03-24,0.0001317900599136319,-0.0038660675654120145,-0.0033031097199070995
2020-03-25,0.008588470595727603,0.0091581489793862,-0.007504420497744223
2020-03-26,-0.022698681044098095,-0.0037732009473146187,0.0017308436073955639
2020-03-27,0.012714070681244208,-0.005636190924378396,-0.0006949091744012644
2020-03-30,0.0017755593670310608,0.0067532193012938835,-0.0028547738874027196
2020-03-31,0.008100590201706637,0.005285022399347824,-0.0038561596986033124
2020-04-01,-0.010778881703573693,-0.0007293951910251411,-0.0009543006536930637
2020-04-02,-0.007276928934448021,0.0015253292604981061,0.0018799859429570365
2020-04-03,0.0015134446473029672,0.0016262764764080559,-0.0013199319376853977
2020-04-06,4.665899596283286e-05,0.0005468497149742344,-0.004754105309185902
2020-04-07,0.002747617292089906,-0.005185918153881892,-0.00023249982014195177
2020-04-08,0.009960636448369696,-0.00992786873066501,0.004182189869010468
2020-04-09,-0.01568698283772564,-0.0033789047292936683,0.00016107036497684354
2020-04-10,0.008964371645455781,0.007264617645483791,0.0002736941691771534
2020-04-13,0.0002745371896213432,0.007421654010906625,-0.0013026758271126977
2020-04-14,-0.0016340367501209295,-0.0010473478579692355,-0.0035586552422584177
2020-04-15,-0.013040037109464012,-0.0038318568900946857,-0.0036915896654148633
2020-04-16,0.004727438015391785,0.0011124848789175212,-0.006647416267007661
2020-04-17,-0.021526970659279335,0.0017559247818681022,0.004724903345548606
2020-04-20,0.006035546101148413,0.0024028780771762305,0.0018498167041913973
2020-04-21,-0.013228952519256926,-0.010108114731350391,0.00032994735701158753
2020-04-22,0.0006811212135572663,0.01263102473530065,0.0011823310671095575
2020-04-23,-0.0008725195359512839,0.00452989867217453,0.0013581175848995644
2020-04-24,0.010725843325644953,-0.0007914548149586662,-0.0029381851610196896
2020-04-27,-0.0014078965211250113,-0.002873910520643413,-0.0013010493171732123
2020-04-28,-0.006047247050310991,0.003949222776318419,-0.0018968347095304652
2020-04-29,-0.004359424263740827,0.0019815784601381653,0.010045696067500018
2020-04-30,0.011655944918791971,0.0003685899521380453,0.00408080816582434
2020-05-01,0.005026672722628042,0.0018333385345632462,0.0006715291393015684
2020-05-04,-0.003270669833708451,-0.00045087841689845775,0.005463937100518739
2020-05-05,-0.0019280177796806206,0.0016074490628692083,0.0049587529780336665
2020-05-06,-0.01390459381526902,0.0029054514038140146,-0.005522097230260014
2020-05-07,0.003696267807663869,0.0013732674963281082,-0.0008914131242998317
2020-05-08,-0.015638341369259193,0.0011636875932876758,-6.529758723434254e-05
2020-05-11,0.006966168192519104,0.0055714405328447245,0.002446111795928266
2020-05-12,0.0013575943324213927,-0.006388428477673826,-0.0008959709811697328
2020-05-13,0.0216825661961653,-0.0031915291142337225,-0.00039412446035150386
2020-05-14,-0.009701219983518751,0.00010624274392409034,-0.001845395309165359
2020-05-15,-0.0007239588193656964,-0.0029194703317169638,0.004195740650340433
2020-05-18,0.01638458930830756,-0.0015841301529757642,-0.005773361770912221
2020-05-19,0.010922506762622729,0.005150967131560177,-0.001709419086269354
2020-05-20,-0.006065908464219097,-0.0005958838958309003,-0.007374703977584409
2020-05-21,0.0022157068553610294,-0.007316844110855896,-0.00411855777259302
2020-05-22,0.00021799420773578512,-0.0016933669173371157,0.0012687098654876109
2020-05-25,0.0027376028065474144,0.00023245269653548824,0.0013446171598425884
2020-05-26,-0.0060881239238634675,0.00015875812982530746,-0.0012527667681626216
2020-05-27,-0.0006038836243066106,0.0022241497653856575,0.004495940584551111
2020-05-28,-0.014182471377490421,0.001897554299021895,0.0054161715491971565
2020-05-29,0.0014161110668127386,-0.0005553043941039431,-0.00027690934111989274
2020-06-01,0.004250186060796488,-0.0047721590329817334,0.0010017314255768418
2020-06-02,-0.0018467747137949557,-0.0017645570065502496,-0.001810177768893598
2020-06-03,-0.014335458015263088,-0.002491106226487193,0.0025075508858061037
2020-06-04,0.009096786765663162,-0.0011404152107450242,-0.004776241920098588
2020-06-05,0.00348072534193522,0.0027646741410315475,0.0071833392375170975
2020-06-08,-0.006334135879308791,0.0016164109982550095,0.004559941050912902
2020-06-09,-0.002325404021542575,0.0032960228549667424,-0.004795705415764412
2020-06-10,-0.013306024625036548,-0.0015363328144111757,-0.003156073902002729
2020-06-11,-0.009028691150001138,0.006033443073138934,0.0016849950561793048
2020-06-12,-0.0046403021172142555,0.002691354050386881,-0.0013530044147344845
2020-06-15,0.01125578731052136,0.00044893872736782907,0.0021783981948865967
2020-06-16,-0.005555530517987281,0.0024133863375118774,-0.0014375853880644253
2020-06-17,0.0059619229339588275,-0.002703041658524126,0.006099247032480233
2020-06-18,-0.004644845825754218,-0.008435016863841686,3.3227970805214306e-05
2020-06-19,0.0024315280476668736,-0.002426785476279113,0.009682220524034986
2020-06-22,-0.0010725595192942194,0.0029898278289686737,0.00241070118845132
2020-06-23,0.008057509400834691,0.00032086415875585413,-0.005397617352992534
2020-06-24,-0.004613302043967021,-0.0005473378907114936,0.00834598633389299
2020-06-25,-0.013952754250021966,-0.003391360283110912,0.004394715819482064
2020-06-26,-0.012237541282272692,-0.007823303303666143,0.0015205905003239193
2020-06-29,-0.004586897445484817,0.005699382483259161,0.0025865338247937114
2020-06-30,-0.011041539736102474,-0.0008315789672464287,-0.004756187058468752
2020-07-01,0.0038919081411159613,-0.0017181519275887638,-0.0072175044413450564
2020-07-02,-0.0039919134837227005,-0.002686585068367489,-0.00016699883000542443
2020-07-03,0.02157145895023788,0.005018089910506516,0.005515081356596673
2020-07-06,-0.015439431356234186,0.0035254032495175376,0.0015828353730744243
2020-07-07,0.002032698608388211,-0.003868957856843815,0.006836685989636577
2020-07-08,-0.00995157721155102,0.004658171860174139,0.005284883132768759
2020-07-09,-0.004240612063444107,-0.0005802816756850689,8.243482714181139e-05
2020-07-10,0.0014727752600648975,-0.002442168751948909,0.004735027685308902
2020-07-13,-0.020728342373868582,-0.001174449547190202,0.006090381543418919
2020-07-14,0.0023314350510922474,-0.003133189002059588,-0.00032072788433150747
2020-07-15,0.017326167160467507,-0.005283508410995161,-0.0008551022421792884
2020-07-16,-0.0038809446853173353,0.003104523862034357,0.0005618019493329681
2020-07-17,0.0025382707112495853,-0.0008828194361258719,-0.009647631310901263
2020-07-20,0.009424295238128592,0.0024688381345810825,0.0011217276063033724
2020-07-21,-0.0012755815002429688,0.0011488533245181856,0.002881751932339255
2020-07-22,-0.005028641696783349,0.002194164445412959,0.0005780443656620057
2020-07-23,-0.02028162763349577,-0.008183947221628348,0.0013786976814454952
2020-07-24,0.005968916474554759,-0.0034670409974280683,-0.0001739055023980134
2020-07-27,-0.0008185156875600751,0.002277459021607393,-0.007988087559817225
2020-07-28,-0.008914154662493455,-0.005099322776543872,0.006650379043613459
2020-07-29,0.001339370392499242,0.0014922603352489259,-0.0014713153896068736
2020-07-30,-0.005053123211255632,-0.005562818320074299,-0.0024710805101206927
2020-07-31,-0.004555835180039731,6.577593397877676e-05,0.005431931113807311
2020-08-03,0.005656620404978373,0.006439961575744227,0.003914801873844858
2020-08-04,-0.0118454417019146,0.0030984004613264986,0.00109226342390311
2020-08-05,0.009625837574663825,-0.007402963789762938,0.00307747889239838
2020-08-06,-0.01237917546806563,0.003393485617264739,-0.0046199533427619295
2020-08-07,-0.005764312675197374,0.0072889529069183326,-0.00032357749607819265
2020-08-10,0.017506515746599192,0.011188064040646957,0.005179136437828998
2020-08-11,0.0103461928547818,0.001900302949874757,-0.002708567276520678
2020-08-12,0.0010784359324589616,-0.00545767969554142,-0.003993333219975005
2020-08-13,-0.008264771939510947,0.0017387119120977177,0.00031441581134676036
2020-08-14,-0.004563450760299039,0.006384134393365859,0.0004082280443911767
2020-08-17,0.0008594778312712675,-0.0007483527190012142,0.0025902883993600733
2020-08-18,0.0005377090910563858,0.004172435691530233,-0.005512609748958577
2020-08-19,-0.0006178383666336656,-0.003358411995510752,-0.010197507081602521
2020-08-20,-7.749262675765895e-05,0.001489413012507403,0.003684927709755478
2020-08-21,-0.0017293759873460266,-0.00995831806068051,-0.004331927892818997
2020-08-24,-0.012777808620760115,-0.0038013415273468725,-0.002439961444724754
2020-08-25,-0.004448596679447496,-2.4482589127423972e-05,-0.008732941927815825
2020-08-26,0.008431616485881619,-0.0014534269223057427,0.004091650728102231
2020-08-27,-0.012115008677960056,-0.005202469977102986,0.0014013528962901244
2020-08-28,-0.0015059996038535065,-0.001998624792339824,0.001240778176203793
2020-08-31,-0.007177785358937596,0.0013186201938719868,0.0012138203367581452
2020-09-01,0.0012021538645830018,-0.00034491034844087525,-0.008240648616125942
2020-09-02,-0.003297698629601363,0.00024375027948347533,-0.003940663953631622
2020-09-03,0.013496542984772021,0.002927875212342955,-0.0018069084417847822
2020-09-04,0.004759248387712283,-0.0013726508029329862,-0.0029949710845453385
2020-09-07,-0.011606228491994901,0.0054367115322076585,-0.001086046198584821
2020-09-08,0.006241052104523286,-0.003957084264405651,0.0009847988107151804
2020-09-09,-0.006771866706358567,0.007712010212238075,0.004025753265020765
2020-09-10,-0.004992967342397802,0.00445215452197705,-0.005920816108162801
2020-09-11,0.0030243711809640962,-0.0014239911220488876,-3.534154719390839e-05
2020-09-14,-0.004225726777571213,-0.0011572748169243218,0.002846174715695109
2020-09-15,0.008235702346906598,0.0008269423664469438,-0.0036963326798872785
2020-09-16,-0.006770590553620558,0.002394683719487907,-0.0007713310950715153
2020-09-17,-0.005370518973322269,0.004378193100933828,0.001866208461949398
2020-09-18,-0.00570733804193298,-0.005362364992060333,4.483543791806238e-05
2020-09-21,-0.00489074873519535,0.0017497704882449882,0.0026967910422642538
2020-09-22,0.010092723999930315,-0.00846605700985086,0.00037879258819838553
2020-09-23,0.005859166642492727,-0.0007092019433419336,-0.0012474501586569793
2020-09-24,0.01558949558610864,0.005815650015149832,-0.004690839019455499
2020-09-25,0.020608797835093288,-0.005670436128873994,0.000988674225654654
2020-09-28,-0.009076453287391057,-0.0063969511441266495,0.00039989110996948104
2020-09-29,0.0008337721459455999,0.0008831803981919033,-0.0039713281112224
2020-09-30,-0.010385802849790895,0.0055497166566904075,0.002328223299381055
2020-10-01,-0.006798453349734403,0.001301581804341288,0.00507169402536008
2020-10-02,-0.005470742592301025,-0.0076184715875262056,-0.002640372271856041
2020-10-05,-0.009314393867244468,-0.006732513652185097,-0.002910528577111836
2020-10-06,-0.009266985456085721,0.0003909857317176776,-0.003056594227685274
2020-10-07,-0.0010985594066822936,-0.00471696967718307,-0.0067146462087490375
2020-10-08,-0.010750465765477663,0.0005467451756226245,0.00801792674750038
2020-10-09,0.007779142632238695,0.0007839804530677568,-0.0017955415220630767
2020-10-12,-0.008059781836757627,-0.001959030042630843,-0.003433816709656951
2020-10-13,0.025486120730867527,0.007259017175795252,-0.00450710018795737
2020-10-14,-0.0038624600586795563,0.002361868819737168,-0.0015518698655759236
2020-10-15,0.0008481587772534699,0.004846363515176705,-0.0027808374666532664
2020-10-16,-0.011458070660194315,0.003682327033086489,0.005752292747042216
2020-10-19,0.015554825823148754,-0.0006002942477994709,-0.004994951264255221
2020-10-20,0.010275506127226245,-0.0007777890053573922,-0.00615413692515335
2020-10-21,0.002872242836625013,-0.0011904801473150823,0.002207136329149647
2020-10-22,-0.01192122293901609,0.002724409010000976,-0.00042882598523723465
2020-10-23,0.0020960018995215823,-0.0026014607094874543,-0.0008917793451164622
2020-10-26,-0.009892879414155294,0.006900131768138271,0.002238544985217856
2020-10-27,0.013361197371260247,-0.002983477214689572,0.000546846549178133
2020-10-28,0.0074827525866785535,0.0008579002891881139,-0.000187270347441142
2020-10-29,0.0010589513463896251,-0.0009163232481837945,-0.005622584407694561
2020-10-30,-0.021727380969225902,-0.0018031732575461068,-0.006672380598687317
2020-11-02,-0.008650743807931275,0.00868938740985445,-0.0028017135251621906
2020-11-03,0.006389850184398851,-0.0017562173656498526,-0.004337459763595719
2020-11-04,0.011115953225508401,-0.0012188847239697062,0.001076823194092748
2020-11-05,0.010182528303429184,-0.002656534393823559,-0.007194859642839052
2020-11-06,-0.014128117020173097,0.00016416246275569152,-0.0017886403717409347
2020-11-09,0.0029139707613161365,-0.00040522546937077586,-0.0006922994333271034
2020-11-10,0.009339636948346365,-0.004477012522817218,-0.0001586211181264784
2020-11-11,-0.014725020090240204,-0.0016974794573906254,0.0015958570508381625
2020-11-12,0.0001288593616408729,0.0024387461711358463,-0.0013061607739638307
2020-11-13,0.002664581584776106,0.0041079473976878165,-0.0026699680158417537
2020-11-16,-0.002506881263620614,9.600245186192093e-05,0.0049779206017991654
2020-11-17,-0.016469456698610815,0.0002359791626128374,-0.0012801307541833373
2020-11-18,-0.002731282990663558,-0.0014439802870611063,0.0056765214702172015
2020-11-19,-0.0027457488722952158,-0.0020097668078315318,-0.001300508997777394
2020-11-20,-0.0011326516409297875,-0.00367829211952921,-6.507865307919007e-05
2020-11-23,-0.004871242828825626,-0.0062265978169558055,-0.0005549893900069129
2020-11-24,-0.0037871093791732057,-0.0028097866964261475,0.0009248744345293002
2020-11-25,-0.00015735654112280104,0.003616211469362054,-0.001679392779583808
2020-11-26,0.0041820914447274,-0.0016976677707887084,0.0003845398949829965
2020-11-27,-0.0025398408657100044,-0.0013840747347761678,0.006123256106382508
2020-11-30,-0.0034868403553120165,-0.001461940798858589,0.004195407158898246
2020-12-01,0.0010311863442901226,0.004978830663330936,0.004222953374478133
2020-12-02,-0.017088243333056634,-0.0037135302821253505,-0.0053677222873100006
2020-12-03,0.004493316145038122,0.001108213353559974,-0.004720479766804451
2020-12-04,0.00019493212589337074,-0.0002738645342806559,0.0008710036910279582
2020-12-07,0.0005572417393780564,0.00027170730037907523,0.0030829517018237437
2020-12-08,0.008846608768350176,0.0009774016284658017,-0.002076542209765803
2020-12-09,-0.017375339770434234,0.00022865976107228024,-0.0027903394550248136
2020-12-10,-0.017564504828730673,0.0031720875466036773,0.0055753720106918574
2020-12-11,0.0026642346079116756,-0.0001170293118517155,0.002743506667014561
2020-12-14,0.00013594830384335807,0.00697750557370279,0.004231946722918026
2020-12-15,0.0017315924887273898,0.00017791975586738438,-0.0017658002337329
2020-12-16,-0.00395914367655201,-0.0068138675304010785,-0.002080082349263376
2020-12-17,0.00617918306815938,0.0025532414325749268,0.003795562418652632
2020-12-18,0.00859374958692008,0.0015683872210391274,-0.0010509034410235948
2020-12-21,0.0045558406455637425,0.00013018012704769753,-0.00244342811756815
2020-12-22,-0.002147456125641248,-0.0010382852624845782,-0.00365278574554086
2020-12-23,-0.018769204488529628,-0.008458476265839144,-0.0020451805585583265
2020-12-24,0.007123125872334152,-0.007787376249062701,0.003500334205834706
2020-12-25,0.011195557995958335,0.006590076881989925,-0.006038659426911811
2020-12-28,0.006001025707855819,-0.002342010412397548,0.0025162098733757052
2020-12-29,-0.007716781846307559,0.003862481710208834,-0.0028328750349845945
2020-12-30,0.0062641495430098195,-0.006412133092961847,-0.0008412015791477756
2020-12-31,0.007944767371653009,-0.004187433181473063,-0.000584982322469424
2021-01-01,0.01422934623019177,0.002714563787526863,-0.000882979486549246
2021-01-04,-0.007684989318051619,-0.00041000414279453195,-0.0011485105196618749
2021-01-05,-0.0018380912608972461,0.0021506686879575157,-0.001777423735364789
2021-01-06,0.006925448460291096,-5.453026371923079e-05,-0.002285700695765612
2021-01-07,0.00071669064294342,-0.0008306878560264345,0.00527909418786189
2021-01-08,-0.009855948418461472,-0.002720175312699561,0.00010019726427971046
2021-01-11,0.003931546565240327,-0.004776010623720003,-0.0005037931728997908
2021-01-12,0.005407954704336499,0.005610805158929995,-0.002578610889408345
2021-01-13,0.0009916660669790178,0.006269236424519525,-0.0016317752845227298
2021-01-14,0.0021762643446194972,-0.004154811818976736,-0.0025646848334454713
2021-01-15,-0.002128353115171571,-0.004416316408027793,0.0030613766876580037
2021-01-18,0.013504510421444533,-0.0013910925696883694,-0.0030143963458837066
2021-01-19,-0.007906229653414087,0.0013617400594526084,-0.008984983486592856
2021-01-20,-0.00508588686487401,-0.0007272728318266775,0.0002332321498595454
2021-01-21,0.00029886962174773056,0.0019980802609908853,-0.0011175633102808366
2021-01-22,0.008110586249308034,-0.00019699579044546263,-0.0023431528672292075
2021-01-25,-0.013276358530850829,-0.00045852456579693386,0.0036462244797907857
2021-01-26,-0.011592670747888952,0.009652314947079474,-0.010934078412192464
2021-01-27,-0.01813955656961246,-0.0021008130063812276,0.006304976259879562
2021-01-28,0.0004942570272794371,0.0065597875712981885,0.0042187110417899664
2021-01-29,-0.009864752354858893,0.005787452270723455,-0.002512213052779272
2021-02-01,-0.00326095099016125,0.002016374026338596,-0.0018031370867320074
2021-02-02,0.006152403709025371,-0.007704527345798102,0.0020175478058507565
2021-02-03,-0.005573884487045619,0.0001242299614518471,0.002124863959363991
2021-02-04,0.002281538204690281,-0.0020587790295821876,-0.002535527430286243
2021-02-05,-0.002494041169765498,8.036276576189453e-05,-0.006467107015457041
2021-02-08,0.006249028835867931,-0.004251867169551529,0.008454770884808017
2021-02-09,0.004476152606132078,0.00302503179620021,0.003824496199742205
2021-02-10,-0.00602740326557149,0.003939940108444263,0.0006274121131774001
2021-02-11,-0.0013178657806040734,0.004680097208267766,0.0007031009969601782
2021-02-12,0.00959369057948445,-0.0015287148655381362,0.002485268113986085
2021-02-15,0.003740391832286873,-0.004237700408187093,0.002964253144180039
2021-02-16,-0.012372658519760181,0.0014067256658831392,-0.008345466709951871
2021-02-17,0.006100562550542444,0.007024297288594964,-0.0014034879174613076
2021-02-18,-0.009561495601926142,0.00027755853845413514,-0.0018193198248173015
2021-02-19,0.012912617629649053,0.0018091883444484001,-0.0006457386340079283
2021-02-22,0.009416889558569223,-0.0009396937835279916,0.00308317577256725
2021-02-23,0.0028089692832656073,-0.002013880823583052,-0.007160320789829246
2021-02-24,0.0016150955909257406,0.002633103754417995,-0.005396569542253508
2021-02-25,-0.00168129030424678,-0.0004242670693554628,-0.002726980146142507
2021-02-26,0.006306715562600252,0.00161409164611732,0.0006173805058662437
2021-03-01,-0.0031370035251585544,0.0020300274291081104,0.0033285024533614956
2021-03-02,0.0023201288357590447,0.0013900673565556327,0.006525293678244629
2021-03-03,0.00804740929867506,0.0022314212775509604,-0.0011454167995373964
2021-03-04,-0.004856258891730307,-0.003412022931040366,0.003321923638499939
2021-03-05,-0.005345734659916251,-0.003656117425387326,0.0028406499130630004
2021-03-08,-0.01054928932652013,-0.00017048642642902555,0.0021666766042805208
2021-03-09,-0.009380254715135549,-7.424528104499063e-05,-9.712375935280162e-05
2021-03-10,-0.01625555780297352,-0.0020892913068785144,-0.001598127753762015
2021-03-11,0.006768459101139766,0.0009640011856587026,-0.004261597322410451
2021-03-12,0.016480230878744936,0.003632869723336159,-0.004526371464486891
2021-03-15,0.01302796049123275,0.004750047496613944,0.0013883272939920212
2021-03-16,-0.014434760397638646,0.005649047490588624,-0.00021769004112765574
2021-03-17,0.006723692044005799,-0.00525920665222874,-0.0016620295113607434
2021-03-18,0.012998957149312007,-0.004651994294833702,0.0026592345051872353
2021-03-19,-0.003911289826647976,-0.001158581573766585,-0.0008019566683550981
2021-03-22,0.0011130268758504452,0.000321146164029505,-0.003652716615140914
2021-03-23,-0.017871037457242032,-0.0009536720154279555,-0.001065992276120734
2021-03-24,0.0026006255117897734,-0.002210557320730198,0.0032825193888319734
2021-03-25,-0.009372037564912455,-0.0012176729607894887,-0.004094053008703674
2021-03-26,0.0019967151612036308,0.0019332552897300122,0.0008371072701501737
2021-03-29,-0.013850826299699921,-0.005318489787168129,-0.00022170297757553671
2021-03-30,0.005085724020298363,0.00937342869034841,-0.0030432395654778166
2021-03-31,0.009420614078840208,8.397417353719727e-05,-0.0011734087481579652
2021-04-01,-0.006848618755436508,0.0042033895769149005,-0.006286732035114619
2021-04-02,-0.010032303232693909,-0.0023200195798580305,0.0004385607766293311
2021-04-05,-0.01920420738294983,0.0022973983700990738,-0.005458931933589439
2021-04-06,-0.0021977218066765933,0.00040036429131430287,0.004289748868891159
2021-04-07,-0.005034345408534446,0.0034272335755531724,-0.00036788969213675404
2021-04-08,-0.01375917471113249,-0.000794587671295008,-0.002287254626277097
2021-04-09,0.004277168806809544,0.0062062542683587124,0.004642237312225813
2021-04-12,-0.003849733436781842,-0.005968223389948176,-0.004127395376899072
2021-04-13,-0.00948162362780709,0.0037974953207920935,-0.002990731623341353
2021-04-14,-0.004791151650764024,0.00047487902213219234,-0.007316986648126583
2021-04-15,0.009841740850366541,-0.0040733067934917745,0.005238025217331108
2021-04-16,0.005626432493797,0.0078082634801884395,0.007491462786372788
2021-04-19,-0.0009702345534864084,0.007394790906270314,-0.006694375912768235
2021-04-20,0.005771945166183672,-0.008295482979293821,-0.0032630897624666643
2021-04-21,-0.01024820760748065,0.0007071375493832988,0.00027925432603220714
2021-04-22,0.0004913309065432748,0.0028226502189229465,-0.002062776548034611
2021-04-23,0.001525900974378235,0.00176681923327126,-0.00012526002457159249
2021-04-26,-0.004028528576488542,0.006062118433113732,-0.00047039176684123116
2021-04-27,0.00411912502361676,0.005230530830058458,0.0016302074407132181
2021-04-28,-0.006823901091800061,0.0010607494252687275,-0.0038438619758157876
2021-04-29,0.00478838636998506,0.009108414449646546,0.000770638600976975
2021-04-30,0.005166728943781626,0.003747386090830308,-0.0044645096916367906
2021-05-03,-0.026054438926273595,-0.0014056579807116899,-0.0016474316641262934
2021-05-04,0.010912751331591058,-0.0022093903793134065,-0.006947005310040085
2021-05-05,-0.027228693088174785,0.0049733660118944315,-0.0016181927658062754
2021-05-06,-0.005344441230005128,-0.0031718169061217675,-0.002290950331631899
2021-05-07,0.009428132308319796,-0.001638953117833909,0.003774317426954647
2021-05-10,-0.002655580527271966,-0.0009582875658193923,-0.0002370402892784058
2021-05-11,-0.012995673842225877,0.0014226135731046025,0.0004900129324152681
2021-05-12,-0.009643633555450034,-0.0007738334518463271,-8.980811398872784e-05
2021-05-13,0.009442151716885578,-0.005267883585920554,-0.008516435377623529
2021-05-14,-0.017093540774937743,0.004648318951963054,-0.007987785040686672
2021-05-17,0.010360919908658155,-0.0016175945951404605,-0.0012747105335232179
2021-05-18,-0.00029591889138060404,0.008079741075197967,0.0011142399526952226
2021-05-19,-0.0105315579739819,0.0012159600290393576,-0.000939460770880449
2021-05-20,-0.0050480356507242195,0.005068829937608637,-0.003456235899733801
2021-05-21,-0.00895501906991477,0.0025234460567231704,-0.0009612524774628118
2021-05-24,0.007996026807726757,0.005260225085826505,-0.0013083421361775782
2021-05-25,0.006791850287865543,0.002281355985057728,0.003116012995529493
2021-05-26,-0.015272450204884418,0.0009406753359672259,0.0028920799274632218
2021-05-27,-0.003432329066674006,0.004372936367426067,-0.002213658110574548
2021-05-28,-0.007568670961098494,0.009943888458368211,-0.0001996970153968409
2021-05-31,0.011841589716134332,-0.0010791877544195012,0.0011047971447696353
2021-06-01,-0.011950892063137788,0.003179707950900056,0.0016985775817627228
2021-06-02,0.014638061942165125,-2.0979690040594773e-05,0.006610392363161771
2021-06-03,-9.965265565243806e-05,0.0020242360819721383,-0.00011259052536646433
2021-06-04,-0.010257409657420787,0.00016863423030613557,0.004674979216826074
2021-06-07,-0.005895467656083501,-0.008630971542841613,-0.004640332310574411
2021-06-08,-0.007014569566916055,-0.0008007468709527079,-0.0025506952982028417
2021-06-09,-0.011271565618139552,0.003998220291234137,-0.008543297668045447
2021-06-10,0.0010534417375733809,-0.003060826493074282,0.0006052261600389419
2021-06-11,-0.010851239956226588,0.0036837857722861727,0.002590095819435332
2021-06-14,-0.0194232958786437,0.0007344366575613796,-0.01022154043898573
2021-06-15,-0.0032170882376335573,-0.0007659621234168367,0.0007531454703633619
2021-06-16,-0.016025705767760943,0.0036232615411334714,0.0024168413889273793
2021-06-17,-0.006569447812607683,0.0027241261742570466,0.0021889503853537583
2021-06-18,-0.007981925997430202,0.0016821882847921409,-0.004783444480138589
2021-06-21,-0.007640944648232328,0.0040636008111216565,0.003092479892368991
2021-06-22,0.01820866791431138,0.0008123932783543228,3.721798954159498e-05
2021-06-23,0.0007077041045261368,-0.006578664131956096,0.002364150475666063
2021-06-24,0.0024083390809579892,-0.0015124834925292776,-0.000503431563388112
2021-06-25,-0.01578758466708065,-0.007217609691119464,0.0015241494682218465
2021-06-28,-0.005685668202732298,0.002629459304834536,0.004436943200163111
2021-06-29,0.0021377236694736074,0.003584799357171871,-0.0008160882164096619
2021-06-30,-0.009020760216217056,0.003766808968532167,0.001136419235586836
2021-07-01,0.008372565591661869,0.001956378796919216,0.004999074781027163
2021-07-02,-0.01062426927310927,0.003871700517557195,-0.0005329206592390326
2021-07-05,-0.00237729522278658,-0.006306413353069844,-0.004501584661671394
2021-07-06,-0.005074464759780028,-0.0004302676871771504,0.0027041724966239775
2021-07-07,0.0016788859344372437,-0.00565966395523286,0.005739510442437496
2021-07-08,-0.005564410646698833,-0.0014333184512235564,0.005155134051270244
2021-07-09,-0.002238042643638436,0.00646500694373103,0.0028599510653154942
2021-07-12,-0.0019251708260018697,0.004372948729418775,-0.009376630336367006
2021-07-13,-0.006409489816521709,0.0026491416258976872,-0.002543330907985246
2021-07-14,0.004565844816474014,-0.0007264809144025726,-0.002338401950635211
2021-07-15,0.0023454953735368273,-0.003974379137782327,0.00017947356731247665
2021-07-16,-0.0005975255072785057,0.000748110735137716,0.006753059337762685
2021-07-19,-0.0036741250011576225,0.004442703327289227,-0.004322166534228784
2021-07-20,0.007368896274679972,0.0016394859570369369,0.008968808354385722
2021-07-21,-0.001922508194327632,-0.006342763156738248,-0.0015293118530969685
2021-07-22,-0.0025602755904334342,0.000418443588463341,-0.0030676052538937803
2021-07-23,0.001142210268993134,-0.007653312768265392,0.0033808188492471533
2021-07-26,0.015469280146737655,0.0032167353324240302,0.003697217067296503
2021-07-27,-0.011863205872190833,-0.0027720309922668602,0.002599787644094937
2021-07-28,0.007128712037498191,-0.004892485599411731,-0.0030778218672240193
2021-07-29,-0.016838540451142945,0.003271722650928814,0.0020081125109562906
2021-07-30,0.0021554584240576153,0.0022375113487359457,-0.004134230975602632
2021-08-02,0.014375745448478576,0.0009295958496568437,-0.0031889834559208326
2021-08-03,0.004598016720205764,0.008766831788604204,-0.0003794806564170294
2021-08-04,0.0017356257068581351,0.0025399993450238236,-0.003279854399604408
2021-08-05,-0.00484404521922768,-0.0025798277197094685,0.00421099299151453
2021-08-06,0.00047942480439698814,0.0020768154699397664,-0.002312670127638391
2021-08-09,-0.0020685653386302064,-0.0011443093735857717,-0.0008818248731243967
2021-08-10,-0.006873789471382198,0.005067035287588008,-0.003520793126696066
2021-08-11,-0.0024088805392738282,0.0011239088273217127,0.0041504392456866625
2021-08-12,0.0019854304456379556,0.0015196931472017943,-0.002664507897398771
2021-08-13,-0.006704953616775763,-0.005769473640781176,0.004568044410979014
2021-08-16,-0.007056536386162157,0.00024540647801180883,0.004274174341129007
2021-08-17,-0.012042190938329568,-0.00022506341706103684,-0.0017837638037809956
2021-08-18,0.0037165252348000644,-0.004096853820842204,0.0001186712330440597
2021-08-19,0.005107909357703543,-0.0008860059455553796,-0.0018948359062718062
2021-08-20,0.002284943998128657,0.0017430097743363132,0.0021828879810279088
2021-08-23,0.008886534434557992,-1.73983973760528e-05,-0.000777885245315603
2021-08-24,0.0009908087337265478,-0.005648398766336134,-0.0016699226550910596
2021-08-25,0.00372809843629181,-0.0010928673327877732,0.00018471665296018657
2021-08-26,0.0029345368307380653,-0.0018720991561594967,-0.006328863054103509
2021-08-27,-0.0006238601747638708,0.0007740540921247313,-0.00030339297922031316
2021-08-30,-0.004577396453166825,0.00034213024757768953,0.0025984478805575204
2021-08-31,0.020127373542127198,-0.0016464522484473875,0.0005522175210446768
2021-09-01,-0.003867558818681576,-0.0018026537736934055,0.0038066262628994626
2021-09-02,-0.005792899400083928,0.0002688903519379992,-0.0015091923514431028
2021-09-03,0.004106088411050962,0.003851907019946251,-0.001837162849305016
2021-09-06,0.002466689737655046,0.0011145620908327434,-0.004469276015904663
2021-09-07,-0.012443123928492946,0.005692277301162856,-0.0016229796141949036
2021-09-08,0.010304104291073648,0.0045327639153675625,0.007863570499857479
2021-09-09,-0.0006477511781574997,0.005986729984836609,0.00110217346074581
2021-09-10,-0.009798379856941484,0.005474510607212223,-0.0023421448631928818
2021-09-13,0.010899057029184865,0.00625179806696289,-0.004024567752268265
2021-09-14,0.005831080144365385,-0.004612571241884936,-0.006394122903063689
2021-09-15,-0.011180877927531226,0.0025897051116418736,-0.0033215742776292736
2021-09-16,0.016194645562319518,0.004873282211455586,0.003036774034154564
2021-09-17,0.006129176315295734,0.005596109287426475,-0.0017081270929678513
2021-09-20,0.00010823495937458483,-0.0030828752520558104,-0.0038326869925702865
2021-09-21,0.014511969250596014,0.002629522099725752,-0.0033927351361369633
2021-09-22,0.001633680054466765,0.0003008122598016764,0.0025979231997597285
2021-09-23,-5.274767593628778e-05,0.0073882409320304475,-0.0003250523015265114
2021-09-24,-0.005742701044197901,-0.005549166497577803,-0.0025088176568404384
2021-09-27,0.0054366539537637065,-0.003077158325691462,-0.0012335534782182864
2021-09-28,0.004489426705915818,-0.00724253529984938,0.00882353250218971
2021-09-29,0.00033212125900740157,0.0005784651481323288,0.004878492296822576
2021-09-30,-0.006909877184808426,0.009055361077078607,0.005874501318679391
2021-10-01,0.0013693686874946646,-0.00017736647413316853,-0.007008415782518858
2021-10-04,-0.00042818907185924093,0.0004041332900970166,-0.0006044091113477641
2021-10-05,-0.011801268868607809,0.0022009550824928187,-0.002579156396603533
2021-10-06,-0.01304631116191767,-0.00046516194002916336,0.0021753607833353843
2021-10-07,0.005286380409287924,0.0014641040765763214,0.004239227513808799
2021-10-08,-0.023216994835465198,0.001568846677311256,0.0013057048516801585
2021-10-11,0.0020486947426513395,-0.0033822266083741075,-0.003489880170637836
2021-10-12,-0.004102747519784421,-0.0003761868461986734,-0.002644053351988942
2021-10-13,0.01197421946191919,0.002967731705960985,0.0024822834645314186
2021-10-14,-0.004241213882384882,0.0037143044662523816,0.0028802926928377074
2021-10-15,0.006135357928267063,0.0051940066247771,0.000563809489749616
2021-10-18,-0.003372224571140124,0.001341744267131176,0.0005191636775582835
2021-10-19,0.001223733381375291,0.001423142844977763,0.00020049014307420114
2021-10-20,0.00683152877828046,0.0030007394608585,0.0010763862309889215
2021-10-21,-0.003963001446921221,-0.002379080854285232,0.0028638439006872496
2021-10-22,0.009168993960485636,-0.0025431162079566486,0.0025206628289461182
2021-10-25,-0.008743280893958347,-0.0004991914306175945,9.434173553366747e-05
2021-10-26,0.002851335583025412,-0.005100070798216415,-0.0001961976693093446
2021-10-27,0.008503757505090675,0.0016276030867996363,-0.0003491932362790275
2021-10-28,0.006140337426113013,0.004196328144673055,-0.0031213225767990557
2021-10-29,0.01744800389061869,-0.0028401745793534172,-0.003172112597326994
2021-11-01,-0.006670953855795944,0.0017405967595410842,0.0021758250992124427
2021-11-02,-0.01221234326213729,-0.0025165242037679734,-0.002851475545578255
2021-11-03,-0.008749015976456073,-0.0040663020079797045,0.0032557354716520955
2021-11-04,0.006143983098935933,0.008222244175038666,-0.00020537084414250784
2021-11-05,0.004681306408424407,-0.004008932544068969,0.0032783810337406512
2021-11-08,0.001120309936826742,-0.00511727727235138,0.002547835214219228
2021-11-09,-0.009906613441964168,0.0008588615882212512,0.003371719699088311
2021-11-10,0.0071018056399615465,0.0010740859138430648,-0.001905463026007487
2021-11-11,-0.010822342998854862,0.002668928564759763,0.0016355978019161684
2021-11-12,0.010630546241392098,0.008004912214039627,0.0029515519581934575
2021-11-15,0.025916945808258783,-0.0031085192607785213,-0.006205306797597729
2021-11-16,0.003498060319143954,-0.0023137473518956017,0.0068067737901954415
2021-11-17,0.005447973220919687,0.006435221989227429,0.009063812184456297
2021-11-18,-0.004235737920060034,0.0037564950620231374,0.003789153177991252
2021-11-19,-0.016091919889781345,0.003200325351046929,0.0032235230485199665
2021-11-22,-0.005224474267272001,-0.0023594747820292763,0.002355034389838074
2021-11-23,-0.009636057169888744,0.004503552881649008,-0.0012937333667469028
2021-11-24,-0.01282304118773514,0.003212731280724143,-0.0004406808450740724
2021-11-25,0.015701239477960843,0.0007581490724774625,0.0038576195814421154
2021-11-26,0.0026557626622319567,-0.0023397112409339694,-0.00389286877946569
2021-11-29,0.0036171882255258527,0.0004267822175537809,-0.004242867652516501
2021-11-30,-0.0025812012867662457,0.006593947553933087,-0.0015893167549699927
2021-12-01,-0.001355839741990927,-0.004375871010414722,0.002625012699582034
2021-12-02,0.008880956140154,-0.00319919627225388,-0.0034637446330968
2021-12-03,-9.10340682569389e-05,-0.0025112097402826615,-0.0009016642676694314
2021-12-06,0.004976245442222594,-0.0016432846240389798,-0.00042670241620803895
2021-12-07,-0.0015640386806051426,-6.294674608410809e-05,-0.004047476954537828
2021-12-08,-0.0028793760165884245,0.0038342841128076247,-0.009759071667142879
2021-12-09,-0.012462227490416757,0.001845656457669851,-0.0041060501576752175
2021-12-10,-0.017599741561304155,0.00024336420201371512,0.00104354606926677
2021-12-13,-0.002154057109597616,0.0011079739003213816,0.0019445738731098939
2021-12-14,0.0007084702279390941,0.0024959638414527173,0.00197745193544562
2021-12-15,-0.011375170330379117,-0.006726823784918379,0.0024382895793725527
2021-12-16,-0.00011027378531169589,0.004286336767018403,-0.002505579602149784
2021-12-17,0.0006837730669145182,-0.0033056517715456092,-0.0033624364999487494
2021-12-20,-0.01920407205453441,-0.001774041484709952,0.0015002320194034255
2021-12-21,-0.00803612193531551,0.001361741286814346,-0.0008470002809477636
2021-12-22,0.003865375043619216,-0.00030162331201566954,0.0036283144901844097
2021-12-23,0.003683528564561695,0.001947721764373358,0.0015254942573501963
2021-12-24,-0.010183074247597844,0.0005673116738256223,0.005135282251331549
2021-12-27,0.0016260324544976146,-0.001157329148246486,-0.0018621452173023822
2021-12-28,0.009401665028244249,0.006115032677505128,0.0042701370004313835
2021-12-29,0.007193656630918083,0.00283226212804054,0.008138703588553273
2021-12-30,-0.000657572083125411,0.001208469300542478,0.00021497024643050714
2021-12-31,-0.004011786819918632,0.0027700793634374663,0.001997226707763073
2022-01-03,-0.0054641003590105396,-0.0028213179708299826,-0.0037221131547939498
2022-01-04,0.004410378046186913,0.008699086967266737,0.0035762261035293536
2022-01-05,0.001955935758285992,-0.004350548804332554,0.004516232678097202
2022-01-06,0.0058646360549198025,0.00045267463317360607,-0.0019778127362664434
2022-01-07,0.0013868643180903679,-0.0011457051144709613,0.002344638284299352
2022-01-10,0.007568875553126976,-0.0012976575017081932,0.0011218909553784198
2022-01-11,0.0010513327966193014,-0.001817027025259038,0.001563141161103405
2022-01-12,0.007262198445185177,-0.0030868400039940056,0.003248078963061093
2022-01-13,0.00803740493329975,0.004753368819232478,0.0020755980359979274
2022-01-14,-0.007040739672023321,-0.004818811178331536,-0.0005559513046913706
2022-01-17,-0.016073296421836712,0.0039342555947352795,0.0033331854217205493
2022-01-18,0.014091435704130979,0.002594150938883929,0.004447424358098455
2022-01-19,0.002509928576410355,-0.0015235645267173846,-0.0022167777360799896
2022-01-20,-0.015230373059465093,0.002130429135175412,-7.1965081863022056e-06
2022-01-21,-0.0062243754749683996,-0.0006315960707862989,-0.0070747712208836045
2022-01-24,0.007146868631328455,-0.004404025354037408,0.0023343921901248527
2022-01-25,-0.0023170914801960364,-0.004361734618683626,0.004892470305057082
2022-01-26,-0.004408552773872144,0.0026217660658787636,-0.001029180909957045
2022-01-27,0.0128079367428167,0.0024142812947400916,0.0005337446313387761
2022-01-28,-0.009225584317454294,0.0009680456572768783,-0.0008807829397757599
2022-01-31,-0.0069833802197935045,-0.0015660661573620267,-0.0015355848955034555
2022-02-01,0.0021024782754344076,-0.0007617261345240857,0.0009286851473863833
2022-02-02,0.00371409438848494,-0.0013022126286561058,-0.003136970156111135
2022-02-03,0.0046670873090665825,-0.0069877765407074695,-0.0009411077457737294
2022-02-04,0.00840114240112052,0.00024501300102511725,-0.0036182037124235216
2022-02-07,0.0019872075861336515,0.0020898194448380042,0.0023563063433987065
2022-02-08,0.004604455450445682,0.00027043519511282284,0.0009569524810708086
2022-02-09,-0.0021328833338357485,0.007076596688076809,-0.0017249516695396969
2022-02-10,0.0007642847291304281,-0.0040182485793199205,0.00014831498248958242
2022-02-11,0.0011678076204827098,-0.0026444148675748816,-0.0008829010231053944
2022-02-14,0.002135883222371325,0.0005320759827346804,0.0045755806822905375
2022-02-15,0.007152858268244846,0.0009750672407697265,-0.001764049261373716
2022-02-16,0.0051963111375034786,-0.00760483450010509,0.0025401798617275353
2022-02-17,0.0005979530261016479,0.0024107919995024108,-0.0028208291412331727
2022-02-18,-0.007082133864469358,0.0009932673582223948,0.0032569536015196
2022-02-21,0.0008090413225643858,-0.008477571775332366,0.004149222400014432
2022-02-22,-5.216006406169536e-05,-0.0004668370755396873,0.004338025170378168
2022-02-23,0.0019386342183187852,-0.003234166087754671,0.005884067564554791
2022-02-24,0.020058727764263616,-0.001813293057255161,0.0011697800003161014
2022-02-25,-0.004513955006871118,-0.0053524031387114515,0.004951786806652967
2022-02-28,0.004000601172128236,0.0016647547146942895,0.006496719809281699
2022-03-01,0.009816158605198683,0.007047105522280904,-0.004488209455538016
2022-03-02,0.001082017226894446,0.0010600942966811305,-0.0024129525670528095
2022-03-03,0.021240606072549482,-0.008637536407054586,-0.005982802838068484
2022-03-04,-0.0032023536255832903,0.001142384149331195,0.004244576498899083
2022-03-07,0.0031168030008804234,-0.0007785551687961407,-0.006034129069553371
2022-03-08,-0.006989251704036838,-0.004404050139016413,-0.007119369361922789
2022-03-09,-0.002963722616289638,0.0014144953255641089,-0.004389570723580643
2022-03-10,0.002440405193569921,0.003519058912509423,-0.006953248042097723
2022-03-11,0.007816736560769567,-0.0026739739275725505,0.0010886321193017275
2022-03-14,0.0030718535062121675,-0.006574931243247564,-0.0043381705815438735
2022-03-15,0.011532033644012623,-0.008046688958171478,-0.006761131648015144
2022-03-16,-0.0006546877953340456,-0.0026627403743412887,-0.00016749328042068605
2022-03-17,-0.002789516768551048,-0.0006220138770392384,6.844811378818743e-05
2022-03-18,0.024535865965514474,-0.0020640222545499167,-0.0074791323899443965
2022-03-21,0.003748138844978277,-0.0027331283706495276,-0.002854804693882095
2022-03-22,-0.006275333913806929,0.00227159810851262,-0.00029855500789199504
2022-03-23,-0.00604837386023262,0.001851304184583697,-0.001427293093879549
2022-03-24,-0.008284119230782063,0.0007983736110407684,-0.0013179329082109506
2022-03-25,0.008629124202711091,0.0032659511373764245,0.004717147914944447
2022-03-28,-0.003079395636039176,-0.0026252294111812737,0.008586179169294295
2022-03-29,0.0013462622809083705,-0.004378236940234272,-0.0012531939439272086
2022-03-30,-0.00037157806994441843,-0.002089334696909487,-0.005287526130319017
2022-03-31,0.006783431671468411,-0.0023652110867270833,-0.0009383323944552596
2022-04-01,-0.00742069683595618,-0.008205157824188106,0.0007771724136780897
2022-04-04,-0.009480150575287139,-0.002182274558187883,-0.00021311417907937165
2022-04-05,0.0022186757646343483,0.004419402220728901,0.002442764472897577
2022-04-06,0.005608633562299073,0.00320341372247145,0.008847637000784857
2022-04-07,0.0031927908178787665,0.00210073542782432,-0.006852483428321281
2022-04-08,-0.007085083561875948,0.0005264721729479167,-0.0020283186681352167
2022-04-11,0.006297363578822543,0.005795594104568125,0.0061645727094460255
2022-04-12,-0.006494748343860708,-0.004240671579471844,-0.00208818224106334
2022-04-13,-0.0044938478030774505,-0.0038593084878514664,0.003157974022297693
2022-04-14,-0.00829558172249802,0.004497181094754132,0.0025236027893906355
2022-04-15,0.011910425137868276,0.00011041958735483462,0.00494751942725521
2022-04-18,0.005900793869246142,-0.0026847132281767145,0.007653358976638117
2022-04-19,0.005644940381109859,0.0022076985070258806,0.0013322908284020933
2022-04-20,0.011424902790282052,-0.0017538678467519401,-0.006983319141679618
2022-04-21,0.025513843234148507,-0.003350101981890939,-0.002801628705056477
2022-04-22,-0.015183034935191398,-0.003461407251468361,0.008744211466374458
2022-04-25,-0.006445389227893973,0.0012861974441040647,-0.005656791237539895
2022-04-26,-0.0053455757575707145,0.00082326198652265,0.0019872262767622927
2022-04-27,-0.0074573766014442355,0.006066987066623804,-0.01005803689627275
2022-04-28,-0.009498249228433411,-0.0011603569864060115,-0.005404908727558037
2022-04-29,-0.0024968775764982903,-0.0012285977951916496,0.0035477491255996516
2022-05-02,-0.010749433437604643,0.005758534122107664,0.00014384368131902293
2022-05-03,0.0032153813078367186,0.003942587173110363,-0.0015057673015531155
2022-05-04,0.0006652848928575317,0.0005795932150509566,-0.0032574240974196506
2022-05-05,0.004529257982872897,-0.006244050890325242,-0.007986170158540369
2022-05-06,0.004769556064744272,-0.00324741912913293,0.0027736235449065507
2022-05-09,0.0056270616808400875,-0.004216379189550945,-0.0011325894786302854
2022-05-10,-0.0031606804314149406,0.00014580710759747674,-0.006087460698054616
2022-05-11,0.019290290623703004,-0.0020333644581661766,0.00012075655804113493
2022-05-12,0.0023098800483388796,0.006411619571369199,0.0023249920616405123
2022-05-13,-0.016562362773623156,-0.006285748855096035,-0.0008026947605014927
2022-05-16,-0.008821381711895957,-0.004645358867650852,0.0004639707332496854
2022-05-17,-0.01546452690125034,0.000978515139519407,0.0001525072619497668
2022-05-18,0.00035601166236176596,0.002085744199056679,-0.002827179234512704
2022-05-19,-0.0008962470164800026,-0.010348544923583367,0.00021703845319932878
2022-05-20,-0.00401583128109512,-0.006941640636660975,0.0029408677252957703
2022-05-23,0.018298335011604626,-0.0010544147725624572,0.00413857469330233
2022-05-24,0.005140845866692197,0.00542417452593987,0.0031629173543573736
2022-05-25,0.006734885253017009,0.007551043540867879,-0.002700392124943652
2022-05-26,-0.008179661391478927,-0.0016579899606521038,0.0025448502062791344
2022-05-27,-0.008792304021979109,-0.0006825879096816648,0.0018618657093461808
2022-05-30,0.0005312494918725927,-0.0033474630291385715,-0.002838835169780781
2022-05-31,0.0017570642568700324,0.002532825599544489,-0.0018572509501577467
2022-06-01,-0.016506804104030114,0.006114118337975724,0.0027187724105901608
2022-06-02,-0.0014227632056458064,0.005024082949520199,0.00550763261122577
2022-06-03,0.00032664874586154323,-0.00011600245062166579,-0.007246687591921995
2022-06-06,-0.0017363424919401601,-0.003354126820540898,0.006560244953477179
2022-06-07,-0.0071205137111200875,3.278801723928304e-05,0.004656638703632685
2022-06-08,-0.004655816637290261,0.0055231468177343096,0.0007964740006641321
2022-06-09,-0.001391732742155164,-0.0016020683933864735,-0.000962866493431993
2022-06-10,0.00101720021249043,-0.007261716117391012,0.0015617337968765726
2022-06-13,0.005643124242955111,-0.0014400370132698714,-0.0025622614426358808
2022-06-14,0.00992770584455784,-0.0011161030139533565,-0.0007107800797866799
2022-06-15,-0.002449129511745248,-0.00728519264507799,-0.005900107805755918
2022-06-16,-0.0039054057650382205,0.0009281493279932762,-0.006966091828273443
2022-06-17,0.0041389010618087555,0.0020240186530215915,0.009329226538823536
2022-06-20,0.005697604247697687,0.0074395704592732405,0.0002523008736331512
2022-06-21,-0.0037078038993299694,-0.00532950782737245,0.0008147560840094672
2022-06-22,0.007313541292695549,0.002922085725155056,-0.00012293117244349596
2022-06-23,0.009016268070403757,0.003867344604703507,-0.0033110960779235647
2022-06-24,0.011825178190928057,0.002078483723741239,-0.0012282484390530684
2022-06-27,0.0162048881604784,-0.004027206531376498,0.00036475477587340243
2022-06-28,-0.00759774524793495,-0.004259706722970047,-0.0007865531102078601
2022-06-29,0.0003250838839926007,0.00038878700913525953,-0.0030088109107779173
2022-06-30,0.00030149926956794126,0.00036071063938516784,0.001917955172896179
2022-07-01,-0.0006826621167925682,-0.0022377352985148255,0.0007534587674725735
2022-07-04,-0.005643366276491225,0.005166548054133023,0.0015716310869747742
2022-07-05,-0.013170058029079642,-0.0016030063299682419,0.0028201792480793434
2022-07-06,0.0010341150142610341,-0.007574802976476148,-0.0006820956491930712
2022-07-07,-0.006715200935931213,-0.0008962260580193493,-0.0006755517611259122
2022-07-08,0.0009739413267286249,0.0019210933929828234,0.00592981024900822
2022-07-11,-0.00694639187528968,0.0013678446082441835,-0.003776060835636479
2022-07-12,-0.009696925112599071,0.001336890348559785,-0.007494526992897467
2022-07-13,0.002308685243392079,0.00597595605742671,0.002222154808229921
2022-07-14,0.0015582937412584636,-0.004459162286808497,-0.0025174003794970782
2022-07-15,0.005413537741888396,-0.0016948333934026984,-0.004309403829173795
2022-07-18,0.019872773897758624,0.006180216152041611,0.0035409520683696797
2022-07-19,0.002695605780897621,-0.007869399547857136,-0.0005790735350366322
2022-07-20,0.004565735903577166,-0.0002147777888110775,-0.005054256230527371
2022-07-21,-0.009498051959805928,0.0049156844609481365,0.007739784476038218
2022-07-22,-0.01138216696482737,0.0048560650037362384,-0.006442745057589598
2022-07-25,0.014445465020960002,0.002640465491385412,-0.0003467135693443988
2022-07-26,-0.008111318019399731,0.0027417572070467756,-0.007557107099388759
2022-07-27,-0.009195496643217777,-0.0041640924922205415,0.0010826329354089086
2022-07-28,-0.00015189029094897675,0.0054927083357167415,-0.0025644348008416855
2022-07-29,-0.0006117317203964952,-0.004800246845143176,0.0032770992613174784
2022-08-01,-0.007922558557989625,-0.004561652077493501,-6.954554522683525e-05
2022-08-02,-0.0025447589684179,0.0015514965246549825,0.005402431116027318
2022-08-03,0.011264381458850939,-0.0019720579828687982,-0.0017188556696156982
2022-08-04,-0.007053942479486178,0.0008267867961590352,-0.006418177424583671
2022-08-05,-0.012343052359295543,0.0017230683171209076,0.0009500642121074635
2022-08-08,0.008683342588098131,0.007112438957502195,-0.001010229921836784
2022-08-09,0.0046306722074423295,0.0017348983422656372,-0.007277039525509821
2022-08-10,-0.005384667585837955,-0.0024741372166338345,-0.0042215211043428414
2022-08-11,-0.01403950314514226,0.002705951832744541,-0.002948529781905957
2022-08-12,-0.006501610207947068,-0.003327016800328449,0.006221533561602933
2022-08-15,-0.0002923399316434417,0.0036526220975041644,0.0028297831982799157
2022-08-16,0.010691048808954372,0.000258511678277021,-0.0013909406511709388
2022-08-17,-0.009129237773826912,0.0016021752646277932,0.0018834789194889553
2022-08-18,-0.0005606789336032609,-0.007122615908458721,-0.008157839519440182
2022-08-19,0.006276301939054082,-0.00900298238072595,-0.0022596244445920056
2022-08-22,-0.021231406061097285,-0.00600569692965373,0.0016039815160334503
2022-08-23,0.009504075511450098,0.0069830834227938695,0.000661505225581872
2022-08-24,-0.010442055149857936,-0.004592619291388362,-0.0021574245836144326
2022-08-25,0.003187959441112411,0.002929239207955726,-0.00015323252852400028
2022-08-26,0.0024201483464966964,-0.0025676311956428213,0.0013524340188480724
2022-08-29,0.009961277523174604,-0.000960120396876961,-3.742664067395043e-05
2022-08-30,0.005158319428041862,-0.00017888102027703803,0.0034440158276938908
2022-08-31,-0.02119561442556983,0.006575113711245984,0.0012748084395505699
2022-09-01,-0.006863013224403922,0.0023380221231656985,0.0020449618817187164
2022-09-02,0.0014438461641795208,0.0015401325612814046,0.0068542191529203335
2022-09-05,-0.0015548189750780824,0.005186793728444785,0.003310025331860264
2022-09-06,0.004498496567810933,-0.0025327874550463278,0.006963833785523891
2022-09-07,0.007304299001027348,0.004273371907805734,-0.00268765746488072
2022-09-08,0.005676065627867111,0.003605210380634925,-0.006369655491382195
2022-09-09,-0.0017284744829901867,0.0035595974529741307,-0.0005611231628436276
2022-09-12,-0.016417033100084324,-0.0006200668116460308,-0.0009023854467095277
2022-09-13,-0.003899331239693355,-0.0017492595831097146,0.005837656609557423
2022-09-14,0.003947313333250596,-0.0034792945806776617,-0.004520177730627357
2022-09-15,-0.009614025272954296,-0.003228729459866152,-0.00031551584183976743
2022-09-16,0.005881472571094186,-0.0036680526042339678,0.001620717464171547
2022-09-19,0.00837553967540574,0.0014673910473043037,0.0004004100159374339
2022-09-20,0.0013418027866625832,-0.0009133452530802884,-0.0006861185889547843
2022-09-21,-0.02737401879681156,0.0017256007907200774,0.0014342738128253815
2022-09-22,-0.011302795264406229,0.0019515280786112166,0.004316390523647905
2022-09-23,0.01717570242700473,-0.004239024217153333,0.006142981884890648
2022-09-26,-0.0047188401372554025,-0.0043590741284369175,0.00013122882982433755
2022-09-27,-0.017657289008160965,-0.0009146415326932503,-0.003263383014378258
2022-09-28,0.011317226494792451,-0.003100482894455125,0.006138136376373459
2022-09-29,0.0003202003238930557,-0.003521648558105143,-0.004310533786941961
2022-09-30,0.01014446440061953,0.006782748036299482,0.007162315372460533
2022-10-03,0.0026926280769742875,-0.006133419087509652,0.00537654145967492
2022-10-04,0.004327032225909518,0.008092257709112042,0.00595759516571548
2022-10-05,0.003467083229430649,0.0011555055334363544,0.0027415634238923425
2022-10-06,0.006477394807289,0.0039449531320717044,-0.008449960160551261
2022-10-07,0.020696874037004882,0.0034733312693209263,-0.004156483324302178
2022-10-10,0.008939057023632692,0.002467836709064144,0.0012275528827722353
2022-10-11,-0.014023053860609813,0.006647327196572742,-0.0027025879942037326
2022-10-12,0.00421995363751013,-0.004329666753907127,-0.0012611195133515483
2022-10-13,0.01047332691292896,-0.0006255135111136351,0.002451232723303701
2022-10-14,0.011024307258825314,-0.0034113876500029895,-0.000679897140114548
2022-10-17,-0.0036394448475318957,-0.0067843181241295306,-0.004876082417297359
2022-10-18,0.010684500006693149,-0.0026449644742328952,0.0035426348525542596
2022-10-19,0.008549681595960847,0.0074901911128952845,0.0020596111006149056
2022-10-20,0.023352656932727568,-0.0006938667896708587,-0.000995983771918255
2022-10-21,-0.0065500156262366035,0.007934062853334239,0.002845064736418694
2022-10-24,-0.004366605187603827,0.008343308653772816,0.00038018825239035325
2022-10-25,-0.002555071436139585,0.01198052145478433,0.005325444769660984
2022-10-26,-0.004211999350348977,0.007621972076393224,0.000604831542230037
2022-10-27,-0.0078101867478724265,0.009432527461335228,0.005295710666322719
2022-10-28,-0.024664079551063686,0.0013006701642228964,-0.007494611125500851
2022-10-31,-0.003712295263508207,0.0009133129347466929,0.0018368760928473156
2022-11-01,0.0035242225372991397,0.0011793574448614016,-0.001591447186723357
2022-11-02,-0.004238996609553196,2.488184414561181e-07,-0.0034362039533740157
2022-11-03,0.017618430651761986,0.0005986525406701721,0.004634002317620503
2022-11-04,0.0003203823144427632,0.0030087302606136724,0.0035563497275052794
2022-11-07,0.011819261496657218,-0.0018632714211861542,-0.008025906756369886
2022-11-08,0.002552783714569715,-0.005510496951234843,0.002861982541265862
2022-11-09,0.007637665789039321,0.0014544751902901057,0.002376592185623739
2022-11-10,0.0027131739854020604,-0.002771219337299266,-0.002892286026630636
2022-11-11,0.012519061687132065,-0.0023570939898853545,-0.003341215787852661
2022-11-14,0.0007034541511916064,-0.000571012921256686,-0.006362300898393631
2022-11-15,0.004665086372799071,-0.0014885728781354993,-0.001350127588947858
2022-11-16,0.0034969964028503933,0.00444016997006677,-0.0007099501532262648
2022-11-17,-0.002394569123145869,-0.0006669661580933747,0.0031879871214340496
2022-11-18,0.003844840870322091,0.00464179855150687,0.001077521458002232
2022-11-21,0.020309476215779134,0.000824064995768614,-0.004239632461217329
2022-11-22,-0.0022335724788589777,-0.0003541160077426817,0.00095549729977938
2022-11-23,0.003975184035679234,0.0006328819451471765,-0.0010161816776156534
2022-11-24,0.011520010557824985,-0.005166519456082935,-0.0037393048546577818
2022-11-25,0.010462279528498522,0.0013523087578827832,-0.00635802897508951
2022-11-28,0.00030544775947428726,0.0033967571852598424,0.00249921334010203
2022-11-29,-0.021250498326616254,0.0039634017073849,0.0017855885979178694
2022-11-30,0.0048503253678361955,-0.005408696341511471,0.0022270761131236287
2022-12-01,-0.019775268327607474,-0.006075920808971905,-0.002912977733967054
2022-12-02,0.013429435078471079,-0.0021472741003233466,0.0006843194484070571
2022-12-05,0.0017252648407393451,0.005538649431971512,-0.005501456588268992
2022-12-06,0.0091970661788479,0.000883901574320984,-0.0039463312474075215
2022-12-07,-0.00791900024362946,-0.0030987809589928094,0.00013492879899333913
2022-12-08,-0.013772567259700488,-0.00581175786772152,0.0010494121212887134
2022-12-09,0.0025467894572705047,-0.002735957217814464,-0.006515271583757449
2022-12-12,-0.00010243095960527773,-0.0030062045140523113,-0.004230178857210553
2022-12-13,-0.004223867435414491,0.003742470874581025,-0.0014615713443329444
2022-12-14,0.0009619515265948739,0.004050176997548177,0.003834074931641171
2022-12-15,0.025106923028290335,-0.004199607488763746,-0.003252411011464878
2022-12-16,0.007710729926321518,0.0030126642463263993,0.0005623011311803122
2022-12-19,0.00964548745276987,0.002603027594701712,0.0009815705625363228
2022-12-20,0.0077954320239801995,-0.004718723259051727,-0.0009987673028938934
2022-12-21,0.013515159294669735,-0.0003352747953116069,0.0010720801526377388
2022-12-22,-0.0015106450561067038,0.0013632799526296679,-0.005379667218254988
2022-12-23,-0.018292851769077644,0.0006529416748694362,-0.0026231487942478004
2022-12-26,-0.0014972751970540878,-0.006842164307234226,0.00573743942987558
2022-12-27,0.0075056213899685155,0.0005247298180664746,0.006019059607990436
2022-12-28,-0.008528203556035662,0.0025450595657267048,0.0033716829811076127
2022-12-29,-0.001387293554403973,0.006318376675470094,0.004401568759814591
2022-12-30,-0.006025927687020817,-0.002675164800588594,-0.007303643424159051
2023-01-02,0.013718263266588173,-0.0021818126261155682,-0.003794783541174281
2023-01-03,0.006945113138659073,-0.0008354670634904413,-0.0012444062787124476
2023-01-04,0.006063865585795631,0.0011648636852675577,0.009662567705656159
2023-01-05,0.005794411818088741,0.0003880710704914209,-0.0012523358980257762
2023-01-06,-0.0001352432729691425,0.0024172319518683625,0.002979617198492695
2023-01-09,0.0019780065427475314,-0.004500746168860569,0.0015134881130193874
2023-01-10,-0.010466661224790856,0.0015874147571861962,0.0014244938429248352
2023-01-11,-0.01947797780875511,-0.0029688615209026163,-9.412249414884266e-05
2023-01-12,0.0015507301731052167,-0.0005733356082223143,-0.0048001313209044905
2023-01-13,0.0031159123064492993,0.006832054509024825,-0.01080465565394206
2023-01-16,0.011083381115828397,-0.005592971235064035,0.005127369928142905
2023-01-17,0.014342022344741308,-0.0011178698737574827,-0.0024659911450301553
2023-01-18,0.01432998636499052,-0.005098583089242499,-0.00746845277988423
2023-01-19,-0.008782212339644898,0.0006122718982070905,0.0017518440840117169
2023-01-20,-0.002970385314547923,0.00419293166156007,0.001675157636276145
2023-01-23,0.004523008662932415,0.0006786204753770787,0.0030715692459254654
2023-01-24,0.022987142099679593,-0.0004668634133426521,0.004462862807193488
2023-01-25,0.013520892833425243,0.0053136093162082084,-0.0036759454771184714
2023-01-26,0.010274574457985422,0.0013220097390885782,-0.003499926826673368
2023-01-27,-0.003290091599943615,0.003278264225247242,-0.0012748130735898901
2023-01-30,-0.007748796680396121,0.002861029547380539,0.0032865607362206487
2023-01-31,0.007300170950449154,-0.011504961616627044,-0.008410555975249544
2023-02-01,-0.00970595137810924,-0.000306675222483794,0.0005128253443650274
2023-02-02,-0.0019459271588227233,-0.00431229787552541,0.0037284872979226774
2023-02-03,-0.0008330015410173036,-0.0033172675766274472,0.003563425788072558
2023-02-06,0.014536208802105271,0.005898344429301173,0.002834246339349333
2023-02-07,-0.0029922757266370977,-0.0014992221812903683,0.004252002080982165
2023-02-08,-0.021753246747153537,0.007570272783224031,-0.010988730826062791
2023-02-09,0.004740001828962215,-0.005630753681083422,0.006453874758289096
2023-02-10,-0.006091196677935337,-0.004334683121109472,0.001321619814293499
2023-02-13,0.0005836792199397213,0.0030494026438078817,0.0053386050867120175
2023-02-14,-0.0005803423075791128,-0.0013654860790340345,-0.004698537907653498
2023-02-15,-0.0022633359623599144,0.001229309346404199,-0.0070153073783545995
2023-02-16,0.007313065236062334,-0.0004492273054790008,0.007145510740022559
2023-02-17,-0.013595783905174363,-0.0005703049518640307,-0.0037060873384780605
2023-02-20,-0.004453128024589242,-0.0012169442749283054,-0.0012433956185323599
2023-02-21,0.00635634121805643,0.000717973441630947,0.0021098185618499553
2023-02-22,-0.005326762978099314,0.0025665531501116116,0.003091546641154063
2023-02-23,-0.014279260383429745,0.006457688603889906,0.004313665179457142
2023-02-24,0.006216998089310622,-0.000810050141371271,0.0008935446695632093
2023-02-27,0.01030785167397385,-0.0015745531825435025,-0.0042172368922361505
2023-02-28,-0.00020495686878705698,-0.0020898462258365285,0.0028265305300168844
2023-03-01,-0.017447610386225793,0.005879135420129996,0.0028902242256005363
2023-03-02,0.006553727720289345,0.002761299588455272,-0.007260139564744877
2023-03-03,-0.014738990932777191,-0.007596133705752682,0.00567473936661341
2023-03-06,0.0029791934916334915,-0.007772482811185528,-0.009948302450241149
2023-03-07,-0.007787174422679438,-0.0033202315179923416,0.004137662546375396
2023-03-08,-0.010238553571902686,0.0009205817762174987,-0.0025364398722312973
2023-03-09,-0.003777190153717211,-0.00013388055687476224,0.002822037925134155
2023-03-10,-0.0014496780078453383,0.002059114207374723,0.00204077682119681
2023-03-13,-0.005597874253478034,-0.0007017737687331196,-0.0001484901956229364
2023-03-14,0.005498329503936355,0.00558967508551577,0.0018043465575212755
2023-03-15,-0.0038146244061295037,0.0030884455150960635,-0.00034579462165608914
2023-03-16,0.009021717845046398,0.0003103064284627442,0.0028558033062804906
2023-03-17,0.002730558490791315,0.00458135772213642,0.008741087048461521
2023-03-20,-0.006078014859366773,-0.006595624897260883,-0.005364955962539501
2023-03-21,-0.007593458954490573,-0.00034029885066089557,-0.012752585311752716
2023-03-22,-0.014627466691426946,0.000550049224511941,-0.001662697067783658
2023-03-23,0.0028165986008014017,0.0024081459998100377,-0.0019361035996561138
2023-03-24,-0.0029912879252622228,-0.006860664011314483,-0.0015102727015918966
2023-03-27,-0.021149759752571627,-0.0010416276274979263,-0.0037057558157104487
2023-03-28,-0.004621433854924601,0.0016018431854042977,0.003489736676806365
2023-03-29,-0.007909306263294566,0.0019086485055893434,-0.00552531782352675
2023-03-30,0.014381098329535942,0.004744519365816805,0.001803100422886635
2023-03-31,-0.015125007507039786,0.00304602132962698,0.0025538624714281726
2023-04-03,-0.012772157197606483,-0.0002433841974881645,0.0012658636281624477
2023-04-04,0.010189726787951298,0.002699894995795019,0.0019485731033036956
2023-04-05,0.012410868417175668,-0.0008054545422185301,0.003797069022909854
2023-04-06,-0.006504846448530773,0.0005870958110514112,0.0002142611290275932
2023-04-07,-0.005488772405280198,0.00317920940058945,-0.0013859864549026109
2023-04-10,0.005746118568979814,-0.00018120317275217002,0.001945481754499457
2023-04-11,-0.020743898172507793,0.0014479587181273502,0.002401464950447964
2023-04-12,-0.016550743160550004,0.0038452350772680503,0.003558724084875011
2023-04-13,-0.0023266006076564064,0.002848659442956212,-0.006849571039561915
2023-04-14,0.014149015095162134,0.004933887423525478,-0.0007341260827382302
2023-04-17,-0.003721570793500656,0.009313793191811642,-0.004261473149696096
2023-04-18,0.0011084311256163914,0.0028117110934277735,0.0022438593064480995
2023-04-19,0.010404103453076107,-0.0018451702056190187,0.0029068366853510492
2023-04-20,0.019161962599503313,0.002047292191279203,-0.0010976507246283286
2023-04-21,-0.0049916362583348126,0.0018752736659616693,-0.0029170719278337333
2023-04-24,4.8469486399165505e-05,0.002454042774041526,0.0023878541397043805
2023-04-25,0.01659849699208558,0.005980064988949488,-0.0005329692679718358
2023-04-26,-0.013499793476722853,-0.006736446035936026,0.005705866648493213
2023-04-27,0.009448229634984396,0.006055351965318937,0.007091812216597955
2023-04-28,-0.008964839791251324,0.007401667472232452,0.004002844194539557
2023-05-01,0.0011222513039284105,0.0022722826530808585,0.000930629624192414
2023-05-02,-0.001983571426602468,0.002368540324892532,0.0073022995447305835
2023-05-03,-0.008422104406311063,-0.0009665792290379955,0.000962881162319201
2023-05-04,-0.008647917348924474,2.5295959266820035e-05,-0.0019167755616624233
2023-05-05,0.0026877292782837904,0.0027918086365926083,-0.002701361745744282
2023-05-08,0.009159853953464138,0.002534209571081297,-0.0028140062498044705
2023-05-09,-0.0009676258286965288,0.0028828389200135497,-2.5478989340234694e-05
2023-05-10,0.0008310184285989472,0.0025066742864131345,0.0018523472646490744
2023-05-11,0.005340566596619424,0.0035935598965694798,-0.005660627757943672
2023-05-12,-0.008544568957116637,0.00314659467994259,-0.0017957037102706572
2023-05-15,0.006857232575716306,-0.004097394661040527,0.0008514040557895851
2023-05-16,0.0075740878735377215,0.00332907217403152,0.0025745050766435283
2023-05-17,0.023632636688753688,0.007434346465664909,-0.00010369100831928556
2023-05-18,-0.00318493771503624,-0.00010650700782160927,0.000978032535313363
2023-05-19,-0.003922736215013148,0.00599791979192991,-0.004954089627962185
2023-05-22,0.007120692844163709,-0.0036691811996463646,-0.0036471469507101018
2023-05-23,0.007571937520209244,-0.00011905047844174052,-0.000243447349136293
2023-05-24,-0.004615784380390408,-0.0025646326072394335,0.0020422044607599785
2023-05-25,-0.0034284640923704394,0.005516885009695196,0.0009252131687274426
2023-05-26,0.005070177543962363,0.0065619062176354055,-0.003395297546248205
2023-05-29,-0.007248258166611952,-0.0003967844803502488,-0.0009462479741927779
2023-05-30,-0.0034948058921351337,0.004684246090647403,0.006047353371507232
2023-05-31,0.0010063349063159119,0.006602506511613335,0.002177032930386247
2023-06-01,0.009163448163400322,-0.00013167543184667763,-0.0006501321734256227
2023-06-02,-0.005241387545615867,0.0005190064471879343,-0.004103347046878587
2023-06-05,-0.01638146015827605,0.0029344614785079353,-0.0028534844685603094
2023-06-06,-0.017049377207663897,-0.0033701519260811376,2.6361448936291954e-05
2023-06-07,-0.011134717600355198,0.0004403903808582433,0.0011037883944000262
2023-06-08,-0.011618509463799434,0.008571148424807752,0.0022622537804062363
2023-06-09,-0.001191496827579181,-0.0020000540810011873,0.0015519423375552582
2023-06-12,-0.010499921382378444,0.0034153049628260564,-0.0014809454490747396
2023-06-13,-0.006124794638390836,0.0020952177845480475,-0.0020444195975703214
2023-06-14,-0.006766772964838448,-0.0006550636348118086,0.00818795552915867
2023-06-15,-0.0037645707476319404,0.0008866203716375674,-0.0022258692877115366
2023-06-16,0.0121025389837081,0.0070104796981577166,-0.00516681478119159
2023-06-19,0.00615752830487465,0.002214388586317204,-0.006554869912209749
2023-06-20,0.00034516473748403485,0.0028392744930450515,-0.0014127555485188474
2023-06-21,-0.003949236525227543,0.006403449185007025,0.003759935282667322
2023-06-22,-0.0036990939096071904,-0.0011576417479926735,-0.002303790757364775
2023-06-23,0.0031497182295675452,-0.004187659639351381,0.005910058167773044
2023-06-26,0.005457521660170611,0.007073389566361117,-2.9126180554225832e-05
2023-06-27,-0.007968557554905402,0.0005460871304737231,0.004438232266986969
2023-06-28,0.0005283268005280834,0.003574403400596055,-0.0030308845301102584
2023-06-29,-0.01808457611796724,-0.0030493167424774413,-0.0029688669116791663
2023-06-30,0.002105424057535373,0.0015541052209846597,0.0003641828133198913
2023-07-03,0.0070593431776281735,-0.004387731139447429,0.001930218665379585
2023-07-04,-0.0023206176419278786,0.0002549593589123704,-0.0007158289702638135
2023-07-05,0.016548742965260946,-0.0025916927407131185,0.0011698618027231403
2023-07-06,-0.007731146026924453,-0.003510617339650206,0.0023539438138009297
2023-07-07,0.0021569637377293516,-0.0012124906774636942,-0.005682022719093468
2023-07-10,-0.00012242271999359923,-0.009173562571872825,-0.0013637497967565612
2023-07-11,-0.000702679006990675,-0.004639609751110133,-0.002074730116239026
2023-07-12,-0.0008288995120427286,0.0031296566250413127,-0.0018804886304834743
2023-07-13,0.001163945270085245,0.001390665558190908,0.0016275109140733946
2023-07-14,0.007831628691173298,-0.00429674778785043,-0.0020191577423290547
2023-07-17,0.012599626126472698,0.002191494277860265,-0.00802031054484734
2023-07-18,0.0001797477994625835,-0.0035128522886075405,-0.0009460746073373011
2023-07-19,0.007537844649544698,0.0028878554816536743,-0.004257624125033251
2023-07-20,-0.006115902516401042,-0.00046255629384730313,0.0019853279247301825
2023-07-21,0.007093599074536096,-0.0013004926015693084,0.003222787967414881
2023-07-24,-0.0066579237144429124,-0.0003642544949098186,-0.008699315440093468
2023-07-25,0.01001593942479319,0.010238113826662832,-0.0030969282801612923
2023-07-26,0.020095767896539152,-0.0030352060780894025,0.0014134920936768294
2023-07-27,-0.000898754991742526,0.0009062346650655149,-0.005635500540806255
2023-07-28,-0.019532891417266676,0.0031254748379694838,0.0031306435087208417
2023-07-31,-0.0047326563992034065,-0.003849651396355738,0.004197266139448888
2023-08-01,0.01128687620860373,-0.006377031349623729,-0.0006480625355729445
2023-08-02,0.005177691083227203,-0.0024043925718486917,-0.0030956463980736995
2023-08-03,0.0024402223880752656,0.0030378528044354715,-0.009242270501901252
2023-08-04,0.00927801520359355,-0.0013680138069131318,0.0032561011790444025
2023-08-07,0.004560080953235797,-0.0009244237254440996,0.008010147914705421
2023-08-08,0.011159526687060226,0.0036430786051683197,0.007182604793340612
2023-08-09,0.008474813089822869,-0.0032253723179794377,-0.0007798940699620198
2023-08-10,0.013895304074632629,-0.0003550212445844651,-0.004370703270871592
2023-08-11,0.003429164755156289,-0.006055364165267275,0.003350496905312531
2023-08-14,0.008347334613445593,0.0012828762429031829,-0.0005074751046081047
2023-08-15,-0.002564143657772068,0.0009180282982736407,0.0019125268945736735
2023-08-16,-0.0052131473040310525,0.0031821451926688704,0.001211006813187781
2023-08-17,0.015560908763770758,-0.0045810245266855445,0.00037201385671922803
2023-08-18,0.002145842086904192,-0.0007675503230896672,0.0041140552139301255
2023-08-21,0.00744392509276141,-0.005113881441832747,0.004262672276122472
2023-08-22,0.0013136601297025114,-0.0009844267446231954,-0.0020907507388462504
2023-08-23,-0.005078640858279679,0.005927152301764899,-0.003692449885545703
2023-08-24,0.0002988460332416119,-0.0012830110238959312,-0.009996463358200754
2023-08-25,0.013123946159909427,-0.005463679296979614,-0.0013846454403991764
2023-08-28,0.005197160668514816,-0.002719517059899265,-0.004373300634045335
2023-08-29,-0.01520325843757413,-0.006443807333668845,0.0016767876759883563
2023-08-30,-0.0017372001091853922,-0.005183091515228878,-0.0013434677393817196
2023-08-31,0.016240644134342407,0.0026839477899816,-0.0009097146011891799
2023-09-01,-0.0017241717566496043,-0.005785132949448414,0.003247864383007524
2023-09-04,-0.016004308225607625,0.0012493143614195111,0.0015890187201349781
2023-09-05,0.01723743996880289,0.0001029707035302932,-0.0004667602397466285
2023-09-06,0.006341532588315133,-0.0021261129963733366,0.006745702703741037
2023-09-07,-0.0004301157293152035,0.000909399920231107,0.0029525956653321376
2023-09-08,-0.0031427596247386174,-0.003750646037389022,-0.001663443414976568
2023-09-11,0.00994116736812562,0.003363377603308186,-0.0014850130638085198
2023-09-12,-0.004677850602035733,-0.0027933611942893245,0.003153518774016143
2023-09-13,0.010534307820643895,-0.0015454675544275477,0.0008113827935179469
2023-09-14,0.005079757571518303,-0.0020214040215884286,-0.00448463884133591
2023-09-15,0.0024021373293861494,0.0027578942576310635,0.0035788513591122817
2023-09-18,0.0015096332480203582,0.0021777756540355972,0.005028928800787515
2023-09-19,-0.001374712330427603,-0.010486804663695202,0.004725555472023381
2023-09-20,0.009610761081883391,0.0010169717451127163,0.0061709960060578545
2023-09-21,-0.007588085488916508,-0.006978371327302324,0.008276792518227964
2023-09-22,-0.014397326141471881,-0.0013652868487566525,0.0069198361412916055
2023-09-25,0.005729961106032271,-0.0004326960869868006,0.0013626471270388877
2023-09-26,0.005881144952604329,-0.0014082329181273482,-0.0008337115011638985
2023-09-27,0.0045221703726059,0.002003276888395666,-0.00731840678800855
2023-09-28,0.003869555326562349,0.0028803062643181286,4.34713817601787e-05
2023-09-29,-0.0026848634050379303,-0.0030938631712771627,0.002076544235647806
2023-10-02,0.007287344339469726,-0.0032391880099892838,0.00017421162170941796
2023-10-03,-0.00021002314079086786,-0.00014387821461006798,-0.007552883994689666
2023-10-04,-0.0041840220473366024,-0.006174928322264624,-0.0011464853949882945
2023-10-05,-0.0026070218102985988,-0.0019079119007507147,0.0025813281954267272
2023-10-06,0.018385757288982486,0.005392311333549431,-0.0041036601398556465
2023-10-09,-0.015414784738408892,-0.006025202260842862,0.0006627649809488039
2023-10-10,0.004698092938662189,-0.0013604694372536322,0.0017265080035170036
2023-10-11,-0.014911993848613454,-0.0023692032517204664,0.004471870564102978
2023-10-12,-0.000774100044906759,0.008021071525551033,0.006850421571176094
2023-10-13,-0.0037026473663876887,-0.0021514448266786138,-0.0015113042504426655
2023-10-16,-0.0185652546701189,-0.0019192435414339837,0.0007350295271628065
2023-10-17,0.003701338313903867,-0.0041230597112069224,0.0008602766902300837
2023-10-18,-0.0032203425597297627,3.728721426900419e-05,0.0025974994375534697
2023-10-19,-0.018692857083051195,0.0010806682200947503,0.0021496123425653827
2023-10-20,0.007756112816968268,-0.0035432793904783765,0.005700022241199084
2023-10-23,0.013115055601900414,0.003954891202887861,-0.009325186920883353
2023-10-24,0.013611119080669148,0.0010842543371540354,0.0016720843128919707
2023-10-25,0.00343060796586324,0.003407597075060727,0.001949644036096935
2023-10-26,0.0006145232471940394,-0.0013125421113596772,-0.0009409169301198632
2023-10-27,0.012153409588062172,0.0009727373235653335,-0.00905603896998234
2023-10-30,0.015341452268060884,-0.0008523859794963272,-0.0002439844430945352
2023-10-31,0.010402118325880625,0.005830726197964598,-0.002842243050759899
2023-11-01,-0.008273838420068208,0.0004650565494842484,0.006711821639694895
2023-11-02,0.002012103678934297,3.5015793259995244e-05,0.0015011654793114935
2023-11-03,0.004155645298622857,-0.001832967996083657,-0.00318193930997704
2023-11-06,-0.016086552720255064,-0.0020638545218886555,-0.008210580019180586
2023-11-07,0.004424245936586966,0.000950888299295308,0.002362470728873501
2023-11-08,0.0206569264338145,0.0032783498374908578,0.0027845967749745857
2023-11-09,0.005959425492207121,-0.0027382323916403527,-0.0008631074046141643
2023-11-10,0.013460717732975806,0.0005063171087045147,0.002414701928622433
2023-11-13,0.0018462325711583456,0.0007366779640764595,-0.001393082113853259
2023-11-14,-0.0004589649158543934,0.0014334540655024416,0.004268861100672647
2023-11-15,0.003631442510728779,-0.006829985607442875,0.003970739343082121
2023-11-16,-0.007142439831859893,-0.003698930798843953,-0.00655570148561169
2023-11-17,-0.008473976685109496,-0.005463378080487603,-0.005580767375764448
2023-11-20,0.01159674101452429,0.0001315377066069823,0.008125126892174114
2023-11-21,0.012551081085798664,-0.0036038934795612444,0.0037287854001083597
2023-11-22,-0.008719956840286152,-0.0019849644737069913,-0.005049524020114244
2023-11-23,0.00891198924098478,-0.004777122095643385,-0.006281520153691626
2023-11-24,-0.0005826397804541882,-0.0016129461486712104,0.0008310882624404858
2023-11-27,0.003258277170413875,-0.004496414404875075,-0.004569261567493103
2023-11-28,0.00434196775491557,0.0030316337681318027,-0.0012668295516993964
2023-11-29,0.009149154213118866,0.0019169118791823115,-0.00018911675840302899
2023-11-30,0.0009444638167686998,0.0006009171258974113,-0.0003617535554588613
2023-12-01,0.012891457957717423,-0.0012077677187222738,0.004506153127129971
2023-12-04,0.0029847155578393222,-0.0081507470652109,0.007339024956502015
2023-12-05,0.005817658452225792,-0.0018328265019793833,-0.0019156714113286355
2023-12-06,-0.007299363323835218,-0.0030458261747494967,-0.004522636655212962
2023-12-07,0.019627931096343504,0.0009890968690620865,0.001555384619934303
2023-12-08,0.004428424308844697,0.0024788286752174867,0.0065259204577708795
2023-12-11,0.006616976828105892,0.0012985306499723461,-0.0016128606253585757
2023-12-12,-0.014273672300903872,0.005052153236506353,0.003401435568056852
2023-12-13,-0.007204318207711909,-0.0022732569375403596,-0.0033485423701364765
2023-12-14,0.011340953191268575,-0.0024391035252825746,8.50854724004904e-05
2023-12-15,0.0027820200646334423,0.004151512915610308,-0.004647769129200625
2023-12-18,-0.017024017613460334,0.0006648655781525365,4.332824191698744e-05
2023-12-19,0.009544609360854371,-0.0009879949621688644,-0.0004658199148623986
2023-12-20,-0.004694045239174511,0.007386084579579129,0.0024324915966483073
2023-12-21,0.012901852872890408,0.0023109221895307305,0.007112246434758093
2023-12-22,-0.000590521107433297,-0.0007621766957363335,-0.001555581683637374
2023-12-25,0.0020423601741847695,-0.0027437792545892004,-0.00799891658938277
2023-12-26,0.010810591207324836,0.005306050686335476,-0.0008084155567183064
2023-12-27,-0.00787743673769196,0.0008279880835586764,0.0011972704939537165
2023-12-28,-0.008735621270505456,9.806767815370812e-05,0.000807600353026952
2023-12-29,-0.0015684857835829658,0.0027051057098203602,-0.0006296912411410233
2024-01-01,0.007644555196590999,0.003520351427415897,0.005950859763185406
2024-01-02,-0.011777895273521414,0.002199479937963587,0.0005448581594712592
2024-01-03,-0.014812311399001868,0.003535902302527776,-0.000419185060477868
2024-01-04,0.00761348834339413,0.0018054974356107281,-0.003110824507323886
2024-01-05,-0.0052268048131030335,0.0022195623337209064,-0.006986842749364785
2024-01-08,-0.0033300341162825473,-0.00292655141937374,0.0013169277452717487
2024-01-09,-0.01651129361746149,0.0072414155264702365,0.0009816715994694246
2024-01-10,-0.0059108138291678386,-0.004934706635962812,-0.004237322139712692
2024-01-11,0.00013189433031964427,0.0012375104579898963,-0.00017748943820726908
2024-01-12,0.008573400718606029,-0.005347068232714431,-0.0005754057341084548
2024-01-15,-0.006741071496111749,-0.00039251495534382104,-0.0024980020976367034
2024-01-16,0.01511638508209247,-0.00228517455147234,-0.003173242852596935
2024-01-17,-0.005961004217618206,0.0005430234853759344,0.0016203266844194227
2024-01-18,-0.005947826214266572,0.0013670307254305804,-0.0009032468062014025
2024-01-19,0.01403621796708022,-0.0038253348119783683,-0.0023639743657110353
2024-01-22,0.0021031413712752542,-0.00011765781980630295,-0.0034466881029476103
2024-01-23,-0.00476822256110419,0.005574696889825129,-0.000519940263050143
2024-01-24,-0.0011961981806253407,-0.0052490603900058426,0.0036979342754790774
2024-01-25,0.012377662197878532,-0.0034162150766482656,0.0008265602968539346
2024-01-26,0.013395825376631136,0.0034430185916613397,-0.0009484880878985464
2024-01-29,-0.007151138613432304,0.0003102192529856802,0.0012339616982736824
2024-01-30,-0.00018190429071197387,0.0006046197192982578,0.005457540058670402
2024-01-31,0.0010114114490081577,0.004089209394769309,0.0019616561407205294
2024-02-01,-0.008676160994649377,-0.00317627480719317,0.0010408039262914327
2024-02-02,-0.0003011654738499487,-0.002077340920390382,0.002554118017039538
2024-02-05,0.0002479057440653044,-0.0025705674658673544,-0.0006320549460893447
2024-02-06,0.010461885310430621,-0.0013928121893422506,0.0007362712830780902
2024-02-07,0.011066825254800808,0.005358088339790713,-0.001955821695517382
2024-02-08,-0.002762884585231072,-0.0068043203820980485,-0.006202213285342124
2024-02-09,-0.0017255782947473049,-0.004776875243640293,0.001371343409549376
2024-02-12,0.00617863071850072,-0.005462732269172717,0.0013867203377421458
2024-02-13,-0.005066696040343104,0.005606775802743872,-0.0011508518330810207
2024-02-14,0.005497761365636624,-0.002457599738799053,0.004143284274407065
2024-02-15,-0.0005911583863229326,-0.0013066945843399947,-0.0028864132834465314
2024-02-16,-0.008524587199647585,-0.006458536711683746,-0.007085537647458747
2024-02-19,-0.008411530415916817,-0.0010495441446636746,-0.002788463383420786
2024-02-20,0.013223528264279917,0.0034660868833678673,-0.0061637572102079445
2024-02-21,-0.0012077933122896871,0.0010118281930918524,0.0013521454219627006
2024-02-22,0.014963186845084799,-0.0004314562051945022,-0.003008311478822483
2024-02-23,-0.0044227263464341905,-0.006259542101806964,0.003938756769983111
2024-02-26,0.0028208468101834404,-0.0013118083492318878,0.0038551952102378415
2024-02-27,0.02173409050716417,0.0005876590557035279,-0.00369989637295252
2024-02-28,-0.009316480701969512,-0.003967299428133219,-0.0032324274530212563
2024-02-29,-0.016880330499097988,0.0026195646319115244,0.0021377586107346087
2024-03-01,0.011779311181585098,0.0035402741865802794,0.003919359125791962
2024-03-04,-0.007241281948537662,-0.0021145948346163812,-0.008050482446492513
2024-03-05,1.364272304389604e-05,0.0029033287750868174,0.001126683480118233
2024-03-06,-0.005073263894064264,-0.00043895838993613257,-0.008790362371373059
2024-03-07,0.0026134650285978447,0.0045885519263152525,-0.0021940644395950465
2024-03-08,-0.008354825864671678,0.008136602640232322,0.004374627231584925
2024-03-11,-0.0014194607909497547,-0.004374661927732987,0.012039080533677447
2024-03-12,0.004248337939008807,0.0030779376141866635,-0.0009552953365958698
2024-03-13,-0.008874779976468357,0.0052198582646509105,-0.004988463513480181
2024-03-14,-0.006100756266813,-0.0038827213614073294,-0.0020539686976602657
2024-03-15,-0.0029264455023867856,-0.0023004826728746405,0.00026427875216121743
2024-03-18,-0.012659338908036503,-0.0023455083929168155,-0.002680964958155504
2024-03-19,-0.003603048845188717,-0.0005311249541444884,-0.003699294703919219
2024-03-20,0.0012691688591261166,-0.0014254620248824862,-0.0017074000258893755
2024-03-21,-0.0033959404742958557,-0.0007931383522203285,0.0015823090649009694
2024-03-22,-0.0022423884363855207,0.0033519533131126746,-0.0006776357562253852
2024-03-25,2.088496184073183e-05,-0.0075832468875446256,-0.003526411200372131
2024-03-26,-0.0057016911618908254,-0.003895573686565504,-0.002680249998743176
2024-03-27,0.006419563092801894,0.002679712304839467,-0.00165543419868173
2024-03-28,0.013123803123215982,0.0022111045944834978,-0.003997705590336869
2024-03-29,-0.003979423529759036,-0.004234168776133563,-0.0028285799855510595
2024-04-01,0.004566784083299363,0.0022388078012146773,0.002574544002414962
2024-04-02,-0.001956554398911822,0.0053074678272791035,-0.0009212838449019617
2024-04-03,0.0034893861053465424,-0.00019610605786203898,-0.007013947836336074
2024-04-04,0.014292015780829288,-0.004031844088255546,0.004099794796259898
2024-04-05,0.004777935887162889,0.0034998170252569893,0.0016668792791402882
2024-04-08,-0.015760730849287127,0.006892181723883494,-0.005532531854988792
2024-04-09,0.00428596068302263,-0.003544561213758258,-0.001461516024455587
2024-04-10,0.011295773689781083,0.00015700829580013467,-0.0031683953162311537
2024-04-11,-0.0017943655299829239,0.004360622539548082,0.0027076228363185277
2024-04-12,0.009160713255060491,0.00046143485985274525,-0.0014866089041906192
2024-04-15,-0.0060110398703675134,-0.006989185332032341,-0.0002910933355438458
2024-04-16,-0.013169852435700463,0.0017736708751431936,-0.0007567776793690286
2024-04-17,0.0014705211694937615,-0.003915234545291597,-0.005920538118901571
2024-04-18,-0.015608290486716825,-0.0050828903959760545,0.005621584671828622
2024-04-19,-0.0019579391160423256,-0.0069109919639431805,0.0026493202287340787
2024-04-22,0.011781580363809526,0.0047616291726627225,-0.0029895344041994715
2024-04-23,-0.01698786615171653,-0.003338845276069705,0.0007674476839813701
2024-04-24,-0.01131547116322508,0.0013333447209914874,0.0038964716593895515
2024-04-25,-0.009088290206454196,0.002315817722317611,0.00022296405103036695
2024-04-26,-0.0003698787373986397,0.0006472759592607997,0.006227016746672361
2024-04-29,-0.003091451070815883,0.0011862831198958864,0.011671403367671224
2024-04-30,0.012792227435264786,0.0015241923495979866,-0.0005044869436455325
2024-05-01,0.008789134961825276,0.0005523907465815749,-0.002330118972163458
2024-05-02,0.004657456514617381,-0.003040638057264096,-0.003957637008082897
2024-05-03,0.0015106728290949633,-0.003397348648606357,-0.008854298492381152
2024-05-06,0.0037390679928634455,-0.00041992617670370494,0.004992580205798578
2024-05-07,-0.007557841197820375,-0.0005046561921960663,-0.0014139752402531271
2024-05-08,0.007914893182009509,0.0017172789297062994,0.003501422989880265
2024-05-09,-0.009808398289232809,0.004406600268660639,0.00430580868355528
2024-05-10,0.007718392945120077,0.0013756214422779621,-0.0043238809197240855
2024-05-13,0.010875282519069478,-0.003243534876468644,-0.0037232567789807595
2024-05-14,0.0020977814187927847,-0.008724623258922466,0.006978747557801732
2024-05-15,-0.0013859175306577827,-0.0030757488235172953,-0.0002802605991744063
2024-05-16,0.0038027891747870594,-0.005377961446106102,-0.0026411501484748154
2024-05-17,-0.025553665330906056,-0.0029214888094431964,-0.004180693179616864
2024-05-20,0.002920323966369151,0.000969107955460845,-0.0005658231216044485
2024-05-21,-0.0008201859805582631,0.0003375620313547041,0.006031577683913107
2024-05-22,-0.0002556530175129192,0.00743271046775284,0.0027417519270525052
2024-05-23,0.006558792616080446,0.0019323262083287443,0.0007270493852431765
2024-05-24,-0.00047292029408255024,0.007636669133258808,0.006354083774364194
2024-05-27,-0.01006186170986042,0.002860557615959707,0.005583100659882026
2024-05-28,-0.0010726240374284023,0.004342826973220139,0.0013364888428900974
2024-05-29,0.0008079993567274202,-0.0014356090864838336,0.011104478630144538
2024-05-30,0.0012344052042291146,-0.004298037133317167,-0.0009896926223740342
2024-05-31,0.0016572743055656126,-0.0017958395632035186,0.004392113988636773
2024-06-03,0.00955432140426698,-4.747812271199515e-05,-0.0015719864201685088
2024-06-04,-0.009574310977307326,-0.0025126355360200847,0.003611393745677685
2024-06-05,0.0017813041054836492,-0.004004569697883405,-0.0009935487342591048
2024-06-06,0.011809367287564168,0.0016673507696830384,0.0018454732636680859
2024-06-07,-0.015411503472434756,-0.004021588664789009,0.009560543639530206
2024-06-10,0.001816820127020482,-0.0061339677924741225,0.0038074072055250983
2024-06-11,-0.005068406517757391,-0.004488344455590383,0.0019073644507594054
2024-06-12,-0.003136393460257944,-0.0009374219530529933,-0.003098811168713565
2024-06-13,-0.007943267528929798,-0.003963676431058093,0.000752914818012905
2024-06-14,-0.0013259564413039965,-0.0009123596132740399,-0.004032010006298069
2024-06-17,0.016771300529842135,0.00240177722111684,0.003547905392948128
2024-06-18,-0.011179873250594921,0.002297772187453403,0.0034475105587593612
2024-06-19,-0.010326490022309445,-0.0026433036363572443,-0.0007185417836543597
2024-06-20,-0.01151741113147154,-0.005215766348155798,0.0066541279475348354
2024-06-21,0.015746764579652905,-0.0023024938605968296,0.006091584277479968
2024-06-24,-0.003961057349691583,0.0026225792391342015,0.0005985863937838124
2024-06-25,-3.07515431290679e-05,0.003556784916178273,0.0022620444866178905
2024-06-26,-0.0034250464699561566,0.0014115596841334122,-0.002353828871764407
2024-06-27,-0.008299805905627821,0.004805744203981681,-0.0010887221091863525
2024-06-28,-0.0019163558195299185,0.006916808478477492,-0.00431203085585429
2024-07-01,0.022324192451629036,-0.0019329117125181116,-0.0019133479588839923
2024-07-02,0.012728638288768294,0.005946253015945961,-0.00041755545702323437
2024-07-03,-0.007476440360130451,-0.0010421980831669749,-0.006641468986620187
2024-07-04,0.00602816692755517,0.004079394789040256,0.00230725589998449
2024-07-05,-0.007283704953997387,0.0028342898746910486,0.004088513082105097
2024-07-08,-0.015787308749615987,-0.007908233677010497,-3.1670939637297644e-05
2024-07-09,0.009375598258981665,-0.003864908539707161,-0.010788968233754023
2024-07-10,0.010640835619791957,-0.004885151665241432,-0.0010119710576603897
2024-07-11,0.009614470259431095,-0.007128188126503551,-0.00557354484946992
2024-07-12,-0.004028787242976155,0.003517259933582624,-0.0024384761301470066
2024-07-15,-0.0013009816060178757,0.008275087420480264,0.005807745202514099
2024-07-16,0.006947889982923108,-0.001030690018796213,-0.00973789233147814
2024-07-17,0.0037234643361329645,0.003416626661465517,-0.0032654500995494325
2024-07-18,-0.0033427372416733984,0.005938501270762977,0.003318278447419571
2024-07-19,-0.01437164638106348,0.0008333268007310388,-0.002807704478194643
2024-07-22,0.0012248767472781104,-0.00010125225966015904,-0.003113720708687701
2024-07-23,0.009911086753125018,-0.000982751710968369,0.00812962467443011
2024-07-24,-0.010578294601307414,0.002150235528819895,0.0015135495736420957
2024-07-25,0.005948834435083792,0.0034987762001303224,0.0037372096441279034
2024-07-26,0.0031838752562032336,0.0018472196241567226,0.0019786788714968766
2024-07-29,0.006951334369091002,0.0017098523032674678,0.000646789566395113
2024-07-30,0.008047779497471066,-0.0002048116048318196,0.005056099639888494
2024-07-31,-0.006050187177328177,-0.006371818100291107,0.007621386417869145
2024-08-01,-0.014352634601484513,0.0035908655550263876,-0.00673406769844258
2024-08-02,-0.004601675731145913,-0.005138500478459392,-0.00014126942474818784
2024-08-05,0.008202145857743067,0.0024775425683432857,-0.00017279499359371106
2024-08-06,-0.004678035131733739,0.0030229465999718178,-0.0017171089412489917
2024-08-07,-0.0060463899147187765,-0.004561728417962906,0.003924242517893753
2024-08-08,-0.016192153077321747,-0.0024312031624206185,0.0010275507300762292
2024-08-09,0.01597382799095845,0.008485898205558978,0.007701891457771116
2024-08-12,0.007631422772827788,-0.0003179289514775262,0.00440106563718441
2024-08-13,0.007129063831472879,-0.004880854701738075,0.005458809751155293
2024-08-14,0.008909528481015264,0.003203516958852163,-0.004796656879944936
2024-08-15,0.0053903752538906145,-0.0030907008222927244,-0.0032243436960682115
2024-08-16,-0.0019989596966157614,-0.007682096089816383,-0.002894765819479093
2024-08-19,-0.0012738769370998148,0.0020790781921858677,0.005292475209001798
2024-08-20,-0.003648079281329123,-0.003666471263132514,-0.0038687051445272344
2024-08-21,0.023912666789735,0.0012847533688897528,-0.003751737396843048
2024-08-22,0.005203208281694982,-0.0032507601524094567,-0.0044854216696022225
2024-08-23,-0.003974203972162911,0.002828816777078739,0.011012108875515013
2024-08-26,0.004389470967496518,0.0007339932984237426,-0.0005689276386644953
2024-08-27,-0.008897820260706856,-0.010356834355835924,0.0021195520662362567
2024-08-28,0.013740560467303042,0.001528050162818352,-0.00456246927198081
2024-08-29,-0.005749621862264261,-0.0011589253137215606,0.003837033599679915
2024-08-30,0.004709768893602191,0.005666870568763221,-0.007094666500969947
2024-09-02,0.00979379866768821,0.0015808313960634058,-0.003916010980801774
2024-09-03,0.003662916897844935,0.0030246313750120607,-0.0029254955978879993
2024-09-04,0.001050229926376744,-0.0028421632040837,0.0008754861540330958
2024-09-05,0.0002972187637041364,-0.0031602710032718534,-0.003172329256348771
2024-09-06,-0.00030796987198396415,-0.00010259732424226044,0.0060959924043826694
2024-09-09,-0.00499028640034752,-0.0014424645071753975,0.0020128928177056984
2024-09-10,-0.003845350867927338,0.005352036208840326,-0.0027584137043371337
2024-09-11,0.013516313362858415,-0.00061327623489331,0.003990468308274003
2024-09-12,-0.0007768296941664099,-0.004899286999934914,-0.001573138285092231
2024-09-13,-0.006872166424444958,-0.003310323654754643,-0.00236174654896045
2024-09-16,-0.004446678371753577,0.0038602043384560183,0.003583262589981177
2024-09-17,0.010103336126275007,-0.0006690293770517075,-0.009811298303552792
2024-09-18,0.006280459698480305,-0.0008828470717990452,0.0029392682669148362
2024-09-19,0.005242962604090312,0.0042407502768711846,-0.002852379176854634
2024-09-20,-0.002117690790188123,-0.003659052755462167,-0.0028584292146094873
2024-09-23,0.005360262231556505,-0.008940705193709321,0.00783254773969089
2024-09-24,-0.005592050124555832,-0.003411466585426569,-0.002124851087079238
2024-09-25,-0.0021365262821119706,0.0009683563541853649,0.003823658531049566
2024-09-26,0.008928240386525708,-0.000998046081352358,0.0011169789166600936
2024-09-27,0.00806849911027158,-0.006241718480337731,0.0015319641013982926
2024-09-30,-0.008637188613557228,0.004064238125406203,-0.0010021690313083266
2024-10-01,-0.0074997380761771815,0.0006539877843377942,-0.001210862009371592
2024-10-02,0.001178319375320687,0.001556058778853968,0.00611195356064757
2024-10-03,0.015735191372025586,0.001678441039133481,0.003721840279152929
2024-10-04,-0.017040086480220946,-0.005194096983399581,-0.0019987238344041946
2024-10-07,0.002704996456134538,0.0012115156657179634,-0.004183504562757714
2024-10-08,-0.012184389984158332,0.0036298151328080248,-0.0023378949335226603
2024-10-09,-0.00550897894172991,0.004561240921482617,0.00392598108020314
2024-10-10,-0.0030798557625781723,0.00288505330005181,0.004714767098665632
2024-10-11,-0.003584575090932018,0.0020525186343680994,0.002219774408063726
2024-10-14,-0.004604163456932876,-0.006949685059081657,-0.006467083724833669
2024-10-15,0.0002648635433873314,-5.9738611109881906e-05,0.0030151163221148556
2024-10-16,-0.004617300099675205,-0.0038262973977457857,0.005214312814411613
2024-10-17,-0.012962116463687372,0.005128671527785434,0.0006942261827121484
2024-10-18,0.007218826512704987,0.0045215179695082,0.007919212222406668
2024-10-21,0.006975849504339923,-0.0038021152428807737,-0.005283882623635564
2024-10-22,0.0077885687902040195,-0.00018391273482406195,0.0027392300817879003
2024-10-23,-0.013666610466376735,0.0009940377740284283,-0.004080885433852
2024-10-24,0.0028902633732573574,0.003603165029956135,0.004234167633854998
2024-10-25,0.0062838097022623095,-0.0067024729994698135,0.002451443422964111
2024-10-28,-0.009080818615956264,-0.008838489255350529,0.007205423267050914
2024-10-29,0.0002825592336391623,0.0001525940433632861,0.0019988343628328954
2024-10-30,-0.0008463998077932916,-0.010125667289501723,-0.0016160240722416445
2024-10-31,0.01677935592711437,0.0006342896392482572,-0.001964280849684109
2024-11-01,0.017520464333113155,0.0023688310943309684,-0.0010007089640510424
2024-11-04,-0.014779207539971806,0.004944319633311093,-0.002042896164903408
2024-11-05,0.022645343051551903,-0.0024902730050239707,0.0053884358833891435
2024-11-06,-0.008037031490379914,0.0006447265845406252,0.00510255310704689
2024-11-07,0.009026059648946832,0.0026060393586412973,-0.005986269779769403
2024-11-08,0.008934481827773578,-0.004702880033657431,0.00015344057233058743
2024-11-11,-0.008761212041576259,0.0036613911910063934,0.0002499660672005832
2024-11-12,0.0046394101445518905,0.0010973693009105996,-0.003125181127202589
2024-11-13,-0.0007678036983945756,-0.0024217853228232404,0.001752999968295375
2024-11-14,0.005188970041691515,0.000565522288902385,0.005843403351312011
2024-11-15,0.002276050721425631,-0.0005573379407189574,0.0035672359358130644
2024-11-18,0.010967055368332222,0.0031202958009914593,0.005388273555768016
2024-11-19,0.0008785958883145603,-0.0014418403605877305,-0.0028738713901426383
2024-11-20,-0.0013108666248368007,0.0009083619735154379,0.0001460310910666744
2024-11-21,0.010064578097514622,-0.0024837264726132505,-0.003062590717064583
2024-11-22,0.005423563683727429,-0.0037513713547669305,0.0009577202823222651
2024-11-25,0.00678632054888799,0.0006861311676393943,0.0013178036364289896
2024-11-26,-0.005781280050327371,-0.003587070668074278,0.0038393520216036276
2024-11-27,-0.009207365032586266,0.0032023211657952926,0.005253967415387825
2024-11-28,-0.004909499289274314,0.002368930128708495,0.002755908655783048
2024-11-29,-0.005387392471125298,-0.0030604578253755482,-0.003440679451363524
2024-12-02,0.007275793417876228,0.000855121727492729,-0.005408690857296872
2024-12-03,0.008983856452646466,-0.0030787996013360666,0.002080080122821322
2024-12-04,-0.0011961726057916032,-0.0064172512232067045,0.00600208443544485
2024-12-05,0.01307827116941917,-0.002388900669788147,-9.916750827296969e-05
2024-12-06,0.012516224543886168,-0.00020126731709084155,-0.006109574248532076
2024-12-09,0.002390590247604853,0.002085634899654134,0.00833902382683206
2024-12-10,-0.00719702594388736,0.0005979197218813559,0.001957618200645778
2024-12-11,0.01437838984491986,0.0036306984601129143,0.0006845660641965081
2024-12-12,-0.00034915615925567407,-0.003924664685666297,-0.004671884604025509
2024-12-13,0.0013354867678787713,-0.0015067935516486393,6.486489158181027e-05
2024-12-16,-0.0028564452304591175,0.0065774668070653014,0.002747536648782212
2024-12-17,-0.0078081129366747775,-0.0077243202118032995,0.0020120828822141885
2024-12-18,-0.013017754872837625,-0.0018078172237039778,-0.0027195485126097307
2024-12-19,0.005895814912015592,-0.004285975791050595,-0.00022826113182999741
2024-12-20,-0.006850609485069583,-0.0007815936170163159,-0.0024640268081470625
2024-12-23,0.02773578106097141,-0.0017377899497444664,0.006656646331585572
2024-12-24,-0.00957466224351231,0.002408621752360332,0.003579495914544451
2024-12-25,-0.01111644227483233,0.0010220826376380195,-0.0020973394743985657
2024-12-26,0.00479124844052097,-0.005222470287641121,-0.004673878635420145
2024-12-27,0.013963821310705657,-0.002352648292716349,0.0011112603289250456
2024-12-30,0.0007813069124889948,-4.6819650274559036e-07,-0.001971269558869112
2024-12-31,0.005350181781685468,0.0029575235361560567,-0.0016732266548104221
2025-01-01,-0.016391926757128385,0.009731825138719707,-0.00454085653424177
2025-01-02,-0.005897603911225901,0.002811183155821668,-0.004045634898086969
2025-01-03,-0.009462541562238101,-0.0040499996821979425,0.0006506806102420988
2025-01-06,-0.01685541264953093,-0.00037538102159678663,-0.0010675137913680921
2025-01-07,0.0012528221062149826,0.0007239047801352362,0.009986057544082777
2025-01-08,-0.0199854485944939,-0.002077563481374085,0.0023770137306712517
2025-01-09,-0.011699763694787037,0.001881031223738175,-0.004606780725648053
2025-01-10,-0.004634744146120763,-0.009085508353601947,-0.006142544972068453
2025-01-13,-0.007281572523559686,0.002212598485311998,0.0015926855546324
2025-01-14,0.003767676519863609,-0.0019055496897218904,-0.0015874683789080675
2025-01-15,0.0029502217271223197,-0.0004388209267820992,0.005325899798018622
2025-01-16,0.008244188713419111,0.005862891756106,0.0011274553538397581
2025-01-17,0.006971453594414102,-0.0050460687024356885,-0.007930081238777333
2025-01-20,0.010467315104252427,0.0010908771144153215,-0.004077697193670127
2025-01-21,0.0001827343999185126,0.003175686316025789,-0.002701128224028515
2025-01-22,0.0029312021073500272,0.0006813458331452032,0.0017681477534729551
2025-01-23,0.004803623317272721,-0.006456769222080705,-0.0042110097193949845
2025-01-24,0.0014749102765192314,0.005401586509205308,0.0006112703758343054
2025-01-27,-0.0033747487892536645,-0.0008454162016254241,-0.0053445992848496545
2025-01-28,-0.002791982809057932,-0.0021101634003121137,2.4741675913814084e-05
2025-01-29,-0.007158025584969689,-0.0012419315287716787,0.0014801039377928538
2025-01-30,0.0039945514691884666,-0.0015285855640223339,0.005846041269431841
2025-01-31,-0.0006461365667663998,-0.004760718690999105,0.0009823016944206647
2025-02-03,-0.005768563755730884,0.0006598023443092734,-0.0032669396970031314
2025-02-04,-0.005760203373921334,-0.002388932031656003,0.005972020347832635
2025-02-05,-0.010693588550045095,0.002683553088599318,-0.0007327121448311939
2025-02-06,0.009009572071134796,0.0020703819744607214,0.003094267072405786
2025-02-07,0.000907559025786088,0.00650267764705524,-0.0024515830846805788
2025-02-10,-0.007565200176159431,-0.0008465325734907224,0.0003631130395696555
2025-02-11,0.007476929746418164,-0.0032129990041792657,-0.0032050717383117805
2025-02-12,-0.0048440392881493564,-0.005878969340610859,0.0012890398213968356
2025-02-13,-0.012458505643110093,0.008773373544299252,0.0032153123806544707
2025-02-14,0.009391000602972197,0.002648431986064534,-0.0019791971020982125
2025-02-17,-0.004633872906095017,-0.0027696796847191643,-0.002204031677546697
2025-02-18,-0.003480091811879105,0.006772620357068545,0.0014272728738558484
2025-02-19,0.0005706201831425973,0.005424649535544129,-0.0033000638799191555
2025-02-20,0.010483303005111034,-0.005405110009820549,-0.0060717747493419395
2025-02-21,0.00038033561779680523,-0.0030138995003358877,0.0014127856736049428
2025-02-24,-0.010592054135307071,-0.0005292993806414797,-0.0004307887064797369
2025-02-25,0.005094893037009622,-0.004280340384007849,-0.0005154375657623143
2025-02-26,-0.004164907518355516,-0.00038631785164341633,0.0020842816583249582
2025-02-27,0.017191315743765194,0.0028478477857591523,0.0026430014097216462
2025-02-28,0.00018992250201898847,-0.005493043433289174,-0.000644007566348795
2025-03-03,-0.019915319481087997,0.001172002191895748,-0.004490677621159809
2025-03-04,0.003416284749401066,0.004673991901730821,-0.0025543472126845837
2025-03-05,0.017701380130342052,0.001600880957082089,0.002339855721861557
2025-03-06,0.014383282596908506,-0.00030246541912036615,0.0005456106537799272
2025-03-07,0.016678588598809087,-0.0026724070383050244,-0.0021990374630299204
2025-03-10,-0.00897784166843317,0.003323367488397405,-0.003137545943340495
2025-03-11,0.00840937156379101,-0.004707680448192142,0.002471291241023708
2025-03-12,-0.006297950857630405,0.0009711672443804906,-0.0008866096222482211
2025-03-13,0.00221860459475232,0.00010206293221326153,0.003010867115088545
2025-03-14,-0.011256571858657591,0.004502444104838835,0.0035173431897542445
2025-03-17,-0.005600101883944446,-0.002330995044275561,-0.0012513590011407386
2025-03-18,-0.005886220276272538,-0.0019909432475724693,0.003798589939344394
2025-03-19,0.008286997521283547,-0.0049674594825256935,0.0005536390178477328
2025-03-20,0.007406472095026898,0.0017491370984016362,0.0010710329503361591
2025-03-21,0.002691377563977387,-0.001695263372128995,-0.008754996380447829
2025-03-24,-0.011953792762498468,-0.0034482959090794056,-0.0038836851932938185
2025-03-25,-0.00260475490554748,-0.0030672650667091274,-0.003666777455509761
2025-03-26,-0.0065150483464845345,0.002148421985851635,-0.001274618889614278
2025-03-27,0.008027081810250419,-0.004411841998892255,0.0004574040306151116
2025-03-28,0.010803663675354661,-0.004056663859918732,0.0006210013001638955
2025-03-31,0.009707470274277947,0.0035854457020695323,0.0011429877871650094
2025-04-01,-0.006596974774753185,-0.000664482303317889,-0.0027397783650646838
2025-04-02,-0.024455798100605313,0.0038217803439372284,0.002765451855099353
2025-04-03,-0.01570265708317049,-0.0014374232612366622,0.007237153774206364
2025-04-04,0.012994642802739875,-4.50359758652802e-06,-0.0014132995497965067
2025-04-07,-0.003411294453878415,0.0006251970877448669,-0.0026546726697345936
2025-04-08,-0.006556521564386012,0.005549145068587295,-0.002741327295643492
2025-04-09,0.014983942640926106,0.005223491304841081,0.00034187130612196696
2025-04-10,0.011586439509394942,0.004612948152769342,-0.0021030524384520162
2025-04-11,0.00042003849727807984,-0.0025152754797415676,-0.00692131365233284
2025-04-14,-0.002440627819575765,-0.00394731827753287,-0.005827007489806688
2025-04-15,-0.0009889109153181268,0.0030431658522436273,0.004080760557869777
2025-04-16,0.0022444651854871944,0.0055070388092032675,0.005127176160493501
2025-04-17,0.014600425531876472,0.0046512749284749475,0.006399558351831899
2025-04-18,0.00400220681813504,5.219702933368007e-05,0.0009052177551175067
2025-04-21,0.006734261297352271,0.0029112341794965994,-0.003963622031815246
2025-04-22,0.010723430981631542,0.0029815506123405163,-0.001752064596628728
2025-04-23,-0.01032708400921977,0.0005957711655176187,-0.005965550539919393
2025-04-24,0.0069937570322663855,0.0007694944989479983,-0.006119567958167897
2025-04-25,-0.002451118791954502,0.0003927813472112187,0.001021050842250907
2025-04-28,-0.022444856761954894,-0.0031523861331156093,0.002156046197628073
2025-04-29,-0.01895352587787231,-0.0027442097502238107,0.007833494222904972
2025-04-30,-0.008963058503668169,-0.002805961446038554,-0.0003323743047439842
2025-05-01,0.004981009057333232,-0.006396947107130016,-0.005431339243222405
2025-05-02,0.001224196088062668,0.0005714397093936399,-0.00048768153502012923
2025-05-05,0.001859300364580976,-0.00016229349135023718,-0.0011298367964536042
2025-05-06,0.017758491344180227,0.00304785654273481,-0.0019649267071937867
2025-05-07,-0.01122180653373831,0.005042869131916449,0.0013749982698994993
2025-05-08,-4.690018765351233e-05,0.005297177459386117,-0.004857890116424111
2025-05-09,0.00293991970532434,0.005673861833239006,0.000522885731303846
2025-05-12,-0.0064264580488450195,-0.003028324109156031,0.002606253062877915
2025-05-13,0.0004549407057464687,-0.005727837111948654,0.005678951080927853
2025-05-14,-0.014199544006759103,0.003722974312261731,0.0012415033961437562
2025-05-15,0.01288915595547525,0.005528533752803602,0.0041724818020771074
2025-05-16,-0.005934530972773904,0.006223969788841702,-0.0017755841612243793
2025-05-19,0.018482601483006525,0.0019399848387695027,-0.0012171610963169017
2025-05-20,-9.22689152570954e-05,-0.007986815790414508,0.005391388164862567
2025-05-21,0.009452482088592649,0.0014624378537343703,-0.005486337699855263
2025-05-22,-0.0002797258209203894,0.0022217634716376403,-0.001612561208982374
2025-05-23,-7.669449034476832e-05,0.005008300085034357,0.004513785226903864
2025-05-26,-0.00505626399899807,0.005718514775932936,-0.0008444468590100429
2025-05-27,0.0012721153642964987,0.0036385336135413386,-0.0011424081274850164
2025-05-28,0.003061988249726427,-0.002349115593183421,-0.0010613284662660488
2025-05-29,-0.006858326580236619,-0.004116469258210633,0.00046860709938898175
2025-05-30,-0.0009253997427389578,0.0021358446072652273,0.004344335367676964
2025-06-02,-0.005290889794514023,-0.0031696604417022615,0.003696926073292856
2025-06-03,0.020896976626533545,0.005900548427369483,4.582896599584364e-05
2025-06-04,-0.0006075769292045668,-0.006818235749407686,0.004369554269963183
2025-06-05,0.014107089365269034,0.0022675464495786695,0.0013671718533189447
2025-06-06,-0.0015606009772691947,0.0012781398989699553,0.003436480671283326
2025-06-09,0.0025335887738141714,-0.0008270666701246512,-0.004113477896371992
2025-06-10,-0.011692276644807422,-0.0037004650972189655,0.0069542109337322544
2025-06-11,-0.003823653326810781,-0.008247105209772251,0.0008808522165817139
2025-06-12,0.002094812037103221,-0.0021257147442907344,-0.010993237389271255
2025-06-13,0.0144740344786388,-0.0020555327249359464,0.0066381086938774245
2025-06-16,0.0021978449990864403,0.004446946635393824,2.021972484264863e-05
2025-06-17,0.012653483250736992,-0.0031314225531205034,-0.0015819758446055726
2025-06-18,0.005966561991826281,0.0018110824542551672,-0.0024227322607487966
2025-06-19,0.014846612055182172,-0.005168959213767181,0.001758007474137474
2025-06-20,-0.00033137995574549883,0.001920992776334352,-0.003553555675749157
2025-06-23,0.021712004395866236,-0.008950801408738671,-0.0023076258506829293
2025-06-24,-0.004168565826227107,0.00838118471172278,-0.0022115124152467525
2025-06-25,-0.0066981565077790205,-0.0005642701071914082,-0.001168988174808949
2025-06-26,-0.010690475647201306,-0.011178002897596035,-0.0020608329989274437
2025-06-27,0.02117922204402263,-0.002870997902239505,0.0034112565266194487
2025-06-30,0.007575028153561077,-0.0035026489323434647,0.0010842492191907981
2025-07-01,-0.0028070866004227756,-0.002623272527465205,0.001572146953377134
2025-07-02,0.011441204271861455,-0.0014585655831953715,0.002442408854069151
2025-07-03,0.006389229666060037,-0.002650468613302369,-0.0003723770806628046
2025-07-04,0.01789514724238031,-0.0032656483082728503,-0.004081237316495292
2025-07-07,-0.013730495494659201,-0.004634731807995374,0.007220689917507527
2025-07-08,-0.0021882409748282907,0.0032871576957323482,0.00371013861851765
2025-07-09,-0.003962692455485429,0.0048045424609449855,0.006451308055742336
2025-07-10,-0.017563144087677413,-0.0010182952929451514,0.004138153683845797
2025-07-11,0.009742944843017246,-7.054660012910196e-05,-0.001841485615461927
2025-07-14,-0.0022335690022302255,-0.004505323440770312,-0.009391911753315463
2025-07-15,0.006856680844879059,0.00028408279334569985,-0.004916385702110983
2025-07-16,0.021437947408966502,0.0009198550486152783,0.0025460881868329464
2025-07-17,-0.0029791932264484743,-0.0008775944388552962,-0.000406991677346002
2025-07-18,-0.003590376843914396,0.0015842999110777932,-0.0016793994356629784
2025-07-21,0.001267977527515964,0.0012348351282040998,-0.009982214006605388
2025-07-22,0.009085226176850687,-0.004216557556362319,-5.250905697712645e-05
2025-07-23,-0.004900417227791349,0.004772190054915828,-0.004327114201009206
2025-07-24,-0.005478654374189176,-0.0008305850393183013,-0.0028975303230636884
2025-07-25,0.009714703432172293,0.006702286407667941,0.0034004163875885475
2025-07-28,0.00360775391454232,0.001681682357676904,-0.004116567816336039
2025-07-29,-0.018202554367043385,0.007883732521487332,-0.003734757221492768
2025-07-30,-0.010828526195221972,0.004701076677225785,0.0007423213096404795
2025-07-31,0.013711122774444893,0.0009087585125634473,0.0034894483664532367
2025-08-01,0.0038173545477093126,-0.0028924274664784947,-0.001610823581627185
2025-08-04,-0.006659763379335241,-0.0028062698990779815,0.005868861620091629
2025-08-05,-0.001333686915114839,0.002132137139930085,-0.0051146767117006406
2025-08-06,0.0003191300552150318,0.0005725043351636706,-0.005816222402433635
2025-08-07,0.006821600242521473,-0.002356104943964343,-0.006157143993141028
2025-08-08,-0.012024370553729104,0.0033322397904401663,-0.006608735057641726
2025-08-11,-0.007368542248034122,0.00015508532142412937,0.001346195860640465
2025-08-12,0.0026566017937704996,0.003356039261202905,-0.00391115727755669
2025-08-13,-0.0006985112244590529,-0.0039018802668062303,-0.005640769455396877
2025-08-14,0.005346732643730388,0.003997886672032673,0.0015191867805424224
2025-08-15,-0.010865566576236378,0.0020039822773891204,0.0032957969887628686
2025-08-18,0.0034141580864418897,0.004790278657847613,0.004203433587661595
2025-08-19,0.01002425257439725,0.003909722002865353,0.0035011378586790962
2025-08-20,0.00458136692434355,-0.00033981360283165255,-0.0036724138641703575
2025-08-21,0.001452005657854327,-0.0006614981625732612,0.001104363857798821
2025-08-22,-0.0006629524230937379,0.007132123970363768,0.0019874863095696972
2025-08-25,-0.007313660374943516,-0.001162273877527835,-0.0018995329803563705
2025-08-26,-0.00044798733195809616,0.0029937347953513764,0.0006590084156188602
2025-08-27,0.011537352675923653,-0.0015255479687589677,-0.005006472919846732
2025-08-28,-0.000871256559401127,-0.007447532320550597,-0.0025104007043768055
2025-08-29,-0.007808235904135691,-0.004909356391223813,0.0014871492223523315
2025-09-01,-0.004230223798888477,0.0016236835394479346,0.006030170617388779
2025-09-02,0.002007652675483371,0.002804526798420417,0.004605758453287358
2025-09-03,-0.003161625974627622,0.0016368536368806426,0.002643433910937276
2025-09-04,0.0045677295475682654,0.004583798005574011,0.00031880015509910467
2025-09-05,0.004905593846741272,0.0015650406209365157,-0.0003009220519012747
2025-09-08,0.008200848623641833,-0.0031009388253363385,-0.005790399815550608
2025-09-09,0.013012035250385296,0.0023772087258950554,-0.0033420261355580215
2025-09-10,0.009162728519351246,0.0006784318437198523,-0.003211419418374765
2025-09-11,-0.008208151577331638,-0.0023022320197981566,0.002299037262162597
2025-09-12,-0.007931810019186449,0.0018900772058674448,0.003779791085943306
2025-09-15,-0.0004819432881384198,0.0003174806640697839,0.002946293678105849
2025-09-16,-0.0038605782151547303,-0.002420002203549391,0.004730665752279195
2025-09-17,-0.010044940542648484,-0.0007114630942519218,0.0002890302061059191
2025-09-18,-0.0037752261475569476,0.005654268542168565,-0.003931720730375544
2025-09-19,-0.004070616402571351,0.005523551264278588,-0.00019973158539702835
2025-09-22,-0.005846629657850853,0.0007525765570821653,-0.0028993483617299185
2025-09-23,-0.00264210537539505,0.00022906863154914262,0.002631439967024387
2025-09-24,0.01080605765286498,-0.005732183949055363,-0.0014363496123895726
2025-09-25,0.0019931423712431532,0.0068774604534651345,-0.0003941264689378127
2025-09-26,0.022446281684499223,0.004145367549471869,0.0027744889186843338
2025-09-29,0.001734573674176844,0.003007806282817307,-0.0029643771583662635
2025-09-30,-0.0024105919654352653,-0.009098922868362558,0.0038559063432889993
2025-10-01,0.00023719594389379483,0.00016369060262318462,-0.005390385407838455
2025-10-02,0.0025084278059918598,-0.000508514833276351,0.0012262038717553011
2025-10-03,0.004117285614539572,0.002731261753202394,-0.0003635959892904298
2025-10-06,0.01889040193273121,-0.0018041232541831848,0.0033093671856959167
2025-10-07,-0.007407884184798118,-0.000926840865814076,-0.00549749584745594
2025-10-08,0.00793141452359962,0.0024776517558188133,-0.006123164491164845
2025-10-09,0.0020697553785271145,-0.0030943134683547153,0.003000177543444547
2025-10-10,-0.013939879683135557,-0.002296170733637281,-0.0015636885661967498
2025-10-13,0.0071362890388528685,0.0007733065590438465,-0.0003632084150728219
2025-10-14,0.011608612047235144,0.0053539428133982945,-0.002638996643636553
2025-10-15,-0.007514587633996868,0.003233878948893389,0.0036512415193089474
2025-10-16,0.00011959518897226378,0.004301616275729992,0.0011968648416401564
2025-10-17,-0.01532818835806933,0.0002532672248611627,0.0009626563522281741
2025-10-20,-0.011129258137159027,0.0059803120951319,-0.004678481872699446
2025-10-21,0.009632266198555273,-0.006964729698005237,0.002006022212817609
2025-10-22,-0.00399774855406691,0.00808895687360539,-0.003968851675029917
2025-10-23,-0.009779226774442352,0.008607035900720143,-0.0026342121107250983
2025-10-24,0.0022651432801258672,0.0018264653981475614,-0.005461390659140602
2025-10-27,-0.004501711882879209,0.0033290505497420506,-0.0006261658983376458
2025-10-28,-0.004037394919979825,-0.00015199945602111398,0.004257893040269241
2025-10-29,0.0068539342310741285,-0.0008382734522933462,0.0009067799566527206
2025-10-30,-0.010255600230409117,-0.002443481501457349,-0.0017672836259860138
2025-10-31,-0.00794828691413649,-0.00019604806505769354,0.00043658527240475465
2025-11-03,0.0015867199293398177,0.0022237339024228143,0.0004144558885368684
2025-11-04,0.008924688116733848,0.0016795353886536874,0.00026427473570596923
2025-11-05,0.011343442713408647,0.007946412286764954,0.0007093377210392927
2025-11-06,-0.005785555483254607,0.00040109818321020765,-0.004159977415780106
2025-11-07,0.00863639270227683,-0.005955314245380122,0.00042615344012084317
2025-11-10,-0.006857280641233679,0.006577242484893665,-0.007020993477201557
2025-11-11,0.016635884122161198,-0.004883817113039077,0.002302494433615914
2025-11-12,-0.010003939228777554,-0.002237563702021697,-0.004410996767641522
2025-11-13,0.012156309297125578,0.0010869725654036118,0.004710391320635665
2025-11-14,-0.005708374961368515,0.0016687003290528988,-0.009780945054647217
2025-11-17,0.0183192180931514,-0.005781753275722209,0.006697699770106856
2025-11-18,0.005521886559672358,-0.0029858889454944804,-0.006556882707111659
2025-11-19,-0.008944148764673997,-0.005923129845090139,-0.004799738516548527
2025-11-20,-0.0045001463158825614,0.0024868522532902415,0.0011962281517640038
2025-11-21,0.0072306308470136745,0.0047335195388115425,0.0024748599376983207
2025-11-24,0.009673799758540052,-0.004887352176986056,-0.0011335417060642033
2025-11-25,-0.0004364403255201634,0.003982639812191461,0.003570424209031487
2025-11-26,0.0006019245286711976,0.0037231149772986518,-0.003186217011024239
2025-11-27,0.007025177293796589,-0.002636283159646013,-0.001598767787128165
2025-11-28,0.0013861858430973795,-0.007930316143471308,-0.001208311769929485
2025-12-01,-0.01144154373404538,-0.004285024076778917,-0.0021535834327130014
2025-12-02,-0.007116766221761626,-0.0023810303476351695,-0.007736714297564894
2025-12-03,0.0023160794883649856,0.006166683387236775,-9.866826603397676e-05
2025-12-04,0.011139341748479243,-0.00047321030006488397,-0.00046002861481092653
2025-12-05,0.01474384181745843,-0.004027311903961215,0.004312731054841352
2025-12-08,0.007215764786943052,0.000591394219807762,-0.005143777662815577
2025-12-09,0.0027856168493272737,-0.00518139068346233,-0.0025576292962787646
2025-12-10,0.006939324973842293,0.002057360200825397,0.004813964902094181
2025-12-11,-0.005800757651861701,-0.003910656237087057,0.0011731554451374086
2025-12-12,-0.0011790786423239274,-0.0033300949607623035,0.002197518744625488
2025-12-15,-0.007217176492055289,0.001501968193727569,0.0018137344933581254
2025-12-16,-0.011038683496369403,0.0070009347312088785,0.0018314865897382162
2025-12-17,0.003201941104725844,0.008791150240943587,0.007284199979390727
2025-12-18,0.0018696197592626923,-0.004159462023118169,0.0003661626319212693
2025-12-19,0.006388872360581115,-0.002386425306861277,-0.0040453731073709556
2025-12-22,0.005115006478032024,0.0020621291401494357,0.0025551899449115655
2025-12-23,0.002383798441914758,0.0046751573932348215,-0.0022662066969084318
2025-12-24,0.005209549991097988,-0.008656334758350892,-0.0004397479056731636
2025-12-25,-0.00018414786604728964,0.0003493472756251969,0.0014807240070228757
2025-12-26,0.003916022557001605,-0.0019485719062555817,-0.0032854172608754216
2025-12-29,-0.006335299624177236,-0.007696084796121243,-0.002041178991279072
2025-12-30,0.0035273533307521704,-0.00534867111996948,0.0019033942842816465
2025-12-31,0.006215759167574084,-0.002271097838563787,-0.002194579884836288
