date,equity_demo,bond_demo,gold_demo,overseas_demo
2014-01-01,0.0009334094335732728,-0.0005240452572762693,0.005509709096676415,0.0006266136344391868
2014-01-02,-0.009004360659185919,-0.0011768362499368122,-0.0036020471220983155,-0.006906867271516525
2014-01-03,0.005083253233370035,0.0002231091266499185,-5.593617827834058e-05,0.0036212310977597898
2014-01-06,0.00708556235797258,-0.0021739254565328594,0.014311762747412972,0.007799185223573606
2014-01-07,-0.020734104763190993,0.0009776064356678204,-0.0029703164642616987,-0.009206374428833798
2014-01-08,-0.007722290786261196,0.00238277352391662,-0.0024152935946994535,-0.0015135618222941929
2014-01-09,0.004547619152665712,-3.8408081976023126e-05,-0.00010766696718543716,0.009593087835538168
2014-01-10,-0.001033881768410228,-0.0002852979866004166,-0.004486374246124335,0.00033860094889564705
2014-01-13,0.005965377438292843,0.0008668807064311388,0.005497019668272595,0.010516198142732806
2014-01-14,-0.008045132437867395,-0.003936938837663089,-0.0018855673141554374,-0.004476341486778686
2014-01-15,0.01720986901909736,0.0011936349131957348,0.0029068705748312032,0.012344849415153365
2014-01-16,0.006517539172770872,0.0063237716074897275,-0.008855153903629497,0.007812407230639258
2014-01-17,0.0015598563333189936,-0.0001253524422294408,-0.010760130454632994,-0.0025392343939165335
2014-01-20,0.009151837120891671,-0.00011825006743266141,-0.002725685503125141,0.008529024530177669
2014-01-21,0.005524560760449325,0.0016072140001993668,-0.00987218464026583,0.006304340121242638
2014-01-22,-0.00502678738229041,0.003410665336395924,0.010439658301485074,-0.005266731304580044
2014-01-23,0.0031770078775832378,0.00206993568886827,-0.00950663450148136,0.005140269047705081
2014-01-24,-0.003099783866108127,-0.004191213757167101,-0.004761628614905039,-0.0005087826292613229
2014-01-27,0.008823500565665835,0.0012467976753254939,0.0014658114060828434,0.00573399804626046
2014-01-28,0.0005621229594543213,0.00526386029048335,-0.0032807837205405957,-0.017637859251308282
2014-01-29,-0.004190754355448497,0.0013648820935189302,-0.00869076362841952,0.009244988018625085
2014-01-30,-0.004672868675984319,-0.0021892038265434993,0.01332903984537708,-0.005735404711066802
2014-01-31,0.010800790385638175,0.0006836592488372279,-0.007490233626167385,0.0031023291086526026
2014-02-03,-0.0030154845266310796,-0.0024413745026821343,-0.0007989320441864122,-0.00737819751095036
2014-02-04,-0.005984373623913056,0.002585607378537719,-0.0005069125607159869,-0.004377140693629444
2014-02-05,0.005046088184875989,-0.001791765176055851,0.004907235204958577,-0.005254928355977738
2014-02-06,0.0042003509194430315,0.0002684872693840461,0.002225497363529333,-0.0007285089143220518
2014-02-07,-0.0008819596830670984,-0.0015955600039836953,-0.00528415571327754,-0.0014504600135737452
2014-02-10,0.0018199291251661778,-0.0009728961150959819,-0.0023421523303144252,0.0061186723974136605
2014-02-11,0.003922685508642303,0.00309230129172099,-0.0017731429553115362,0.01523635296496827
2014-02-12,0.021114829505683604,0.0003269143297873946,0.0017725327280162496,0.01875580947357331
2014-02-13,-0.0017933455822855995,-0.00099840494745144,-0.0062912712170323775,0.004515174505304344
2014-02-14,-0.0023803409063142596,-0.0021704559417734456,0.012970191024781268,-0.005151589381831119
2014-02-17,-0.009058535474142888,-0.0036234029727988727,-0.0032865071416220302,-0.004158775994658161
2014-02-18,0.0067651361336840965,-0.0023825612670453737,-0.0007140686010164786,0.006779564787607344
2014-02-19,0.00773257224215629,0.00034391848288875586,-0.008314049233332654,0.003495178082284997
2014-02-20,-0.002684456067935911,0.0020804675374453273,-0.00746512500200962,-0.002932249406520416
2014-02-21,-0.01011453521616353,-0.001000702984844402,-0.003942359210566331,0.00017432594513453348
2014-02-24,-0.010785497505015965,0.003261087201438029,-0.004540089664802358,0.001687524871745844
2014-02-25,0.009247963556996336,-0.0013150008444564537,-0.0031938424084923295,0.004843196180387164
2014-02-26,0.008955122643767643,-0.0003560234457597586,-0.006707183303707092,-0.0021484418060906726
2014-02-27,0.008018384524681144,-0.002039153440674504,0.003610056265553245,0.0019883199910167796
2014-02-28,-0.0056716481675253595,0.0021015234691357117,-0.003629465267070513,-0.012500697962954003
2014-03-03,0.004619875004195918,0.004315021228089136,-0.005506310746851564,0.0022538307943286958
2014-03-04,-0.004033695931661081,-0.003403633921872396,-0.0023453390270435953,0.0026075392652151006
2014-03-05,0.004757459924697182,-0.0005723241372693966,0.005831803666593599,9.347563316612281e-05
2014-03-06,0.0085742184915488,0.00264955969410007,0.0002828281914323393,0.007280268635372823
2014-03-07,0.004093688739419637,-0.0027738910428512027,-0.0007299911701706403,0.004250059391783533
2014-03-10,0.007450291964792893,0.001253367813942173,-0.009344801929959132,0.00615832770479568
2014-03-11,-0.0021529538382106367,0.0025629444004151413,-0.00677748250299226,-0.006443433616001563
2014-03-12,-0.0016920447379632827,0.00027645762871367436,-0.00789077082846922,0.0006418662586707329
2014-03-13,0.0037454315339979726,0.0012205261418802653,0.007158868237152051,0.006776173692380412
2014-03-14,-0.01121965053488226,0.003641804772255215,0.0053205390955950345,0.0006321889627453024
2014-03-17,-0.0006067667016895254,0.004016853108202293,-0.004568166911462807,-0.0033054831644831824
2014-03-18,-0.008137180720780748,-3.9344260689660174e-06,-0.0025812267796586586,0.0006816934806440473
2014-03-19,-0.008493198736594721,-0.0009447556985984663,-0.003919255962295492,0.001583981027609887
2014-03-20,-0.004445987318862671,-0.001719960222147393,-0.004773725259128229,-0.0025731623729634647
2014-03-21,0.012582556620309115,0.002073928300857425,0.0009136354171306489,0.016648576745700736
2014-03-24,-0.011678632533797147,-0.002623551115581937,-0.0003863453185200009,0.0020983069597179478
2014-03-25,0.004648349892902929,-0.0003851480759824048,0.011349830687086282,0.014722462038293473
2014-03-26,-0.017411333833764902,0.0003253795419089319,0.009944033138783327,-0.0075114865472663776
2014-03-27,-0.002555203761196956,-0.000886005025437509,0.00847897683328113,0.012391047809034834
2014-03-28,-0.0018770054333154215,0.0006796405300382478,0.003978425211797,-0.0023263543664245124
2014-03-31,0.005128590452318204,0.0052490266365855165,-0.00315735457037816,0.016777666204637092
2014-04-01,0.00977669766656114,-0.00012319718069308486,0.0027965894244571503,0.009430524384645582
2014-04-02,0.0034347859045587965,-0.0007508112548547793,-0.002994014934691847,0.01338041157991984
2014-04-03,-0.0035578629254675565,0.0021506636487637057,0.010422435151905567,-0.003777194482415423
2014-04-04,-0.0008868959327287865,0.0005991672882910439,0.003219851218396689,0.0024940319239958033
2014-04-07,0.006666977760222956,0.0029986715424227526,0.0005858947119209334,0.014307093033906246
2014-04-08,-0.0032427479965097903,0.00044937523963943683,0.0011906968131672345,-0.007389369109097408
2014-04-09,-0.007790689467121875,-0.0003768464159420666,0.012333775100671343,-0.008676781527921423
2014-04-10,-0.010918191162945968,-0.003447449776189111,-0.006902564264116015,-0.019647225577609055
2014-04-11,-0.0047615854983977975,-0.0031194693876234803,0.012440987552114532,-0.00652254726290509
2014-04-14,0.005961342869865472,-0.0035513973808542054,-0.0016180898491974073,-0.0014239364732218048
2014-04-15,0.00045329766590557707,0.0008786783325684793,-0.008459168598589169,-6.932399055584919e-05
2014-04-16,0.007853439778402504,-0.0026044989597349194,-0.005275413617849824,0.022231917876254895
2014-04-17,-0.0026839252754906947,0.002631154731838766,-0.009158052503787175,0.007955129368863027
2014-04-18,0.00468950568269785,0.00018049312971190747,0.003877911890560276,-0.0072978851664204925
2014-04-21,0.004185276932110974,-0.00036837383820333776,-0.006904304733935022,0.007615649291590651
2014-04-22,-0.0024605006571372864,-0.0015677101504086761,0.001599623825850523,0.0031847033221179275
2014-04-23,0.0041264300992027905,0.0013645174965404125,0.006358655610292581,0.0011903014763841534
2014-04-24,-0.0036448890446805072,-0.0014889956390848227,-0.002968501550956842,-0.0027602878097686056
2014-04-25,-0.006143022202418173,-0.0018507560081397615,-0.0009484994652835068,-0.00029134598886996284
2014-04-28,-0.0001847099012713938,0.0024966998412106972,-0.007134853502598351,-0.010144616969360634
2014-04-29,-0.009163570493790107,0.0008292423215500452,-0.0005457591321619824,-0.013381765891727838
2014-04-30,0.000631977106171396,-0.00034985885649654446,0.014956728902579697,0.004441706939595107
2014-05-01,-0.0003998325853830139,0.0014028659694674333,0.005471292143936328,-0.0020208195753865584
2014-05-02,0.007014726310942381,0.00013786374622139723,-0.0014352495736440073,-0.003832663344519184
2014-05-05,0.007532221838801404,0.0008860263009033674,-0.004149136206613268,-0.0013975528880158425
2014-05-06,0.008499734885948903,-0.00151369580475091,-0.0006886174615790247,0.0026144709109614107
2014-05-07,0.00644458012556284,0.004260797217821245,5.203461604857604e-05,0.00984883190442819
2014-05-08,-0.0056708841198003426,-0.00103923993535245,-0.002211462838786825,-0.0007393731780905896
2014-05-09,-0.009142046161899958,0.0032320326538999543,0.003921807895886383,0.007409605617935728
2014-05-12,0.000247782233445684,-0.000257737698608953,-0.005443065355638816,-0.00433714801468568
2014-05-13,-0.016761946328812206,0.0017341942313099249,-0.0033024245640622695,-0.00913154812520663
2014-05-14,-0.015567741086789839,0.0015884469980522729,0.0043447745800723955,-0.010902581150889483
2014-05-15,-0.011892536563095645,0.0024137035103000914,-0.0050562060447079445,-0.004465241879354072
2014-05-16,-0.0069284655848294695,-0.0015612474143282895,0.005890386734437238,-0.010632182307240511
2014-05-19,-0.0005603045997755124,0.002271270802557724,-0.00045537888045824016,0.014422964152320184
2014-05-20,-0.0092959443590817,0.0038128797018228805,-0.009575058587567199,-0.01550819246722442
2014-05-21,0.0013261490630064386,-0.00039738595848371415,0.0013375142013188567,0.00825045734763332
2014-05-22,0.008667189539410465,0.00018941213428424482,-0.011694837949545154,0.009065069090705207
2014-05-23,-0.00039709217805796414,-0.0009268932849603083,0.004811128418866892,0.001410084472794496
2014-05-26,0.005383447831556797,-0.0005728725043701999,-0.002317931992934143,0.012993497499894393
2014-05-27,-0.0065651778405390335,0.003542845597864981,0.012536889167054251,-0.00039582241306580866
2014-05-28,0.0016430445007999317,-0.0018884690522604083,0.006875217769356942,-0.005334417941324438
2014-05-29,-0.0061263531932401645,-0.001764237643701544,-0.0049116252632616635,-0.002044601614361049
2014-05-30,-0.00012381887646343258,0.003341801872828754,-0.011496744530582744,0.009408935457634156
2014-06-02,0.00430799263689269,0.0013690968517767249,-0.005495023526315727,0.000310190993016656
2014-06-03,-0.012004904688507241,0.004360740498085049,-0.004825669045672557,0.0021684524010520696
2014-06-04,0.0015517334480082555,-0.0007808772756517066,0.010537956602475657,0.005391083870150285
2014-06-05,0.003118245717705116,0.00037256227447513875,-0.00021283101882948357,-0.0007616323368281933
2014-06-06,-0.004372611040279469,-0.0012013538875436088,0.006572615265289673,-0.00876288102853933
2014-06-09,-0.011359153012887348,0.0004066023372953919,0.0004119926281208983,-0.010109886929096909
2014-06-10,0.0018600355976053974,-0.0034281933945686078,-0.0010053797650975975,-0.010937254087825594
2014-06-11,-0.007096864317148392,0.0014899091133100165,0.0006890530221826836,-0.005487270881454679
2014-06-12,-0.0017555163346948126,0.0007669481669846761,0.006495123026225827,0.00022829666840096436
2014-06-13,0.0030137153495962913,4.890675068162234e-06,0.002010248137590944,-0.005968813377876829
2014-06-16,0.015173513754444985,-0.0006607286491993296,-0.008336404564143227,0.014918278184747925
2014-06-17,0.0014939298756162355,-0.001669507974736199,0.010228214925607087,-0.0024805381798163758
2014-06-18,-0.009145676236160388,0.0015754258240655223,-0.00020517137887836128,-0.009922801471204315
2014-06-19,-0.002402012367424036,-0.002222179971406813,-0.0028051428504509176,-0.00048256711018646926
2014-06-20,0.005078359198758205,0.0011437918240984864,-0.017104027336856092,0.003856623948917202
2014-06-23,0.011321576348180607,0.004268902789618915,0.002141494320393433,0.009342208986816715
2014-06-24,0.00874201158549427,0.0030910429772885964,-0.000351324344013381,0.0013953503207363776
2014-06-25,0.001469461246907026,-0.0028902558853413068,0.0002877780097595749,0.003342208516884573
2014-06-26,0.01830263115167713,-0.0009534761206866058,-0.004222406929811316,0.009254752469285693
2014-06-27,-0.01312856196145525,0.0009629014811106754,-0.0016764769174608478,-0.013985992581126835
2014-06-30,-0.006570053057066254,-2.0563844028700378e-05,-0.0011838179917704197,-0.005421462817366974
2014-07-01,-0.007816837364557773,-0.0026788114365648426,0.004199842747661135,-0.0020213988083294773
2014-07-02,-0.006584835209662786,0.0008906319029469824,0.004530949872460391,0.001317027799497712
2014-07-03,-0.011198616742243992,9.996620976740131e-05,0.000642336768953426,-0.009712908724025106
2014-07-04,0.01075208995373211,0.0039486508172075635,0.005006171187701108,0.008402087733646606
2014-07-07,-0.0032713907559700915,-0.0003864574052348934,-3.8444450215220465e-06,-0.006939735973630002
2014-07-08,-0.011851828193428744,0.002456006770653182,-0.0008697700111633447,-0.0146200066845267
2014-07-09,-0.01718851788898354,-0.0024141768062599512,0.002731525209074367,-0.007565677991369595
2014-07-10,0.0029048370255972352,-0.0019360185957930166,-0.008409562205020924,0.011300534055459043
2014-07-11,0.006804012253270812,0.00156332391961898,0.00043483898781807723,0.006599707136963834
2014-07-14,0.01571508521799492,0.0022874615612147493,-0.011778679336942141,0.011267209759663619
2014-07-15,0.029669113602951557,-0.0017947854521487845,-0.00993007608901248,0.027962161543086055
2014-07-16,0.002950953854612483,0.00016815481296782343,-0.012501601175222341,0.0012291488184175462
2014-07-17,-0.00923827554156754,-0.002643158347058156,0.00045517474601401264,0.007514309267515224
2014-07-18,-0.020119995150948998,-0.00024243965261095882,0.01270606469284183,-0.01615959031033172
2014-07-21,-0.0031410444542007074,0.001793845571248252,-0.0008938704406527892,-0.004043790162741642
2014-07-22,-0.010512429178023816,-0.0007499169982722897,0.005128982755267703,-0.005779700749566307
2014-07-23,-0.000654934883256519,-0.0003780694118876056,0.01484461568511691,-0.003771256304154119
2014-07-24,-0.011638723132178189,-0.0021395907965921037,0.0034206657674513163,-0.00836252969217249
2014-07-25,-0.0033660640265945844,-0.0011767168272498515,-0.004231204570866014,0.015064861884527393
2014-07-28,0.008594661908219501,0.003636221832428677,-0.005034484927978342,0.008967434860793653
2014-07-29,0.006844302708882798,0.0002658497834342657,-3.806631671317764e-05,0.004114903416935173
2014-07-30,0.0010780977631409127,-0.0018846155333011965,-0.003413210841563317,-0.0034306750761652635
2014-07-31,-0.010792395356591601,-0.0005095438998359833,-0.001780389432565746,-0.009650634951273392
2014-08-01,-0.010958605410992557,-0.0030748552423331245,0.00834234543090782,-0.004057152417331246
2014-08-04,-0.006398318643163337,-0.0019083193842804244,0.0069834533618822695,-0.01277879046270055
2014-08-05,0.0027432564538371323,0.0028406794780929064,-0.00963874844868725,-0.006856016906897631
2014-08-06,0.012034737484449897,-0.0001649648487732101,-0.007125722490734159,0.009994107421907934
2014-08-07,0.004592244188623445,0.003901460352202412,-0.002789896925468751,0.009267013319085051
2014-08-08,0.00782625466279456,-7.069567699211181e-05,0.0024378353371103845,0.004284157081628419
2014-08-11,-0.007379173109676177,4.804260761700814e-05,0.007702502589061792,-0.0003086529271514788
2014-08-12,-0.011115924736982162,0.0014017883170842468,0.017981481690306285,-0.006958773652098705
2014-08-13,-0.007654018320930701,-0.005225175164438802,-0.0013211321486822668,0.0020373148755569092
2014-08-14,-0.007811279872398916,0.0005298786473071497,-0.0013453170989289067,-0.013737262315852773
2014-08-15,0.02101808810990245,2.202702387809664e-05,0.0008279859550388139,0.018165138536678196
2014-08-18,-0.008941461764011678,0.0030920777870302946,-0.0028144282967762346,-0.006028129657569215
2014-08-19,0.009607520015421178,0.0020493587883272345,-0.0018077315939871682,0.011171787147055419
2014-08-20,-0.006599678416673438,-0.0021473833710936017,-0.001101276962283789,-0.010264133858550158
2014-08-21,0.008401387951744391,0.0026042772372551607,-0.016817547098805303,0.006355268400284768
2014-08-22,0.0023404117578549187,-0.0004046290511619903,0.00038971557666635877,0.0021501508209908335
2014-08-25,-0.0007551186916270149,-0.0016889064525920901,-0.0007127045939783196,-0.006661431583168446
2014-08-26,0.0014838984938821914,0.0005142065017424047,0.007852415711824235,-0.007599281992335017
2014-08-27,0.0004923081993303121,-0.00028553871132763644,0.001086905834047806,-0.007267630652384014
2014-08-28,0.0070329110787332675,0.0031969306280570475,-0.007960682341885843,0.003929841643307104
2014-08-29,-0.0009668814736194953,0.0008012440569824199,-0.0007643655394170871,-0.0070678692719738714
2014-09-01,-0.0015649152893243822,0.0005313178417720116,-0.010721929277733983,-0.00936175768990057
2014-09-02,-0.00975356273857304,0.0019212941657108797,-0.005370291285866371,-0.019025790845115027
2014-09-03,0.003207221793434182,0.002305743236185424,0.0037500421199931242,-0.0007965956412530277
2014-09-04,0.016523866530658876,0.0016872101885945985,-0.0034458158358760664,0.01642979479513578
2014-09-05,-0.0013869734106038152,0.002958926945629907,0.0054890607586642525,0.005579029121333159
2014-09-08,-0.0021994498442452115,0.001337364825827577,-0.011471191765019944,-0.0009289530766551215
2014-09-09,0.0012539274563458838,0.0004553029294534036,-0.0016706336724059507,0.0036026210295809994
2014-09-10,0.013896857607020108,0.0025983441241760586,-0.004446177341630926,0.0035982485991880517
2014-09-11,0.001651918825611111,-6.179228016427745e-05,0.00560892511883803,0.011468741858340698
2014-09-12,-0.003083674801080726,0.00018649303268932315,0.004761328370625281,0.010157733484830888
2014-09-15,0.013418962250984393,0.0035631538345938293,0.0025300231419489376,0.008298560657613141
2014-09-16,0.006648260162266937,0.0033638482559104625,0.00883963903658143,0.01858528057867712
2014-09-17,0.013536640918840185,0.00010364838615335435,-0.004111793244913986,0.005934168520362694
2014-09-18,-0.00016087535563751227,-0.0007871031546112335,0.007933118521554742,-0.006012098485915709
2014-09-19,-0.007414397090524934,0.0030463470004169968,-0.004442203712455742,-0.011631897424403858
2014-09-22,-0.009791759250481386,0.0017208367158304282,-0.004468251579612516,-0.009596344545697631
2014-09-23,0.0102395809351951,0.0007511625083947259,0.0024577267204778457,0.024613245280274653
2014-09-24,0.014773529670324827,-0.0005237454203798892,-0.01118539315351026,0.009512139276499012
2014-09-25,-0.0009191265334931184,0.0007833931574291878,0.0038489447084452577,-0.005948905920504512
2014-09-26,-0.0009121967388607951,7.658308022459478e-05,0.00129518204586154,-0.007464833280621344
2014-09-29,0.016083303114999132,-0.0012086763591459915,0.004628166577402263,0.016387231713385554
2014-09-30,-0.00891169313486497,0.0003780846571744703,0.0013078478810293716,-0.0006505773070197562
2014-10-01,-0.006096800576525869,0.000650848091279215,0.0017141751533635281,-0.008209649337543368
2014-10-02,0.00618235155933586,-0.000630790133840462,0.002357098784719226,-0.006861745889921952
2014-10-03,-0.005373001170277988,0.0019276513772190354,-0.003273180384498225,-0.008917573542271124
2014-10-06,-0.0006298899736044036,0.002697664784621978,-0.004060323324869232,0.010635195264660809
2014-10-07,-0.001214012526800288,0.0020597953873108255,0.0032372245520686086,0.0034431570465923936
2014-10-08,0.0031341331891346323,-0.0004324967704279895,-0.00046145249566238494,0.0028594879107831125
2014-10-09,0.007210618038493039,0.0016316430083767439,-0.0041739840165992,0.020420134765182764
2014-10-10,-0.0001771858426725839,0.00027592279492008034,-0.00044899422250336174,0.012660642550350095
2014-10-13,0.0061640660987591755,-0.0023514919571319035,0.00886803967610622,0.0041811767858764125
2014-10-14,-0.019095658884996307,0.0014654587569954917,0.0002796218959525256,-0.012681514799685442
2014-10-15,-0.0009789370039058188,0.0004122632819138963,-0.0025963478370864346,-0.003459206024832204
2014-10-16,-0.005925098320222077,0.0053070960041386155,-0.008936304483079593,-0.006679970427755898
2014-10-17,-0.014006189104958553,0.00303454172655712,0.0015612800026292076,-0.01625647213546958
2014-10-20,-0.012587497944212388,0.0015423003138690483,0.005296806762796166,-0.014134678168755488
2014-10-21,-0.0038516203388173327,0.0006183410025763593,0.005638255339031305,-0.012100930889850524
2014-10-22,0.010735466097709485,0.0004474445101160363,-0.0004171628223974222,0.01261620805835955
2014-10-23,-0.006674875341196159,-0.0018873788072662153,0.007695631607433711,-0.017384687459234632
2014-10-24,0.002822068150633977,-0.0033579744543998217,0.004516029896278987,0.012232752195581759
2014-10-27,-0.008562316179608748,-0.0016251182181631302,0.007501330113153907,-0.007092534777197977
2014-10-28,-0.003446159567387961,2.4565963659139227e-05,0.006518174610254016,0.008699758946214865
2014-10-29,0.009994723570986026,-0.004091078556417968,0.008236146112482292,0.004467048242226159
2014-10-30,0.00557581228380611,-0.0009686435845454982,-0.001574614839352798,-0.005666993372398129
2014-10-31,0.013854496625813315,-0.0003752260662488519,-0.009597835699216753,0.0164682814652821
2014-11-03,-0.003941697952631386,-0.00031085310697091594,0.004360895129099886,0.0077778079865249775
2014-11-04,-0.0058686542423841,-0.0012034471963762894,0.0057928416616921065,-0.009480744455127494
2014-11-05,-0.0005537608625961084,-0.0005630276287628007,0.009892181763075512,-0.00306022414593185
2014-11-06,0.004859483981351973,0.0035677876562477235,0.0075303714688020875,-0.0035670458343571793
2014-11-07,-0.0006279942737549772,0.0014442905629812061,0.011604460701274882,0.0007292519915120651
2014-11-10,-0.010594963251828992,-0.0010006015537962995,0.0053530477794742435,-0.00584466997042508
2014-11-11,-0.007097045005569153,-1.669557672392666e-05,0.0014207023464341388,-0.0011982127304369639
2014-11-12,0.00038966906851682376,6.33733286954662e-05,-0.008448006973642001,-0.009135509892470015
2014-11-13,0.021284021658892153,-0.001415910867480302,-0.0013800107435863098,0.012714810545923562
2014-11-14,0.0140328479770327,-0.0014182604354877092,-0.005678760366458162,0.01638523363239877
2014-11-17,-0.006982353704331425,0.002141048040653426,0.002590938603849233,-0.006288830364096063
2014-11-18,-0.0025542865500783893,-0.000719568755033632,0.0008850466559493242,-0.003435158943130044
2014-11-19,-0.01974861964926586,-0.0020693927740617433,0.0049760482355807635,-0.014464343881757706
2014-11-20,-0.004469839217766109,3.371931186111462e-05,0.00038347021161964294,-0.007041762403155664
2014-11-21,0.0002554726399459817,0.0003560195062582472,0.005354054389548548,0.010782000162110906
2014-11-24,0.012509749465565647,-0.003825408448387671,-0.017796828265449465,0.0010982142707832232
2014-11-25,-0.010207308282878472,3.850728436561396e-05,0.002294224631900938,7.171040232664423e-05
2014-11-26,-0.005597298345017349,0.0018559598686965209,0.008268036369006897,-0.003498791247005971
2014-11-27,-0.01997509125430741,0.0010224587710436662,0.014289131240884472,-0.011719056908625111
2014-11-28,-0.0003546876300531777,0.004579590230389943,0.0047813670230460025,-0.005078932985520626
2014-12-01,-0.008987637873782026,0.002622218964624358,0.011713557591505644,-0.008463874991002748
2014-12-02,-0.005330447371359027,0.003017868049501707,0.001898359201496654,-0.003029789473438009
2014-12-03,-0.012300563945641028,0.005720171871828654,0.0013709375060886224,-0.008308224690110983
2014-12-04,-0.005079986878656108,0.0016363125235491958,0.0034737483076074617,0.001734738532428187
2014-12-05,-0.017371216339486337,0.0004461404158654021,0.0025237676309850616,-0.00798905476880835
2014-12-08,-0.013028246860307674,0.002067480586862664,-0.0025436337268263266,0.004133854695756287
2014-12-09,0.01753848016665733,-0.0009984728667899875,-0.005795925066029598,0.015423396981952503
2014-12-10,-0.00951116743972788,0.00033537263898993867,-0.004764896951737003,-0.01924421819513942
2014-12-11,-0.010508732963726806,-0.0011754552861566272,0.004820923100105231,0.0004083653407678514
2014-12-12,0.013837183580553294,0.0009159691151257633,-0.00224148238823091,0.010689331378607123
2014-12-15,0.025511315644199933,-0.0011838181760396402,-0.005913557379023134,0.030713475343835686
2014-12-16,-0.009666520150478416,-0.0012538569997234354,-0.0016484875921095302,0.0017846769534321976
2014-12-17,-0.0021395864546185214,0.0009469465862110088,0.0036974741688616,-0.0050115727300339905
2014-12-18,0.008909137354443973,-0.00015542288156113437,0.0043915890898907324,0.006823216674152262
2014-12-19,0.01375155077964007,-0.0037350422714334942,-0.008946825798978646,0.007667064273267903
2014-12-22,-0.008902149690625338,-0.002791113842624179,-0.006223850962775586,-0.0058610546356097325
2014-12-23,-0.0007291287730207081,-0.002174532982922927,0.006228184825747937,0.0028506584566884326
2014-12-24,0.00712576930695325,-0.0016459438122279487,-0.009130205158614929,0.011915227965468046
2014-12-25,0.002611040232233608,0.0009488466589572764,0.0028679868024049718,0.008450261242457137
2014-12-26,-0.007833176170103623,0.0005578776941432718,0.010379265888684715,-0.0015798454572726573
2014-12-29,-0.002536910357803417,0.002250558743398398,0.010066069822455464,0.014397458724036239
2014-12-30,-0.015395169513483239,0.0016256036458835424,0.006453344885092025,-0.01051196603189342
2014-12-31,-0.007123383739143322,0.0022638059123653155,0.004744391646298521,-0.010803698377236177
2015-01-01,-0.004584523935092355,0.001336792382918246,0.014041067812690818,-0.009826436958312364
2015-01-02,-0.0008517461556630597,0.0005393586181829794,-0.01414980332835807,0.010646716685379469
2015-01-05,-0.0030465853334923,0.002318703484575311,-0.0018663223110781388,-0.0036184789976406277
2015-01-06,0.006247122215149131,0.001958825583480199,0.004624374089023671,0.004265037680358927
2015-01-07,0.006602804491635833,0.0008721907351079824,-0.003220888401108511,0.0034649663727188986
2015-01-08,0.0008181780573268309,0.0026621437417202846,0.007398840259289779,-0.0013970101114838037
2015-01-09,-0.002208920310744775,-0.004571576485006793,-0.0005409955132000805,-0.002166509792780788
2015-01-12,-0.0008046217223472761,-0.00046092634828089974,0.0008887034427954645,0.003501783569721097
2015-01-13,0.0013977052399297644,-0.000491580931303462,-0.0014781619161490353,-0.00024374782874669429
2015-01-14,-0.0038192086330433184,0.0024253657549631407,-0.0019909624075655206,-0.0015957833444995308
2015-01-15,0.0009093071099858306,0.0032627899939015386,-0.0035399270321448775,0.00437054416044674
2015-01-16,0.002479985195861154,-0.0027803587404205254,0.0019283346888788685,-0.002828177971802361
2015-01-19,0.014491439015834936,0.002942334348298552,-0.0073031670119935044,0.004774576594446021
2015-01-20,0.010617310724845803,-0.002222890372052538,0.003765200182606148,0.0009773383095978798
2015-01-21,0.005801604569922136,-0.0021624304911216454,0.0035684627016656636,0.020930742831276352
2015-01-22,-0.0016541512015631659,-0.0003485714046547294,0.007796625878906978,0.0044017802454628255
2015-01-23,-0.008331407283299674,-0.0005164129442651692,-0.0051017906487803785,0.0013729031278517535
2015-01-26,0.010799259418197748,-0.002996834559433753,-0.01163490226738863,0.003796559762538478
2015-01-27,-0.004020808213242379,0.001419755946985134,-0.00020982598773921818,0.0020523785210056936
2015-01-28,-0.0015460505376059409,0.0014788048494532042,0.01691461008677845,-0.0015272733129318775
2015-01-29,-0.015113045272080124,0.002228083192327341,0.010122443750982583,-0.018523384288932757
2015-01-30,0.007472758325310103,-0.0007469106595557304,-0.004408719801143822,0.0026502213115623327
2015-02-02,0.000972277497472912,4.0834570055102646e-05,0.002103605349998656,0.01115995791132796
2015-02-03,-0.009597278417240148,5.914567019471463e-05,0.006034602868621647,-0.0016112411102673918
2015-02-04,-0.0036983291645261117,0.0034959908829369285,-0.007403770954339737,-0.008450894296666808
2015-02-05,0.005406702444829494,-0.005548489565266436,0.008031736988326328,0.00011252208650122122
2015-02-06,0.0010820080342442949,-0.0017938886979782067,-0.0009053749387065732,0.005165279861263821
2015-02-09,0.0012556424327711587,0.0001310816855835953,2.0346033187637125e-05,-0.00492650684168642
2015-02-10,-0.0007074123239472075,-0.002051140469831006,0.000452417118492181,0.0001655413801808285
2015-02-11,-0.0024138013882839763,-0.0003966407145422348,0.0073774102964266645,0.001163627199685494
2015-02-12,0.004765999167663764,-0.00013215107273981873,-0.004567052340546781,0.0036467271373103382
2015-02-13,0.010508105116814109,-0.0011953722175849376,-0.012058334192247475,0.011135271995998603
2015-02-16,-0.014456583608583195,0.00024893785220534494,0.005572720652657518,-0.019752131220562234
2015-02-17,-0.0008058799460869505,0.001376298555515627,-0.011772200659950698,-0.004458004191523902
2015-02-18,0.002931099550865042,-0.00035253289006200394,-0.0018749133396660437,-0.005349870854477337
2015-02-19,0.004439233829101688,-0.0007863894679374714,0.006891653853075325,-0.007163257425984906
2015-02-20,0.002484178194103319,-0.00021152983330774433,0.004146648105836171,-0.0026915543124654997
2015-02-23,-0.013232973807289421,0.00010512730670882122,0.008795710800697742,-0.00582978954209192
2015-02-24,-0.001663208583584784,-0.003360639130668844,0.0034493142882029253,-0.00587532281752479
2015-02-25,0.019956563081780176,0.0010431078359225575,0.012300084143578801,0.012860145813979908
2015-02-26,-0.014627442382580288,-0.0007820024588935888,-0.001288724869304105,-0.004615539570671296
2015-02-27,0.008295917341801665,0.0026430701496221024,0.001392622243557386,-0.005238286126629489
2015-03-02,-0.006594488924631844,0.0013021069512849494,-0.0020152137760599954,-0.003353195506491544
2015-03-03,0.0012266869419120614,0.00246013280843931,0.005993595486358169,0.009830917824028503
2015-03-04,-0.011230209466538197,-0.0019020075874298166,0.001221963733147355,-0.0029816145108906384
2015-03-05,-0.002509596637222468,-0.0006227732823748531,0.010934585109344705,-0.012989816780215751
2015-03-06,0.011048104336208278,-0.0023649169749148185,-0.004769955935255452,0.012480317721073102
2015-03-09,0.011218935583096917,-0.001290382417858652,0.007826174577618502,-0.00047569274084741965
2015-03-10,0.021737585349126263,0.002624210849017183,0.0013902165159604012,0.0154014046946392
2015-03-11,0.010936246511443468,0.0030949811558449902,-0.0016142724646417699,0.003617204300954826
2015-03-12,0.004343713244472749,-0.00217626658960892,0.0028318870106046187,0.002788051410784539
2015-03-13,0.014775081836461581,-0.0007965553366345671,-0.0006167252851513655,0.008101530903479391
2015-03-16,0.007468957303153047,-3.239134404789836e-05,0.0017130873172141574,0.003124603236482315
2015-03-17,0.0066651339801733975,0.0012912112836195625,-0.002189010477242375,0.0021526444703554
2015-03-18,-0.003733150405749473,-0.003399620527072985,-0.003639160258058092,-0.0028696264565955293
2015-03-19,0.0037346909337277363,-0.0030860001630568772,-0.0019302635711851098,-0.006294391409951075
2015-03-20,-0.00769171169565244,0.001099252287744805,-0.008987347706233962,-0.001109812514307795
2015-03-23,0.008992990308008085,-0.003778077137835849,0.003885751683492702,0.0076260900398111234
2015-03-24,-0.015148664952566768,-0.0007735948122777406,-0.00565027394184781,-0.016782505870248557
2015-03-25,0.009353724117128452,0.00044418361711768146,-0.0021920552936780403,0.01122630711844283
2015-03-26,0.0043067412999991716,0.0009513319398662346,0.004315649176518164,-0.0019188294202094835
2015-03-27,0.01290489995960525,-0.00016343619108766407,0.0036251967264185865,0.00868943106625957
2015-03-30,0.011343218401223253,-0.0006115134380950613,-0.011491584755810632,0.00965784466118205
2015-03-31,0.014047509010289217,0.001809141719432959,-0.002838960764173648,0.013779524247334751
2015-04-01,0.007485945066332405,0.0006904118527315151,0.0019419223636557622,0.01193509950493886
2015-04-02,-0.01677784207398733,-0.0011740332439029199,0.002604351000705835,-0.011323626743847879
2015-04-03,-0.0010858751928278362,0.0001954457933644767,0.00832483652945384,0.006124771328103571
2015-04-06,-0.008031430301295828,0.0008863380453123855,-0.003178631689484613,-0.006306097606503414
2015-04-07,-0.004159056741986576,0.0035564744829027625,-0.01142456899394671,0.00012063754013261858
2015-04-08,0.009563132831686829,0.0016926473365831587,0.0029917977156875535,0.01228251416643077
2015-04-09,0.0019927169814660025,0.0025491137119078872,-0.003913187362422815,0.01180084496051264
2015-04-10,-0.010233865651681037,-0.00110121479259926,-0.00943768750693468,0.00026521254130965934
2015-04-13,-0.007449098528144818,-0.0009283658125100054,0.0005874441012956954,-0.00870409229043359
2015-04-14,0.006686722442856351,-0.0003507599856259802,0.007509092030207256,-0.0033010750788786437
2015-04-15,-0.00666166661242951,-0.00016714529327632803,-0.005767159505211667,-0.0076228538266701
2015-04-16,-0.011528218094007423,-0.0018960499156057806,0.015092015098168989,-0.008448792394073944
2015-04-17,0.007271313058170546,0.0026518672531136364,-0.005278502353814151,-0.004007493537185247
2015-04-20,0.013407009576004207,0.0018867032755175842,-0.0008676061239895406,-0.005149848988316065
2015-04-21,0.001042953413433684,-0.0004913557226030144,-0.007966622494588644,-0.005120379271958292
2015-04-22,-0.02133121042751439,0.0014034212980277073,0.00351290292878352,-0.0021826857374988833
2015-04-23,0.006225867795759767,0.0005657983260076759,-0.0010433820147429124,-0.0016814911048880265
2015-04-24,0.002499602691897557,0.0015596559618627495,-0.008864208737850503,0.012214573310292113
2015-04-27,-2.272588809719943e-06,-0.0025686142470512604,0.01656620992845232,0.005366436404781445
2015-04-28,0.016578113602249447,-0.0001713221463948697,-0.004983906084341298,0.010223572864585974
2015-04-29,-0.02478164627948445,3.922944188409309e-06,-1.1403670149768685e-05,-0.021662031844797282
2015-04-30,-0.005788397353991584,0.0013672841992233026,0.0067822049001299185,-0.003355938205247672
2015-05-01,0.008932027213340337,-0.0011368752023642665,0.010257805764319785,0.015415812435407511
2015-05-04,-0.01397916694837152,-0.004879861448164793,0.009063773647288638,-0.00027822425245940113
2015-05-05,0.011986728782595742,-0.0020433994353658415,-0.009029611953031756,0.011283910918922578
2015-05-06,0.006183248275622973,-2.095971421814692e-06,0.0009561726298220876,-0.004231363535415948
2015-05-07,0.01074351131785038,0.00024776845100666316,-0.012261123275198562,-6.951296068146914e-05
2015-05-08,-0.0010083738750953,0.003487496245249969,0.006351004430988561,-0.008372496127942069
2015-05-11,0.010146900495035055,0.001285492881316198,-0.010739709812637156,0.013135640810963328
2015-05-12,0.013060368385712784,0.0002830605584629787,-0.006091644542240624,0.016861693419383497
2015-05-13,0.0044946278535471194,5.521744643712465e-05,-0.00016359435137304126,0.0029824885366696737
2015-05-14,0.0031061939816376793,0.0023283667643393857,0.0025235981617028336,-1.7569891371368909e-06
2015-05-15,0.002901616152826975,-0.0010602209043148762,-0.0017605711134022442,0.011335425387440775
2015-05-18,-0.00828188653994664,-0.00016056757548119766,0.010450018167795455,-0.010970516413047833
2015-05-19,-0.004764863001342354,-0.0020585162402766036,0.0047086012114781525,-0.00027849071991202783
2015-05-20,-0.004038637318530655,0.002957812097390608,0.004244253943195936,0.002156904042826923
2015-05-21,0.002804501333375827,0.0009049978740032274,-0.007723987128785201,-0.0024214222976313778
2015-05-22,0.00992277470099994,-0.0012950465920078917,0.00901644465194352,0.0028234074271870115
2015-05-25,-0.005004386943792892,-0.0001089100206366159,-0.0032193671550002183,-0.010611202791589596
2015-05-26,-0.0010504729565027362,0.0011393015264125606,0.010764016788853994,0.008052804244915177
2015-05-27,0.01654352880156375,-0.0003814378254445509,0.010303205352213815,0.021159373612594057
2015-05-28,-0.003254347090016715,-0.0009489412434252018,0.004249783303079612,-0.0036558506600997886
2015-05-29,-0.007894590548679256,-0.0011885473719686628,0.007472116109418457,-0.006449486631185742
2015-06-01,0.002004826360591294,0.0007979237984822296,-0.018330631937313324,-0.0032445174414232575
2015-06-02,0.0052688825891932965,-0.0005961085584213703,-0.0018699345000974463,0.004410104580759491
2015-06-03,0.0024692421822813644,-0.0007875154695254924,0.007037568664510348,-0.004149346358588584
2015-06-04,0.0122681753287307,-0.0025521235101108116,0.004192964812794572,0.006870270265621708
2015-06-05,0.002539694579033676,0.00027528115305433927,-0.008035011905064077,0.006957199028192659
2015-06-08,0.006460954558472096,-0.00024244687758381638,-0.002458789329508826,0.0019515887646651795
2015-06-09,0.008331384997388478,-0.0005232966972839294,-0.015526250307994406,0.0014334055826572024
2015-06-10,0.01880518479947466,0.0005175413549774369,-0.00022437464443069354,0.012631487621746505
2015-06-11,-0.002103310109509193,0.001616004525471796,-0.01058300212739178,-0.0041178992482129115
2015-06-12,-0.017994064115381188,0.001523130943880937,0.009927622151015223,-0.016190877702116302
2015-06-15,0.009728420556160466,0.0012254570017995255,0.005370605776256313,0.013759982095178824
2015-06-16,-0.004187171030970888,-0.00036134055727144257,-0.0017883066546472773,-0.014427922588886654
2015-06-17,-0.0048105814570165795,-0.0010139966718824838,0.0034220169828614363,0.00920532595336869
2015-06-18,0.008309083844540554,-0.0019678312826448747,-0.0026304857689247625,0.008143346093839302
2015-06-19,-0.01279316696704775,-0.0010663130146761639,0.004054500750518746,-0.007354129652752138
2015-06-22,-0.011794556056030178,0.00015930019027313915,-0.004753832800415612,-0.004454910749975423
2015-06-23,-0.01692493485730926,-0.0014525722433049652,0.006336680954549907,-0.015256405964032204
2015-06-24,-0.007407843546493252,0.0003121142782348858,-0.008335027389812176,-0.011409209964235618
2015-06-25,0.0021764527108875473,-0.0018109133558237285,-0.011133090392099232,-0.004343905090015904
2015-06-26,0.0031554260923704375,-0.0032019837780140445,-0.0009992234877991917,0.0008999752307489255
2015-06-29,0.0028569231941173966,0.0017588122417295901,-0.0012004298197612244,0.005015755479076061
2015-06-30,-0.016496996177008692,-0.0008288291907316891,0.003981044326565197,-0.01332299721984685
2015-07-01,-0.022269921713029724,-0.0015540673064477822,-0.00033840530196390436,-0.011826061809715826
2015-07-02,-0.0020476223153065186,-0.002067694282594877,0.011680772654436521,-0.014785099725207784
2015-07-03,-0.010602794426545789,0.0009660719494608009,0.0020405275816884052,-0.006205592223773013
2015-07-06,-0.00022689532329839366,0.0028698154229359345,0.0012171198792799269,0.008976954567484027
2015-07-07,0.009422201977182926,-0.0006861477220122888,0.0006757658690435593,0.0024764801109963884
2015-07-08,0.0007983428322838396,-0.0003111267493251635,0.006270833280409247,-0.005023940795027305
2015-07-09,0.0012704328641785162,0.0022632636797781445,0.0028699248216493833,-7.222089495770431e-05
2015-07-10,-0.004158160760509616,-0.0035008914087166247,0.0027826720431943334,-0.017644103721484356
2015-07-13,0.002834090650081448,0.004053737285825334,0.004140317276631565,-0.0036514041771822854
2015-07-14,-0.003258499766299494,0.005008200604652739,-0.009556378917408808,0.000984006678995235
2015-07-15,-0.003776777128896185,-0.0052926750588401655,-0.010038610494842195,-0.0055471685085155785
2015-07-16,0.004091983530124663,-7.5006457833514e-05,-0.00028200020229555533,-0.0024675767630685224
2015-07-17,0.00684054859121274,-0.001317894063739127,-0.001853756737904928,-0.00974154372708871
2015-07-20,-0.0037299191764834675,-0.0004095435418094678,0.0044504096467924215,-0.013185596143690177
2015-07-21,-0.0009166562263246947,-0.0007167701392318469,-0.00014347438213731982,0.009503648782710825
2015-07-22,-0.0011799803619891376,0.0017435181969587168,0.004290071975811025,0.001108980094902479
2015-07-23,-0.003662675617773995,-0.00010513981393598159,-0.006874889691474739,-0.00944514984280381
2015-07-24,0.008454948739049381,-0.001701814428399913,-0.0007443181291846669,0.0005225356153123386
2015-07-27,-0.02198005328544574,-0.0002243703225902485,-0.004915708926823595,-0.01365131439563388
2015-07-28,-0.01273710291014311,0.0011495684739248196,0.004511385249129332,-0.01626454205981153
2015-07-29,-0.01388365971517249,-0.002247442655530564,-0.008828759967632115,-0.02228263130497137
2015-07-30,-0.023064645028362342,-0.003172467377939961,0.0056802423530404895,-0.016577043879680932
2015-07-31,-0.0064907443821381194,0.00410548560167064,-0.007458339291173184,-0.001757414599938167
2015-08-03,0.004345713871972136,-0.0011648533594168723,-0.0028729025239632223,0.007352577486664488
2015-08-04,-0.006111135856567011,-0.00015470597383904558,0.00619415963831197,0.0025366546950426564
2015-08-05,0.0049965608858585624,-0.0006755908116511454,0.0015372633209690045,-0.008995266054445273
2015-08-06,0.01134981606948146,0.0012161754081642842,-0.010904404962905376,0.006289481688239625
2015-08-07,0.008066580955264694,0.0036655798461820875,-0.005386739346725528,0.005833714447911728
2015-08-10,-0.0005169084957514171,0.0012798676834585687,-0.008474934940980524,-0.001878893101757834
2015-08-11,0.008354236442021117,-0.0029167302950799823,-0.011555891948549847,0.006336901302482379
2015-08-12,-0.004324914005079989,-0.0026482468540170597,0.0010216080679177984,-0.004302291135510206
2015-08-13,-0.00603515569025023,-0.000677929550653833,0.004932277663527693,-0.024302351535406642
2015-08-14,-0.012061902046730834,-0.0004164663990665332,0.003886075999762429,0.002306251904572009
2015-08-17,-0.012144260872355522,-0.0033239025390932016,0.006054485181241277,-0.008267439036309068
2015-08-18,-0.010351371621322047,0.0017586818403488814,0.00156751559722552,-0.015420982003741056
2015-08-19,-0.005456790001911448,-0.0020526411157629574,-0.0007170187835993273,-0.00033671521691237263
2015-08-20,0.006861518833277282,0.003106603124251511,-0.007083255738534999,0.0014587567800763692
2015-08-21,0.01563052491647661,0.003761265194411441,-0.0045235173025770705,0.007407016037839316
2015-08-24,-0.016518663168880083,-0.0003765070652643547,-0.0056221452661980205,-0.014238231155809546
2015-08-25,0.0040886240405894605,0.0009979452808363696,-0.005161310244912407,0.004776395885951077
2015-08-26,-0.01062478383834214,-0.0023438944441684035,0.0023782955404909223,-0.01227436824578966
2015-08-27,-0.001095890582435297,0.001367352652958229,-0.0009076775946708564,-0.00451041645922543
2015-08-28,-0.0032894033069287565,-0.0008763848468687402,0.019005335205797086,0.0050446229643032955
2015-08-31,-0.013934315385950996,-0.0020544706431767073,-0.005163050720135879,-0.013527995161439791
2015-09-01,0.013584457318853448,-0.0004586699765059684,-0.0018337932636081464,0.005303352706928203
2015-09-02,-0.003092961042452547,-0.000811496016810726,-0.0075556417049305585,0.0006832802309649868
2015-09-03,-0.008176132609867102,-0.0005303188060075087,-0.0014359499340154064,-0.007029091706830451
2015-09-04,-0.007955950994239543,0.0020193598056327177,-0.00046839333745002615,-0.009208359227006357
2015-09-07,-0.0031359667786104205,-0.0014506151852714652,0.0061225625809270285,-0.001947693024794586
2015-09-08,0.006228137916210421,0.003590045999547752,-0.0031056513302456655,-0.006212555838404616
2015-09-09,0.0008516637976361053,-0.0025301192656507075,-0.0007224377400728062,0.0004743549327099329
2015-09-10,0.004247747258284922,0.003350860546357191,-0.0028556014779146663,-0.002123698140708574
2015-09-11,0.003240059668867962,-0.0019130212438133872,-0.008724904967147194,0.007752943234482605
2015-09-14,0.010260852412041447,0.00011797353492676868,-0.00552550746572167,0.011940148390926903
2015-09-15,-0.008578881913283902,-0.0008603922269560395,-0.0016588589868359942,0.0006677373914045909
2015-09-16,-0.012072795051471533,-0.0005674573430757093,0.0026067133531800448,-0.01860595613745545
2015-09-17,0.010363160280104412,0.0017227144727110977,0.0020829334609767736,0.006443128853360573
2015-09-18,-0.0011106660204008433,0.003119653594457621,-0.0007900700259348813,-0.008811974846698368
2015-09-21,0.00621870092131771,0.0025010494099112837,-0.0028477573840675397,0.007140748982975317
2015-09-22,0.0055854440865874145,-0.0006897126646836955,-0.010672438053718652,-0.011136402248288869
2015-09-23,0.005183397512032227,0.0004885104448091067,0.0035854427693126226,-0.009731160050532529
2015-09-24,0.00357433343875039,-0.001444155747336724,-0.004476234779862744,0.009671489785532785
2015-09-25,0.017574117083517072,-0.0018631006251493894,0.002018872473208149,0.014845698184835047
2015-09-28,0.019819831829740876,-0.0021726018114573377,0.00526471597290261,0.01130208224816064
2015-09-29,0.0069214412903260214,-0.0007551466139682586,-0.0010511546925872828,-0.00467535878478083
2015-09-30,-0.001429227945245995,0.0006192112620298841,-0.006186124985573405,-0.005156322767624985
2015-10-01,0.010495782217379184,-0.00370363031950301,-0.0013831158910974093,0.008321247522569384
2015-10-02,-0.009809921561799056,2.7292594838468516e-05,0.0034038543823477494,-0.007049458363988363
2015-10-05,0.001556619191029311,0.003152050249099049,-0.0021727650105149697,0.011718226447398667
2015-10-06,-0.0001815365552305256,0.0023638221381482504,-0.0031793156115382374,-0.000931518262171395
2015-10-07,0.007067143627958659,-0.0010503681530533316,0.003127417178716785,0.0026699446856497883
2015-10-08,-0.0018973474514784412,-0.0026737458185655725,0.004280517536196869,-0.013241244285813483
2015-10-09,-0.0127616810059006,0.0010396606129296532,0.00023817827400416172,-0.01183847055890934
2015-10-12,-0.019586635092992084,-0.004514856500415,-0.006955869352975895,-0.011657847216337221
2015-10-13,-0.0023782404169909134,0.0023403082317653544,0.0044167376648126845,-0.008936234179113647
2015-10-14,-0.005210741008442557,-0.000307174915766481,-0.0038147515259801604,-0.005463425496563191
2015-10-15,-0.004152132022918068,0.0037826006411548017,0.0018518550941976823,0.0004543507578047394
2015-10-16,0.01231025132812947,-0.0033339309711529317,-0.001538318679205626,0.021633496012671893
2015-10-19,0.014342215036899914,0.0019562924504156667,-0.012656775611630844,0.008177574452262942
2015-10-20,-0.005554083269960762,-8.101767362839696e-05,0.001955313113530637,0.0011439436678865765
2015-10-21,0.01058279268040795,-0.000542101062944161,0.0027877887414379412,0.006260177515553722
2015-10-22,-0.007632274183807302,-0.0026196869304242892,0.004542470110935859,0.004281527359000056
2015-10-23,0.0020152378800764727,0.001311495813423433,0.0012580856879320047,-0.005109811719732425
2015-10-26,0.0020783373998368203,0.0014722747695537157,-0.011943305890408306,0.0002659866214104957
2015-10-27,0.008190840703178947,0.003690255603931779,0.006996605365203043,0.0030241366123569887
2015-10-28,-0.0077966577782695515,0.0021361005257211846,0.003094134958498903,0.001480334970914559
2015-10-29,0.014178909262605118,-0.00106779065791147,-0.00848611554541425,0.011796741589497643
2015-10-30,-0.007717893781286143,-0.0018877251672350297,-0.0030149616356573957,-0.006103873678025797
2015-11-02,0.00014032145690176339,-0.0026169828670447727,0.0015487875215780616,0.005640175557137476
2015-11-03,0.02551440160234585,0.0030664486912789406,0.000741845628885161,0.0133253556156655
2015-11-04,-8.876821949927154e-05,-0.0014363485685557318,-0.0030589347906303317,0.007057667695933983
2015-11-05,0.011360610302710458,0.0030804597379426144,0.0031883128603561158,0.015464108044734094
2015-11-06,-0.0003666522373173152,0.0011701440817241332,-0.010710153215134896,0.004981555198039191
2015-11-09,-0.00013118972710266484,0.0007798057631879209,-0.0068688031452579495,0.004803914401464996
2015-11-10,0.0022742267330758776,-0.0004937366251205966,-0.01213952674662236,0.004262205869755842
2015-11-11,0.002241112612069859,0.001441345826004502,-0.004984380622646484,-0.006097594552765426
2015-11-12,-0.008919374019820302,8.905847432639577e-05,0.010270764342843885,-0.0033805655132088924
2015-11-13,0.005117321278452435,-0.0006184265829376209,0.011935906572919718,0.00485396142238332
2015-11-16,-0.00826045612655962,0.0015120095732964005,0.0027271180147834424,-0.013001778270779248
2015-11-17,0.007175089013063953,-0.00016794421844226108,-0.004559115312634456,0.007380692506411726
2015-11-18,0.008084851316380101,-0.0014766695574776536,-0.0026249768611076385,-0.00031560422608166005
2015-11-19,0.0008485071968721614,0.0013196535509213026,0.002515221945227873,8.163807813796201e-05
2015-11-20,0.0007799860560700014,-7.971311257130498e-06,-0.00882144931953431,-0.0012248012657430675
2015-11-23,0.0040940784584047865,0.0010978200235156092,-0.0038778485879539686,-0.001184435158152055
2015-11-24,0.003488269352642714,-0.000787719716708373,0.009196067071689152,-0.0011093160182204902
2015-11-25,0.008758854023568763,-0.002298242609361912,-0.0073672490353481265,0.0066332888330477595
2015-11-26,-0.01906088887898759,0.003590147925028551,-0.0018517511818788406,-0.016118948166708325
2015-11-27,0.0008603563162400008,0.0032132228215271483,0.0007022318828488153,0.0016335203337985143
2015-11-30,-0.01582490746367792,0.0018875699225239225,0.004556449750445652,-0.016787054589118576
2015-12-01,-0.011074928880955574,-0.0006556213707485464,-0.001561692156390107,0.004648963017976779
2015-12-02,0.01604656210492894,-0.0004806359463221451,-0.0012094277107370449,0.008275459107844
2015-12-03,0.006298275956207791,0.0028846548917929294,0.0026091374767748614,-0.0010480994835185744
2015-12-04,-0.006657082026518976,-0.0005876600751348265,0.012910009257516352,-0.010098776066976813
2015-12-07,-0.01383688059883145,-0.001145112072694595,0.0014409133890465253,-0.002240288984867842
2015-12-08,-0.030352999151321714,0.0038644693512729063,0.003924330039042852,-0.020791441576713122
2015-12-09,-0.005482230021868442,2.4644636772255384e-05,0.01006843301158612,-0.011266604546955408
2015-12-10,0.025992873483857093,0.003656850657027691,-0.006392555416322564,0.020710891059925234
2015-12-11,0.0048259727545543665,-0.0026767838213800042,-0.00836321196304901,0.0005863275835524813
2015-12-14,-0.008874334557980368,0.0011563697655690038,0.0024269164401205857,0.0007352116646043229
2015-12-15,-0.00028179634949204897,0.004262165198433231,0.005999191867702076,0.008883401473788691
2015-12-16,-0.008854297000705169,0.00017950148931772378,0.004443576587740611,-0.00784725639101372
2015-12-17,-0.0027468672950441086,-0.00040800898453559244,-1.0707405641666894e-05,0.012842307189116896
2015-12-18,-0.0008469333599632057,-0.0022155038351968394,-0.008654654827380278,-0.00938174687760019
2015-12-21,-0.0013968811610804458,0.0022846861088704944,-6.397959165182335e-05,-0.005110134558103456
2015-12-22,0.0028853318322587286,-0.001420256165281375,0.006501341293616411,0.0037863785390237635
2015-12-23,0.0075710924846593315,-6.961711877997709e-05,-0.007699973544654,0.01607830609693586
2015-12-24,0.005035775350213883,-0.0023490045595852232,-0.0022007231672654236,0.015338468734693654
2015-12-25,-0.0018931459568615689,0.0032337892001948654,-0.0012256058119386394,0.003735399826309712
2015-12-28,0.008435293819036878,0.002429770621451365,-0.005228278225180712,0.0012314934285109908
2015-12-29,0.01914902845232124,5.6830501573738146e-05,-0.0005415268521783536,0.006537214331408567
2015-12-30,-0.007761262179733457,-0.002188297871173856,0.004139533299065453,-0.010743302184646624
2015-12-31,-0.00522956291282381,0.003191814098485264,0.0039653505639752765,-0.009953043959246302
2016-01-01,0.014379338165147106,-0.0006118634540942943,-0.007494167435723064,0.017711668962473313
2016-01-04,0.00034777731850037,-0.002090409681635037,-0.009447587783963764,-0.002328069856553942
2016-01-05,0.013878195960147144,-0.0034042360249450883,-0.00015082826010548033,0.008515085782155653
2016-01-06,-0.004481373555376409,-0.0011719302637875498,-0.002268091037841463,0.00219834573661983
2016-01-07,0.01904171426115498,-0.0027892762450598793,0.009235562750155255,-0.0004743807136983677
2016-01-08,-0.0013374386040386323,-0.001125641673045649,0.011299552323402318,0.0014842355734891832
2016-01-11,0.002536982336933736,0.0016088174673954305,0.011765529854890603,-0.004614388785104546
2016-01-12,0.014327119820651924,-0.0006308003279504666,-0.00758303473546265,0.008431234013170485
2016-01-13,-0.0018486120369669765,0.0008313867642274217,0.004074604665002192,-0.005457678171653554
2016-01-14,-0.009558516801008127,-0.0013266693190644636,0.0066662299330075975,-0.009416953680514779
2016-01-15,-0.0028928389554864257,0.00025033813272846273,0.005325687082104691,-0.0011324636703404433
2016-01-18,0.003764477800179349,0.003961801644172042,-0.0025670384985313887,0.004516984303406841
2016-01-19,-0.018637689201938326,-0.0005769721560537931,0.00995876416523565,-0.010843205690141147
2016-01-20,0.005965894982630632,0.0008888588752393175,-0.000687735800379877,0.006580172744649002
2016-01-21,-0.007950637857650144,-0.0030110544549368772,0.0016659780283965896,-0.008265946546113078
2016-01-22,0.005327156659255368,0.0031602122448337413,-0.01060654780265317,0.011660734976858014
2016-01-25,-0.020937722782036088,-0.0008344132578897305,0.007270841229053568,-0.015981034053818604
2016-01-26,-0.005415441949878818,0.002221067299813002,-0.0003306064850438378,-0.007517345755983644
2016-01-27,-0.013398119234793187,-0.00012636059151781054,0.005235405176769188,-0.01505330222299273
2016-01-28,-0.00553455307621649,0.0013431587300416128,0.0026960919784190453,-0.0063136304008929904
2016-01-29,-0.0033687739528413434,0.0014620248544220014,0.0009212704934855522,0.013124130718061877
2016-02-01,-0.005496090412770202,-0.000784880679025434,0.0001376745095570641,-0.0011690103609489936
2016-02-02,0.0038401661899088784,0.002303812871523704,0.005231658126042544,-0.008122699901233129
2016-02-03,-0.004374290122651656,-0.001397969727986199,-0.0008084556449473147,0.004850049711015894
2016-02-04,0.003863017258989558,0.001675868440055086,-0.008835758641554824,-0.0012102246988448817
2016-02-05,-0.010937637242485506,-0.000660410588333062,0.004945257294866799,-0.004311223038126755
2016-02-08,0.006800664985894149,0.0008191158972641201,-0.00563828016468355,0.0011591894351045506
2016-02-09,0.004264231126648572,-0.0008039860047085219,-0.008670170116113242,0.012199435510287567
2016-02-10,0.005349964902763843,0.00021995194941319115,-0.006483261220691326,-0.0007788195326423482
2016-02-11,0.0056191233367114644,-0.002029387403383534,0.0011186741284273205,0.012233308560798174
2016-02-12,0.0015228926863452346,0.0006151139693775883,-0.000809277119660791,-0.004088130102078164
2016-02-15,0.015365143365537473,0.000208375669919172,-0.015373447136724025,0.011403523492912845
2016-02-16,0.0002194750530049442,-0.0009603071081449452,-0.0020143585273951293,0.008191281437809877
2016-02-17,-0.006201905362138961,9.944067219407664e-06,0.007599949694600265,-0.0005855789268198002
2016-02-18,-0.005299305096853885,0.00038800895233581976,-0.0015205117921178127,0.009221571894582316
2016-02-19,-0.0012109093080898293,-0.0011127141065302244,0.0005706952847145244,-0.007778097520068473
2016-02-22,-0.006949735934623641,-0.00013751715145933838,0.008107985537224367,-0.0059579151441227305
2016-02-23,-0.005644132158395778,-0.0018911038817898418,0.006142811922088955,0.00617147255893812
2016-02-24,-0.0006929453280920849,0.0048114660779220155,0.0063959250411405625,-0.009188825704861658
2016-02-25,-0.0026076017245311458,0.0022382373204163698,-0.016916620083794135,-0.007380440889553625
2016-02-26,-0.0033065806607310965,0.0006661882112631022,0.010502096451607247,-0.004110854094377831
2016-02-29,-0.0028414389285592754,0.00246422585495339,0.005021875237097686,0.0003973638890327636
2016-03-01,0.005932392835805329,-0.003838504953367556,0.013723609322717949,-0.0036479443466658646
2016-03-02,0.004756957756216387,-0.004995359475668012,-0.005522163292251983,0.008580594174868087
2016-03-03,-0.001733786193850217,-0.0006785821234998124,-0.010195178418873739,0.0024944558301746534
2016-03-04,-0.008862384078522072,-0.002637128287204218,0.0010947475356484196,0.008312969687824058
2016-03-07,0.0014555450838132865,-0.0003532110488966585,-0.002222611671663195,0.01006800545430197
2016-03-08,0.0017403400690306748,0.0005313132811897976,0.0038382195585826865,0.0037085350261491135
2016-03-09,-0.015507733698751537,0.0019608289966812228,0.00857454186772845,-0.0006284041233970365
2016-03-10,-0.0026348780431963287,-0.0021565279685504275,-0.000261991523698036,0.00314514803398745
2016-03-11,0.0002147492302284116,0.0009192613723201434,-0.001627996621176769,-0.0007695947116946123
2016-03-14,-0.006330172436886376,0.00014877938630446504,0.004520906878855231,-0.012195711817166017
2016-03-15,0.0012122134640509153,0.0008150186198661693,-0.0016242605744855344,-0.0018801802472825937
2016-03-16,-0.013429118271001662,-0.0009195439015071996,9.411774971729032e-05,-0.009065824904406777
2016-03-17,0.014016512592036188,0.00288627027972424,0.004588958397035285,0.0098080828621743
2016-03-18,0.011005431040836065,-8.701729685945245e-05,0.006043934661591202,-0.004609088682646131
2016-03-21,-0.0029074173140982013,0.0036683644470075377,0.0070146958644875645,-0.002568221215652644
2016-03-22,0.004882440107262171,-0.0014607773073644472,-0.001330041632435902,0.0028012529456828295
2016-03-23,-0.019484704161525982,0.0016056546799111072,-0.009415339272689267,-0.011557283715260169
2016-03-24,-0.010648349440913807,6.630388789428206e-07,0.0008418328230011099,0.0028158150353665068
2016-03-25,-0.0022021869545076032,-0.0005354848333335275,-0.003981278533856917,-0.0003968859842867988
2016-03-28,-0.011794567882041716,0.0013846306809350932,0.0008390294648627315,-0.01187181529247552
2016-03-29,0.004047519214182352,-0.0004783469583791791,-0.0048209806078570415,-0.006067778461035684
2016-03-30,0.020483111282632364,-0.005203930674314656,-0.0026507894493034033,0.01704503389238665
2016-03-31,-0.00905470628722985,-0.006005736246348615,-0.004477223904159829,-0.012287196889269082
2016-04-01,-0.0059712753215170064,0.002664844320568098,-0.0063837290247952625,0.00026500241723136867
2016-04-04,0.0031615983609659393,0.0025805169157593916,0.007188293598206947,0.010207845633327974
2016-04-05,0.014838655163941446,0.0038946818925118935,-0.00782295248068041,0.001225583139672564
2016-04-06,-0.008712133140390821,8.494350343564516e-05,0.0018221950734669905,-0.004037602816447613
2016-04-07,0.00524665138383083,-0.0024652696039957826,0.005560890314502641,0.0096646620325698
2016-04-08,0.01932537367288992,-0.0007191676853020029,0.0031970713087797393,0.017928418711804273
2016-04-11,-0.014968166081451365,0.0001428490307226256,0.007168964079534117,-0.022644359254992114
2016-04-12,-0.007168644671885973,-0.0018940764485702183,0.003716642516251085,-0.012852648271890968
2016-04-13,-0.00292707741295058,0.0034171494459477336,0.005085888769943229,-0.01000980465520582
2016-04-14,-0.0025881671380013037,0.004599005759287474,0.009111323152991731,0.00020112952989321566
2016-04-15,0.008359675262287439,0.0010765614014603554,0.0016231238255048203,0.007939347853760943
2016-04-18,0.0031159576008400647,9.82725066036082e-05,-0.011179454702643234,-0.014324895032772475
2016-04-19,-0.017981914507530113,-0.0024699339569488644,-0.0006050004563837074,-0.012647250703712455
2016-04-20,0.006942746141141775,0.0032128677923121025,0.0036524163864164313,0.008391404520321749
2016-04-21,0.003538033198522062,0.00027261362169809296,-0.0028128981043262966,-0.0024106390429958647
2016-04-22,0.010545639728100901,-0.0004583287968212245,0.00817013309388119,0.009246618983728975
2016-04-25,-0.005235303681657432,0.0010823481773490754,0.0006381642051912525,-0.005803763599864857
2016-04-26,-0.006868153340961908,-0.001051423057978371,0.0015409232603446356,-0.010024321929992155
2016-04-27,0.0036061247925549787,0.00041375034624363706,0.006187937518824295,0.003646794204725644
2016-04-28,0.011699686775388449,-0.0027649337016913203,-0.001957050135010621,0.005458997546133446
2016-04-29,0.0022139812222434375,0.002294174378504868,0.0006227280730552416,0.006854553114795815
2016-05-02,-0.016392617276562358,-8.882208227134642e-05,0.007840297282464164,-0.00610026355375152
2016-05-03,0.00027983148816035537,0.0024376017212680238,-0.009389970188905255,0.004244785486527429
2016-05-04,-0.011381607638696332,-0.00028227235568323885,-0.0001454731045648593,0.00039330946196027526
2016-05-05,-0.0028077146745656718,-0.00015239941756795678,0.004827297021630564,-0.00042730850580856533
2016-05-06,-0.010718195820955755,-0.002304634856583915,0.0024856423778442955,-0.017293674362292476
2016-05-09,0.012615990993399502,0.0016395139460362864,0.008371467973281746,0.006014151546030535
2016-05-10,-0.008159426519717919,-0.001631679908046183,-0.008196631628306557,-0.003983295770800918
2016-05-11,-0.016343985651315406,-0.0008528447463984572,-0.008238453829825094,-0.004759009202562106
2016-05-12,0.009324380221630795,0.00012209437216507363,0.0038244619154850674,-0.0027496412298584514
2016-05-13,0.00019402581830029126,0.0003624483673787131,0.005038623185333034,0.012607137018229802
2016-05-16,-0.0014277504208754527,-0.0032921938804355184,-0.00016063135911058898,0.0007349606332065967
2016-05-17,0.012414522497819743,-0.00034161173097603303,0.0006132749540959095,0.007754445402837946
2016-05-18,-0.005661318861376024,0.0017104604372874268,0.005236122634907592,-0.00804882913167725
2016-05-19,-4.490360149864755e-05,-0.0006366760690478052,-0.0047565245949712405,0.007005198808610382
2016-05-20,0.00489355131191597,-0.0003294635084266432,-0.004434123404661907,-0.004576463972007953
2016-05-23,-0.006059255299424492,0.00044481210168545313,0.002144906086265448,0.010004293563742155
2016-05-24,0.0029500525322182477,-0.00013192086509399812,0.004958499763272416,-0.00037107099097643094
2016-05-25,-0.005197565933419135,-0.0019410310047752088,-0.006105580889475531,0.007302281500495904
2016-05-26,-0.007320310453448537,4.730775266619093e-05,-0.00046197405661823373,-0.0033601641403984135
2016-05-27,0.01365487856511201,0.002108146340011792,-0.003134987353961142,0.018409128883682898
2016-05-30,-0.014525454254146627,-0.0019823518945341814,0.00408254580114837,-0.010624903171787423
2016-05-31,-0.022847387341461956,-0.0006289637789716361,0.003375063226701806,-0.014747497813575587
2016-06-01,0.016976588581599276,-0.0026432626478701546,-0.005280066446083214,0.015317399049598331
2016-06-02,0.024053096422261173,0.00200276390098069,0.004219801948524981,0.020373228921599047
2016-06-03,-0.001676461670084815,-6.471641367575773e-05,-0.002518431381368322,0.00439137462961651
2016-06-06,-0.017426679383738094,-0.0015803992672117264,0.0010321531767085283,-0.014786912344716555
2016-06-07,0.0009148827571930571,0.00030453120028635475,-0.008959832447653217,-0.0011071988129355795
2016-06-08,0.0003980910417433533,-0.0022872004297909056,-0.0037253542787904683,0.006027126871992212
2016-06-09,-0.00017089155645728937,-0.0019469910629208128,0.003522853643414347,-0.005088053208753929
2016-06-10,-0.0070378550453560045,-0.0028002670597035615,0.0035966855947236545,-0.003239098297397232
2016-06-13,0.007667320945499026,-0.0020135584751148,0.002984694398051327,0.002676273758935305
2016-06-14,0.0036021758375341037,0.0028346751679996125,0.0027678087590378058,0.004879641103797974
2016-06-15,-0.017281347313447756,-0.001346236662565192,0.01471373180452699,-0.008567454106374939
2016-06-16,0.007753856962781861,0.0010524502453029578,-0.005261068552469559,1.5240504968007211e-05
2016-06-17,0.020312432530007304,-0.0015526028399118433,-0.012317667186235684,0.011707756233524425
2016-06-20,0.005019058965349235,0.0016390674915264386,-0.0063654644252191745,0.0022929436068137125
2016-06-21,-0.005644890283752434,-0.001932164001862631,-0.003596522046197066,-0.0024014925133043607
2016-06-22,-0.003797322107499181,0.00019845585552351292,-0.005484257280251312,0.008881795447998051
2016-06-23,0.007117011701640362,0.00022570261973789763,-9.863154953843251e-05,0.0102758509728001
2016-06-24,-0.015589545416124222,0.004775610672853183,0.010022336100776873,-0.008823348123734493
2016-06-27,-0.0039777685049176646,0.0013808505759603303,0.009186026988800132,-0.00320321566756001
2016-06-28,-0.002188851053902718,-0.0010658080286585468,0.00372297734285442,-0.007064061433003423
2016-06-29,0.011273156371637543,0.001490097927301028,0.010523069525233433,0.02382416379330555
2016-06-30,-0.004203324259864749,0.004396348940970417,-0.0017331051487618214,-0.0068166008394044
2016-07-01,0.019266032618655997,-0.00313927218096859,-0.01187676252702591,0.011530849658956116
2016-07-04,-0.0042590292266167186,-0.0015649640851374534,0.007979118349334726,-0.0044478741099345685
2016-07-05,0.0018383633958092439,-0.0003537951182265875,-0.011654366225678146,0.0021717908419577533
2016-07-06,0.0020864277618829765,-0.0007141764542839021,-0.004791208492316985,-0.003661000925579416
2016-07-07,-0.007493557661546923,-0.0005455133966597494,0.0044638871791542346,-0.00984437749558705
2016-07-08,0.007140245814477168,-0.002488464531186486,-0.0006837736350525543,-0.0018214344916114458
2016-07-11,0.009634062688011199,0.002927912107100024,-0.002612617006951696,0.003721911457452407
2016-07-12,-0.00414477740767924,-0.0027252171969532387,-0.0064776213961331265,0.00626643462208
2016-07-13,-0.010381487167139282,-0.00028042561924499816,0.002389335239779158,-0.010374120650605279
2016-07-14,-0.0010824328964517873,0.0022116611835213957,0.0062156847481713035,-0.002913452413693582
2016-07-15,-0.005755202726233239,5.963028570829476e-05,0.0015080786771860056,-0.004703517233989595
2016-07-18,-0.0073124973433122235,-0.0018387883338055382,-0.004349195010650125,0.0021909875181870277
2016-07-19,-0.0010479881594430674,-0.0025773513127479155,-0.007205087274509071,-0.0022417211853617415
2016-07-20,-0.02012966045911887,-0.0003399983920555643,-0.0023849370061125243,-0.004993721189842266
2016-07-21,-0.017507226396753214,-0.0013940591317009327,0.004705141272569066,-0.017465528183859623
2016-07-22,0.007056205585186517,0.000530462183405956,0.0015808233461988017,0.010404842856509292
2016-07-25,-0.004654184438787261,-0.0026829022954483594,-0.003927372363744944,-0.0030068418245023107
2016-07-26,-0.023840016298044026,0.001746071473775244,-0.009632151670434581,-0.016105963463979942
2016-07-27,0.0050173474575304616,0.0003510990463289293,0.0016305371326120074,0.0011264314838421337
2016-07-28,0.0019893595777443103,0.000499672788704954,-0.00558394356347173,-0.0053111713248527705
2016-07-29,-0.005321533915026274,0.0030021535564800335,0.005268105886540955,-0.014157443006322195
2016-08-01,-0.008702723280138887,-0.0007555909967437319,-0.002588937067837873,-0.012532690343365637
2016-08-02,-0.0001531689854613735,-0.0013316333894664478,-0.0068857433820432076,0.009131629070394437
2016-08-03,0.0008488720802554369,-0.0009755272566937464,0.0006174081031009261,-0.0032267616116972656
2016-08-04,0.022120709270723675,-0.0002650531390465159,0.011099682298534714,0.006059705266563804
2016-08-05,0.0036851080406375782,-6.192978958265723e-05,0.004096925338420774,-0.0024672036930596143
2016-08-08,0.004899456998938309,-0.0015413954732035463,0.00046391655453139084,0.00047352988492480215
2016-08-09,-0.0004997305125974246,-0.0039261705060661175,0.002548461923932373,-0.0027846532956580772
2016-08-10,0.006636379215826896,-0.0010018580017580763,-0.011439342589634652,0.004712330513908396
2016-08-11,0.004245207223271851,0.0008396513325737797,-0.007407907246200346,0.010473674844174639
2016-08-12,0.010729020607880252,0.0003925166125069845,-0.01658540195184585,0.01572139418250966
2016-08-15,-0.0010456792182673342,0.0025191089396516537,0.011253029307620071,0.009088440644921038
2016-08-16,-0.005914691055212804,0.004030973087927578,0.00992211626340884,-0.012152510979738372
2016-08-17,-0.004300348707639687,0.0016386675429169366,0.003173700438020632,-0.007813653498763482
2016-08-18,0.007867242132606166,0.0028850412848164518,-8.689170508640676e-05,0.009512961785786155
2016-08-19,0.018366422752293964,0.00165354858452624,-0.011162345509386069,0.0070555716807192605
2016-08-22,-0.004830489213052645,0.003539798511854767,-0.0005263650957525905,0.002614023712254798
2016-08-23,-0.0007465435821049382,0.0038217072685825353,0.011497795802944029,-0.0010933939044075122
2016-08-24,0.00672263322462326,0.0020223303415578537,0.000534491736950057,0.011793911770600529
2016-08-25,-0.0022031162950880575,0.001532760292849171,-0.002886100772253961,0.005047999233514838
2016-08-26,0.008136325941028722,-0.0002904643438747349,-0.011663696391760531,0.012704037774135195
2016-08-29,-0.02105315663171607,3.732543807218035e-05,0.011491733708720545,-0.016317426583062167
2016-08-30,-0.008007814824979798,-0.0005556746627005243,0.0008655490071718697,-0.005453006871386066
2016-08-31,-0.004279027423922515,0.0013625032217901116,-0.009314141069329023,-0.006420743649361244
2016-09-01,-0.019990174179708765,-0.0013206960747186968,-0.0022431134757079575,-0.023313595739932153
2016-09-02,-0.007766876871809627,-0.0002622124195598199,-0.0061943162042508975,0.003099693333449733
2016-09-05,-0.01141207557375284,-0.0045903397703566,0.0006149996021201685,-0.0009531596767700613
2016-09-06,-0.004512412122795176,0.003566179789545019,0.0016855251012773327,-0.0029971220679542573
2016-09-07,0.016647033499273312,-0.00032094916517263686,-0.004351806339412504,0.015179240162219498
2016-09-08,-0.00253902303658239,0.001031160874673154,0.005163111458028738,-0.004986087982984357
2016-09-09,-0.011401639469175464,0.003035573389422805,0.0020344119652007074,-0.017182933248439922
2016-09-12,0.0039807066258461315,0.0007205868748823596,0.006620762942271043,0.006025404907716454
2016-09-13,0.0104879882390228,0.0030086874041868627,-0.0033895488574301347,-0.0007215675836154843
2016-09-14,-0.006849164594440578,-0.002363475624302734,0.01975949795382199,-0.0069831933352678
2016-09-15,-0.008409315181137638,0.004914753179195405,-0.00198765624754979,-0.004159883524002564
2016-09-16,0.004270921361737598,0.002294220396977531,-0.006004021045555434,0.006171650511860178
2016-09-19,-0.0023025841590690755,0.000538404984973282,-0.005688729544337965,0.004034728808118734
2016-09-20,0.0018791477054893885,0.002970158665250891,-0.001969748691783622,0.00790426210907476
2016-09-21,-0.00018660335441736327,-0.0022172697719787444,-0.010128793376271051,0.003553380371061791
2016-09-22,0.007403072063933955,-0.00045722975753898767,0.0009901311380459488,1.5970290625322986e-05
2016-09-23,-0.003564313324834505,0.003008500792804759,-0.009864467163433976,-0.004415530774850093
2016-09-26,0.00034923533792123953,-0.00361412036178993,0.0011563398229075478,-0.00876943312026672
2016-09-27,-0.008698741255899325,0.00124091554991761,-0.007653078945187857,0.00838547910022909
2016-09-28,-0.011024974615291038,0.001184352319690308,-0.0004763076967399804,-0.015735501764765365
2016-09-29,-0.005652789131493276,0.004058451633644326,0.005907937624416885,-0.011588550104110803
2016-09-30,0.008970840022427075,-0.003045910839444473,0.013068464905637327,-0.003253026511930333
2016-10-03,-0.005391238271387568,0.0033392621140632666,-0.005824217408692672,-0.006251997723167174
2016-10-04,-0.007227202991534295,-0.0009989414862978056,0.0006481736836655438,-0.006019795281785869
2016-10-05,-0.0028916507069792112,-0.0007740189198237096,-0.004042710483806756,-0.0034384758937130045
2016-10-06,0.006290747157503151,-0.0023240087739195866,-0.006572047392786332,0.014311996350174336
2016-10-07,-0.021371748698049524,-0.0020557040749338506,-0.0010408438885651712,-0.012667242330066336
2016-10-10,-0.01299516889141335,0.0009270446949078448,0.007134861085191124,-0.011866282121762512
2016-10-11,-0.013722444484357596,-0.002104663829562711,-0.0015124384888236667,-0.006275676163784463
2016-10-12,0.009903131928867053,0.001600568667305831,0.011693284719552687,0.016863629602673687
2016-10-13,0.0027742895358207325,-0.0012059320939395068,0.002284383108427354,0.007573523292098365
2016-10-14,0.005881335636184179,-0.0023060676116972954,-0.006925942241667107,-0.0016585267491867383
2016-10-17,-0.008877014458697801,-0.0009356182927197891,-0.0004910138520500529,-0.01092692407533288
2016-10-18,-0.01351982785936042,0.0007934143835126116,-0.0031297085086247267,-0.003864337102098086
2016-10-19,0.006372664696164295,-0.0004347065238620388,0.004365863400104623,0.005281425931515312
2016-10-20,-0.0028268083127615663,0.00018842023666559675,-0.00974134828615437,-0.005595160963499264
2016-10-21,0.010066852275590028,0.001512414923672168,-0.00861650568808143,0.008291814094683738
2016-10-24,-0.006636313771491019,0.002284842903233897,-0.0031259208747414385,-0.006187572083967625
2016-10-25,-0.0005743692730585952,-0.0005001906171788619,0.0038921867281162055,0.0099152661198022
2016-10-26,0.00287518417324147,-0.0019684440311523175,0.007354900884314737,0.004512845172399917
2016-10-27,0.012192606256257243,0.00027218895784503243,0.007403267169372412,-0.0015516121526392996
2016-10-28,0.008408203645848747,0.0010612991722081435,0.0022593479390601474,0.002249691967469693
2016-10-31,-0.012690274188978754,-0.002801450611943901,0.0018594899742807687,-0.013143957251839892
2016-11-01,-0.019972806293048522,-0.00166121659401517,0.00797156742359411,-0.012858531570833403
2016-11-02,0.006136513216517984,-0.0013183737919258817,-0.008049359991419798,0.005427134617129552
2016-11-03,0.00941911079463929,-0.0002956443774407531,-0.012501372208000973,0.0009497346072594977
2016-11-04,-0.012621336335563865,-0.0014020678072535716,0.0041676665424619395,-0.01445547990026948
2016-11-07,-0.020374648562241273,0.0015340814501937994,-0.0033532927040565022,-0.00808282305485029
2016-11-08,0.0022965601470240475,-0.0030902664029168352,-0.0003555374013526062,0.0026813405597303445
2016-11-09,0.00520801009089088,-0.0030394373943888496,-0.00036886951033632774,0.006837506169238526
2016-11-10,0.017337012722078913,-0.0005477776230229248,-0.000768035250216545,0.013289236645098944
2016-11-11,0.0009412098922497651,-0.0002313056082797134,0.005099747508813353,-0.00012084018091107008
2016-11-14,-0.0022563012089209904,-0.0027892877457162076,0.005664268670141076,-0.0008978610418390156
2016-11-15,-0.00930422330115265,-0.0010934976852951296,0.002545726742145706,0.009944310473920973
2016-11-16,0.004522908225987823,-0.0006820876348381786,-0.002497550926571817,0.007459545862007981
2016-11-17,-0.0015222256482301123,-0.0006665958940442913,0.0012205798823030215,-0.0032758183402361377
2016-11-18,-0.0052282624725769195,0.00042376296657858285,-0.0020369208273156273,-0.009195158288698982
2016-11-21,0.016371860708494,-0.0012031577688471238,-0.003774393660702462,-0.003915475784510698
2016-11-22,0.01643494563938168,0.003075672600016547,0.013469063198685103,0.01799872585096261
2016-11-23,0.00748117667765002,0.0010964092794671445,-0.00027052751749858544,0.012216738829048075
2016-11-24,-0.009328469308515401,-0.0014942270412826439,0.004114618139267613,-0.008724325321856458
2016-11-25,0.007108861250441622,0.00030902298673514595,-0.005217159981983499,-0.0028636243541899087
2016-11-28,0.0037790630234196985,0.00036803063721121,0.00542694484575704,-0.0025619582793015745
2016-11-29,0.000536402041299391,0.002549442948995562,0.004134197943305074,0.005794424607362071
2016-11-30,0.0072064354324360355,-0.0010807648578327021,0.0030870672174214105,0.00767684678040071
2016-12-01,-0.0011009040613706956,0.0016546773954411469,0.0006015964376580553,0.008492390305669735
2016-12-02,0.0036910887362286452,0.00020370895156495523,0.005376121355589771,0.005520748518926413
2016-12-05,0.007814638240365424,0.003103133032897532,0.006940287697255916,0.010153062577943829
2016-12-06,-0.0015283729240208959,0.0027017829052788157,0.0014085251152929279,0.004704436712766749
2016-12-07,-0.019956868706187566,0.0005139586091852008,0.0018902008711122109,-0.00592397783623527
2016-12-08,0.006325285410393761,-0.0004045652420321211,0.005424537486184312,-0.011671287677845112
2016-12-09,-0.006715215779186889,0.0011332118193589115,-0.004503892694912144,-0.01057008276373425
2016-12-12,-0.010355430591265676,-0.0002409000542543321,-0.0024099763908779328,-0.009909108052457892
2016-12-13,0.017263301013208898,0.00348061421195667,-0.00242025449336552,0.01741285741099664
2016-12-14,0.01774853645731517,0.00027694015635402395,-0.012612286120824573,0.022515849003986368
2016-12-15,0.007866042710836327,-0.0006912852650256745,0.0033006238309814698,0.007917675087541088
2016-12-16,0.001803741712004401,-0.0007992301721478514,-0.00595202143755037,-0.0017216358571370699
2016-12-19,0.007500944280018734,-0.0023060711703974147,-0.004482290042296628,-0.0028808730035450817
2016-12-20,0.0076474322021473995,0.0012331182561866457,-0.0011259493678910909,0.005597317622230484
2016-12-21,-0.0027594502999667863,-0.001520022405279005,0.000131944605611299,-0.0016835206067108517
2016-12-22,-0.012784762990767307,0.002316296504375494,-0.00041573330841457464,0.011201138382238438
2016-12-23,0.0006511191759650463,-0.0024658701080031466,-0.000770164544455527,-0.0015953783018643882
2016-12-26,-0.0037465080743488872,0.0003744828979465006,-0.0002692867977154475,0.013352081930237816
2016-12-27,-0.007466087322240543,0.002420447516994907,-0.0007536053880362308,-0.003376504034532324
2016-12-28,0.007006569696901116,-0.004184494129247272,-0.0044000506448801865,-0.006152128200372761
2016-12-29,-0.0019448134326491284,0.004156531087584372,0.006766478457340302,0.0012305664795636262
2016-12-30,0.012416781059268526,-0.0007305703943962189,-0.01488314178857048,0.016292918509164027
2017-01-02,0.001537143460442621,0.0004021907643242786,-0.002271478947549999,0.004622030814534981
2017-01-03,-0.0004293172037431103,0.0012628984510326877,-0.0026588481740787723,0.0054400025295900266
2017-01-04,0.0014899895187254152,0.0015722581122311072,0.002346886052127458,0.006803103007838782
2017-01-05,-0.0013559769761426511,0.0006677678765193644,-0.008615443489554718,0.004196568985621236
2017-01-06,-0.0009621001012312442,0.002114769167412735,-0.0025547781679876353,-0.0010371983124969843
2017-01-09,-0.008356325348048123,0.0011581414258436255,0.0010171183125356515,-0.013528931879382967
2017-01-10,-0.0001902171246486612,0.003641762280064607,0.00679436169699211,-0.0010723390817750549
2017-01-11,-0.007463258925778081,0.0011646550857091946,0.003170342447253436,-0.0033040310346157753
2017-01-12,-0.014357705339031104,0.004049271039766175,-0.005243003287666924,-0.018793293121442768
2017-01-13,0.006798495624347959,0.001922157680475312,-0.0034450097619631295,0.004576109327597531
2017-01-16,0.0037589232176637056,-0.0034915002515365254,0.004958100825054278,0.00222415976871852
2017-01-17,-0.013215295027808752,0.005342205356775683,-0.0046225940551915005,-0.018696013746328618
2017-01-18,0.0014660649109605492,-0.0010286882169544375,-0.0001362413496158032,-0.0024309515603698423
2017-01-19,0.004896026265957964,0.0031110880304034702,-0.00122891958612255,0.004741840650163724
2017-01-20,0.005430347027694078,0.00017358688623887681,-0.00357465040703462,0.018593676756007333
2017-01-23,0.007165909429745562,0.0022421805152051592,0.014959630958898417,0.008123482187241205
2017-01-24,-0.002618577362758866,-0.0012569578217315881,-0.0023589215860022644,0.006801424711366789
2017-01-25,-0.005139652623794058,0.001371489086179176,0.004009402148965139,-0.005690677393149543
2017-01-26,-0.008499360418258791,-0.0003863810907888109,-0.002964813304382324,-0.017730801713366284
2017-01-27,0.006598996124109149,0.003278006223179777,0.0028712713305834433,0.006545061992856992
2017-01-30,0.004802980761519222,0.0009973363348340187,0.004882697534718641,-0.0012196561610247217
2017-01-31,0.012411928750065694,0.0019918852826031324,-0.005095681221143426,0.006436585223184448
2017-02-01,0.013699006194111261,-0.0042081537429461404,-0.00164318341927301,0.0009520443024623008
2017-02-02,0.00041912411042459665,-5.114535957725053e-05,-0.005023169933028158,-5.643335261822503e-05
2017-02-03,-0.010793550019434666,0.0009411032701165915,-0.005016744935837177,-0.0011074268670887627
2017-02-06,0.0017693997286939763,0.0005672298128794144,0.00682156650096595,0.003926057089679101
2017-02-07,0.002500623402753092,0.0020423144274357014,-0.0034472677882960955,0.011225693574017292
2017-02-08,-0.0025317710232584016,-0.000611808490274909,-0.014038861589772725,0.009434632301771422
2017-02-09,-0.007514516749031851,0.0002175742100692612,0.011542293984866572,-0.015575978262438572
2017-02-10,0.004585039711865324,0.0024824535288299836,-0.004983966438585001,-0.005228549031264429
2017-02-13,-0.0006244680471680871,-0.004437378006890713,-0.0006278953115838602,-0.013684083240846164
2017-02-14,-0.005604356957828655,0.0012987010032766825,0.010863328245995145,0.00017476613486768454
2017-02-15,0.006926822380070472,-0.0005477696519871066,-0.001100913891435483,-0.0018563378466832474
2017-02-16,-0.00932797831707757,-0.0017046362491072427,-0.0002673296300367542,-0.005127635245877568
2017-02-17,0.0022305793763814246,0.0007930884485519602,-0.007528579192423975,0.0005782730589988863
2017-02-20,0.0025385514693557956,0.002574902593617311,-0.010007827628615766,0.004356609472512882
2017-02-21,-0.012235844127046213,0.002198287662968362,0.0007099115638968557,-0.015750328994915658
2017-02-22,0.00302041299915691,-0.00015022606181325725,0.0029965341616676753,-0.010244999856156619
2017-02-23,0.012941414561181879,0.0018714819275218973,6.215358037741118e-05,0.009405771960660354
2017-02-24,-0.011481907929421883,0.0018561357968916886,-0.0011487591406240075,0.0002113746867007972
2017-02-27,-0.01877200370043426,-5.474254098633372e-05,0.0031490303021918706,-0.013147307448020853
2017-02-28,-0.022565047594760093,-0.0012661611039764158,-0.008339769015090412,-0.016139582703720016
2017-03-01,-0.0018176142568447225,-0.0011504680622446597,0.002891703696294368,-0.012365859418592803
2017-03-02,0.003427975410630503,0.0017957066977362741,0.0010966967432761321,0.006250832361967677
2017-03-03,-0.0027453337636244124,3.5706372574618604e-05,0.012170740019921059,-0.004816538285521144
2017-03-06,0.008641082971955698,-0.001972364439461177,-0.0014242783904791932,0.0011047744277392314
2017-03-07,-0.01992693298838324,-0.00324972567101825,-0.0018776896281875086,-0.026790808287301193
2017-03-08,0.007784168072732899,0.001783662904192759,-0.0006688495350145264,-0.005800221457937603
2017-03-09,0.015803915232715585,-0.0009735568445284477,-0.003904740372529846,0.004409775348639393
2017-03-10,-0.011315378886141427,0.0007807755113119634,0.004300751245226201,-0.008198111235982703
2017-03-13,-0.003936671801458026,0.002599413814138247,0.0008440911612674752,-0.009305231252840282
2017-03-14,-0.008988477139782465,-0.0024978489537069706,-0.006373276118057225,-0.003288970853254487
2017-03-15,-0.010833433771783692,2.972523897431014e-05,-0.008437092566959454,-0.006773066529797044
2017-03-16,-0.005869607510132657,-0.00022138829243773938,0.0021879029225792,0.011616503103462012
2017-03-17,0.011193204332804919,0.0008794857512559212,0.006541582113441353,-0.0008935014111435928
2017-03-20,0.013632317107333447,0.0025983199968408694,-0.0018343847075978368,0.012884412637445667
2017-03-21,-0.007514568380990776,-0.002538903629324816,0.005503302077325442,-0.0007323871835071881
2017-03-22,0.018003749935841945,0.001259595897411534,0.0036750236362345667,0.006158534925067267
2017-03-23,0.0012239750355419348,0.002183047549987403,0.0017227228308387668,0.0011356461896879005
2017-03-24,0.021085597515594676,-0.0002527541279135655,-0.007084431813214909,0.016005819666657102
2017-03-27,-0.0026447029519455338,-0.00015489398578624714,0.0014678016873055995,0.000331167402529997
2017-03-28,0.00226782220328511,0.0009568987379698446,0.007235509260440589,0.009472441613009737
2017-03-29,0.004427407991609916,0.0008096341557795765,0.0028559527595316586,-0.010423636530922174
2017-03-30,0.02804817043093121,0.0012847052147342453,0.0003680195898257627,0.015313377703199144
2017-03-31,0.010094570939852129,0.0012425610528024335,-0.003754512976191421,0.014553435404907836
2017-04-03,-0.0038396932090110293,-0.0018439446112313025,-8.931544303841723e-05,0.001356391460888881
2017-04-04,0.009903214118075342,0.002100532995409887,-0.001850510990274611,0.009687756850335632
2017-04-05,-0.0038234119489024597,0.0024535663243804764,0.00035044590984308576,0.005459747455485404
2017-04-06,-0.005280341971774488,0.0004921657873805964,0.007838912642990786,-0.014244773424488238
2017-04-07,0.004274150542637823,-0.002868310613099334,-0.015139654205883354,0.010837852543657225
2017-04-10,-0.0019379830459126998,-0.00010949141200018114,0.00031126428399996965,0.006922060177474798
2017-04-11,0.0008411606589011911,0.0005088117538811367,-0.0006830557387600632,-0.0018571727356300402
2017-04-12,-0.00304604829050067,-0.0021692004755736343,-0.008077886898183038,0.0162035296050987
2017-04-13,0.004549020039511905,-0.000600276127154027,0.003746216078607453,0.003638567481986584
2017-04-14,0.0076145766838863725,-0.002698738775117084,-0.004750705113208349,-0.010139329101203506
2017-04-17,-0.019956889691336188,0.0013345844499728881,0.0006427094630333525,-0.009575259688441591
2017-04-18,0.007049478324719713,0.00045191062980410256,0.010362818343901391,0.0002202476323036667
2017-04-19,-0.011740508197061836,-0.0031715663296284892,0.0075555681140052405,0.0011432492986462144
2017-04-20,-0.013695458732852186,0.0008229297231639611,0.005564025467875902,-0.005458820353676501
2017-04-21,-0.0023966899322614694,6.9821052194175246e-06,0.0025335167870756464,-0.003615523269966845
2017-04-24,0.002761515975649413,0.0011528285655088098,-0.0009314544891465692,0.009883791830458438
2017-04-25,-0.008077920002677062,-0.0006630648675108556,0.01310249691439319,0.0016076189990704938
2017-04-26,0.01071426796013171,-0.0014829588014860483,0.003861112780789669,0.0006079807772156288
2017-04-27,-0.012616738818324758,-0.0014216892529156137,-0.0025153630091907914,-0.009027974031501799
2017-04-28,-0.005411304867737523,-0.0009563404330968094,-0.0076812396084629695,0.0008777551273173602
2017-05-01,-0.008823783001432495,0.00015765019316209408,0.004360608094095167,-0.005530286626713635
2017-05-02,0.0005403280978319952,0.0004159169308495841,-0.00010232196431255994,-0.0019598962262213676
2017-05-03,0.005395433768503689,-0.0002614397556162057,-0.008780095785950777,0.0023171951628645085
2017-05-04,-0.008051072777001277,-0.0007266390979930383,0.004102172476261276,-0.012404517086852668
2017-05-05,0.013435039096349324,-0.0005828065360109635,-0.002421944576435032,-0.00849361116348757
2017-05-08,0.005056383672423552,0.005135449571013866,0.003268936355912975,0.002171724094500834
2017-05-09,-0.017750099573958244,-0.0014214503029964173,0.005374568729456519,-0.02351266109163615
2017-05-10,-0.018381405264994488,-0.0009959440170923851,-0.0008354856847270433,-0.01795735829336962
2017-05-11,0.0014982165220922587,0.006707708216736297,0.003983699631999798,-0.010367105699146093
2017-05-12,-0.004302763401354242,0.000962026604921105,-0.0025191246167978174,-0.01094276078862185
2017-05-15,0.002768083897425759,-0.0026399613318073916,-0.0022876740857600726,0.002246584329195559
2017-05-16,0.0010329594567587894,0.0018053744079545267,-0.002985852123412473,-0.0011701384665008135
2017-05-17,0.0029994152881672245,-0.0017000777784022952,0.00665134078349888,0.00021062425610539727
2017-05-18,0.010789707491947145,0.0019381230156101943,-0.0027927613016213676,-0.0015852181596997701
2017-05-19,-0.004631454458150845,-0.0003019245587413629,0.009904650699624215,-0.010595055408811982
2017-05-22,-0.009834878279544636,-0.0007595916989788147,0.012453070871537233,-0.004784690080013881
2017-05-23,-0.009979035833600595,0.003338329937655166,-0.0027863276129787276,-0.006860463896529513
2017-05-24,0.007326408874486098,0.0012528027053184897,-0.017746009388859358,0.007096219369414764
2017-05-25,0.014307177655791417,0.002065978874898415,0.004756378298454935,0.013973720558228094
2017-05-26,-0.004644994465306761,0.0009898393590398928,-0.0012995231425375077,-0.003890757610458181
2017-05-29,-0.022299739251459828,-0.0007688890475861971,-0.0016498236891764155,-0.02653420473372877
2017-05-30,-0.014549793015676982,0.0013427088405164162,-0.0010619182723938022,-0.014935024428842661
2017-05-31,-0.006211891671349156,0.0025384307853689213,-0.00119428335242156,-0.005494267038851024
2017-06-01,-0.008889359540274276,0.00038947608703510675,0.00870609254228098,-0.007832614303244539
2017-06-02,-0.008102951468697217,0.0037232852086930123,0.0016807920826989674,-0.008560593619707296
2017-06-05,-0.0021149399591791074,0.0018209744064038174,0.007819507264624574,0.0010015747801206943
2017-06-06,-0.005499932306436051,0.0005439650995432238,0.003556178262281277,0.01295781673221827
2017-06-07,0.007712584452973157,0.0006229730620356357,-0.0031019928179365063,0.004021711174205214
2017-06-08,-0.003980023824862306,0.00039447425793524946,-0.0012595198565856956,-0.003935744140743272
2017-06-09,-0.008067649104254102,-0.0023824775711899834,0.00470378174978959,-0.012964818408081853
2017-06-12,0.005099063661714719,-6.01443916172102e-05,0.0044460717989936276,0.01081732222292799
2017-06-13,-0.017293688859461857,0.0005623729706823343,0.008223872908605476,-0.004086086780426011
2017-06-14,0.002322298739117184,-0.0007121702425330575,-0.0019253148704364612,0.007629462580311518
2017-06-15,0.002884751638770923,0.0007953540374093897,0.0010827883403963742,0.009144859925303953
2017-06-16,0.0006578749652668989,0.0001626149807102222,0.0038732898169214843,-0.0031529358146532983
2017-06-19,0.012320763479779636,0.0016673837821975371,-0.004277962900272676,0.008531632555966619
2017-06-20,-0.0049148798485138005,0.0014462247621314624,-0.005799660151668733,0.006679364285963177
2017-06-21,0.025339227095163702,0.00045430657516968247,-0.007449028930420246,0.017116247091969045
2017-06-22,-0.001881676830819808,-0.002614425782603997,-0.0009718801988299787,-0.014395549058201992
2017-06-23,-0.013372708843159388,0.0037014454773623413,0.005867215036031614,-0.004976277749490379
2017-06-26,0.00030798906086694684,-0.0001637819971422865,0.007629473539089596,-0.0027096950043501798
2017-06-27,-0.009209675480288414,-4.1772907390263505e-05,-0.006513352231977387,-0.0010513138140682936
2017-06-28,-0.00701930777239315,-0.0005650416973987754,-0.0023991996890316706,-0.0019469190247040098
2017-06-29,0.0036792355981099143,-0.0008568233121310731,-0.0025131699374004233,-0.0076019467940392
2017-06-30,0.0008698984070406035,0.003208116096001048,0.004188266374162194,0.0054531481814686505
2017-07-03,-0.008287400727546176,0.0028920886407721594,-0.0021587368169877527,-0.00231589014809218
2017-07-04,0.008638640594203113,0.0010087868071553417,-0.003741390955497472,0.008741427332581042
2017-07-05,0.010121765912122896,-9.500030886145087e-05,-0.009864590936229874,0.011085471987012995
2017-07-06,0.011428147984489616,0.0013582359700275064,0.0011314365244791116,0.01836449682527912
2017-07-07,0.004433679905902188,0.0002675939635387455,-0.0015131025471990525,0.006158638402577839
2017-07-10,0.012653902975013903,-0.0002604458366461978,-0.005594898971193272,0.009066991648986687
2017-07-11,-0.014058945482192945,0.0007962118430126603,0.0011519985308723988,-0.004621224771107216
2017-07-12,-0.002958794143334315,-0.0007623154938908897,0.007361146852236002,0.011793633085179292
2017-07-13,-0.006405737691016077,0.000624528528006865,-0.004688864353882433,0.00036829141017094905
2017-07-14,-0.0003517681541552343,0.000528441851243271,-0.005040912699143556,0.0023283596859511113
2017-07-17,-0.00322675580197519,0.001325872042515849,0.00845497113070932,-0.0006649467823259328
2017-07-18,-0.0001682296847105209,-0.0011182739149512176,0.000848962054745284,0.0008294681521062345
2017-07-19,0.0197370249313759,0.0015402727057530817,0.0016475884919960378,0.012308812236925473
2017-07-20,0.0008129032195500589,-0.0016926229859010103,0.0028096331852016307,0.0122617902715899
2017-07-21,0.005690337723355364,-0.0010251333032424773,-0.0006006269419704792,-0.0015474286476002482
2017-07-24,-0.0021856761952914576,-0.0009378501182914881,-0.0016062311194936217,0.005806138190933514
2017-07-25,0.0016162372727449074,-0.002024103544747357,0.005057135196161186,6.18520579246096e-05
2017-07-26,0.0034446769092792225,0.0021513245667713256,0.007135896888278234,-0.008504609934085092
2017-07-27,0.0022786928855500514,-0.0018181049523795945,0.006069892593032814,0.0020345351541118644
2017-07-28,0.008802544483833996,-0.0012778326748133435,-0.008515994974874793,0.004400782471423727
2017-07-31,0.01557084017228105,0.0026308154209732843,0.00577548421030148,0.014184046095406931
2017-08-01,0.004232419807978862,-0.0010211654037073008,-0.0023955986357632455,0.0028384078519791754
2017-08-02,0.0030336024765284047,-0.0002562853702761933,-0.00515606552141707,-0.0020780157998635204
2017-08-03,-0.010382068272910026,-0.0019040580018330714,0.0007077009067896748,0.0019156010730692228
2017-08-04,-0.0008728870044269395,0.0017859024152453694,0.005275404213753479,0.0063271805496359365
2017-08-07,0.0020167648371418895,0.0018134724883821303,0.00214339432657553,0.01578015682134502
2017-08-08,0.0073349357779781,0.0015978918082468936,-0.0025313761329887633,0.007217390406436763
2017-08-09,0.001632534096610053,0.0011950596563878875,0.004910322061994531,0.0014587429069246734
2017-08-10,0.007696666807642513,0.0002671782220389533,-0.00018746836086012617,0.010145644840989825
2017-08-11,0.008864643204676174,-0.0009287533338759689,-0.003930363850377901,-3.301985886435465e-05
2017-08-14,0.007355361428807268,-0.0015099386133320418,-0.005698625146401044,0.008682286755352741
2017-08-15,0.0003303646990001621,0.0026998110535233406,0.00224077420463762,0.0011088952929016087
2017-08-16,-0.010837872235097315,0.00164960854345318,0.00015508631112728672,-0.010667105291237041
2017-08-17,0.0017798213138747905,-0.0012666084544008486,-0.008536416617341398,0.0032205329477124826
2017-08-18,-0.02736228004505298,0.00019966353644626893,0.009209271365818266,-0.020768545918332295
2017-08-21,0.0021160400984626764,-0.0004802301859700266,-0.0032285459158663387,0.001296867155115988
2017-08-22,-0.029312683408481775,-0.0021364214114115007,0.014648075201972727,-0.02046229112495341
2017-08-23,-0.01272931809963787,0.0004753027532426048,-0.005921264310930952,-0.0028826206627343785
2017-08-24,0.004499487581270769,-0.0007109853284783916,-0.001524139189610397,-0.001906478357359671
2017-08-25,0.0033859248747815695,-0.001785073332591371,-0.0046745307119455395,0.0013290855340046676
2017-08-28,-0.00718329001693878,-0.002838265108283524,-0.004113256269075128,-0.011573797493040425
2017-08-29,-0.006268191956418004,-0.0030076070004113427,-0.0017894065440136925,-0.009127326390631263
2017-08-30,0.010080058780771815,-0.0006228522553892791,0.008943175319592812,0.005406994566370397
2017-08-31,-0.009305017216607741,-5.018994084983126e-05,0.0016836616981001343,-0.0038880915257990274
2017-09-01,0.019062339329939813,-0.0016306016203246321,-0.007608190654528602,0.017985627909403827
2017-09-04,0.0024466521729307107,0.0014214788553144554,-0.010799178660236363,0.002250579513698048
2017-09-05,0.01070194166056067,-1.1093083565924671e-05,-0.010709024116875828,-0.003430514080147517
2017-09-06,0.014936700625055895,0.0012737706211973004,-0.005231559302685531,0.018291270654044144
2017-09-07,-0.000916822499620137,-0.0002458215803754156,-0.003809014511693077,0.00683194467088077
2017-09-08,-0.012375991451069853,-0.0014542352704142118,0.0001788601365256689,-0.011381880982010269
2017-09-11,0.0008683176236681853,0.0003482351422772279,-0.013314970742827817,0.006993382405843335
2017-09-12,-0.005414344782863624,-0.0024053490240366453,-0.00033201507642257835,0.002077282837580085
2017-09-13,-0.010431639565599423,0.0011988770412732959,0.008178779881354759,-0.009196604226421339
2017-09-14,0.00035064617672132684,-0.0017542984130262673,0.010252420780495283,0.0008767382174286863
2017-09-15,-0.005170890486278338,0.0019564650530668978,-0.010194717560606296,-0.004490434965936982
2017-09-18,0.007860234798871234,-0.0005569114924838294,-0.0058862395276379695,0.009433925797169273
2017-09-19,0.002206328828307744,0.002245067032619834,-0.005002129195997306,0.0016819479461541139
2017-09-20,-0.0018323466289432303,-0.002125246377176631,0.0014261028265031197,-0.0034661695332629085
2017-09-21,-0.0030900089011849617,-0.0012355394014576407,-0.0070052892009182435,-0.012483906717890531
2017-09-22,0.007759335132780572,0.0008818698936971412,0.009962364767511762,0.004908763959750404
2017-09-25,0.004696289658376468,0.0024609941868535103,-0.0004015643394667639,0.00198399778772521
2017-09-26,-0.006470153156674703,0.0034532178166298447,0.000780733772908394,-0.0012905073827456249
2017-09-27,-0.01643013154167859,0.00020273232736174558,0.011132425706735383,-0.0033319517118596893
2017-09-28,0.013971525586965556,0.0037954912615735118,-0.0014176026852935045,0.005213493790099883
2017-09-29,0.0008952593841211709,-0.0004593290996508611,0.003128475216468519,0.003880206851574208
2017-10-02,-0.012462077471991951,0.002317535244725945,-0.0024220528147465155,-0.007357055212340879
2017-10-03,0.005870627488661216,-0.0017643619939186105,-0.008652159547993492,0.004117877153382082
2017-10-04,0.00604587379911687,0.0009604010137265085,-0.004117719027169511,0.0024305656574270733
2017-10-05,-0.01550478802423253,-0.004563386081712891,0.0153583206309655,0.000797828152721539
2017-10-06,0.003906702355490477,-0.002123182023306248,0.003658325373845867,-0.0024938655671532316
2017-10-09,0.004394356422237695,0.0010533535961615298,0.000824171847887996,0.003038126257544422
2017-10-10,0.0017432072944203892,-0.002504877704401047,-0.0061936620509146535,-0.004725376224730523
2017-10-11,0.009268662783489453,0.0009738992215783693,0.004784329802825191,0.008681869811643823
2017-10-12,-0.009514448810716131,0.001932916241624727,-0.006080396363460237,-0.011999789356117759
2017-10-13,0.0010602348886183822,-0.0008826403854365563,-0.009679242907339151,-0.0003946605138818982
2017-10-16,-0.004724306865737141,-0.001817905911348396,-0.0027747860620047724,-0.0046681242776068985
2017-10-17,-0.00608190123589482,-0.0008283732317094776,0.01254871218604696,-0.0023252465035909346
2017-10-18,0.01023291918417401,-0.001811624638368371,0.010382115321639039,-0.0016800571686105999
2017-10-19,0.010513516253636878,-8.242711603183535e-05,-0.004534442158913472,-0.003800042179365918
2017-10-20,0.017419468408511087,0.00032418124977616356,-0.0062975936828983895,0.014390755568338891
2017-10-23,0.014273811275456029,-0.0004920202461936175,-0.011447162869891652,-0.0040580566467350605
2017-10-24,-0.0010523439855509534,0.003468718480373643,0.0007863254983212543,0.004773501359594118
2017-10-25,0.006404672557831871,-0.0013188076393739505,0.0006659042918431535,0.011913303524276846
2017-10-26,0.006188475337588815,0.0029028663585106244,0.003872126648272745,0.004185641268630535
2017-10-27,0.0006490347407134144,-0.0019624784726242277,0.00547065484839671,0.008900378760909548
2017-10-30,-0.00155486100219167,0.0002655551398830979,-0.0011910631596683825,0.0010182758665834143
2017-10-31,0.010665310229746254,0.002486210817096139,0.002394100520524661,0.01512509168528717
2017-11-01,-0.0026331051551700007,0.002382714304506636,-0.003953801634944208,-0.0027707877826426376
2017-11-02,-0.005314266974217776,-0.0007205157954004702,0.004376792564268557,-0.018443798555740798
2017-11-03,-0.003744205793900531,0.0012301394401426902,-0.0023138538302289436,-0.0027506507794049203
2017-11-06,0.0027468442102686927,0.0009623581673284522,0.002070972085861075,0.014581414540187009
2017-11-07,-0.0016003698106703606,-0.0009598783571854798,0.0024369670085922514,0.0035686675702022294
2017-11-08,0.007410506508937242,0.0013518998742961487,0.00012353828539812958,-0.0006086165169565355
2017-11-09,0.006835685807723149,0.003844984344104745,0.00403263133198317,0.006534906241582185
2017-11-10,-0.006201024190179013,0.0010634013301252614,-0.00874635845325234,0.0038052478144603758
2017-11-13,0.00792221833471433,0.0012527127581413418,-0.0072404323302258785,0.0045906647973809524
2017-11-14,0.0031712413363419144,0.001464309956401415,-0.001961795555987038,0.01848504891384216
2017-11-15,-0.0005511785754707607,-0.002801953214710281,-0.006822582658709442,-0.010543830186659237
2017-11-16,0.014036114644703016,0.0010404493464125778,-0.004218298555429661,0.015441584516741828
2017-11-17,-0.005448577235011339,-0.0019135191496770546,-0.0014017763663934648,0.0017569315332222253
2017-11-20,-0.010435774335305341,-0.0010597738813955995,0.01026248143330016,-0.014286065210255003
2017-11-21,-0.014728501888155256,0.004443883562377006,0.002436011221690282,-0.00879041697447974
2017-11-22,-0.008706445976961604,-0.00038652321931762,0.007724988423299003,1.600737260276132e-05
2017-11-23,0.0066528453519610195,-0.0013603482085884544,0.0019096143326706384,0.001537419233167908
2017-11-24,-0.0026132524029953965,0.0024251651578027843,-0.0026743054449049723,0.0006431721754223425
2017-11-27,-0.008031390842709572,-0.0017753540056847537,0.0014270240027938735,-0.011597845518361877
2017-11-28,0.0045895637961105165,-0.0007748382883793544,0.0037099603501916907,0.008180114313512225
2017-11-29,0.007622432373611445,0.0026181043359723337,0.006871576221045335,0.004204995840009441
2017-11-30,0.004172639624760889,0.00020553513061591873,-0.0010505250029763866,0.0019476414492120822
2017-12-01,0.0013718877874206803,-0.0030031940902530588,-0.0102683322805114,0.005087270459525221
2017-12-04,0.003689483590483072,0.0012079792286452382,-0.010968595346334433,0.0017663421656686023
2017-12-05,-0.020450680889446425,-0.0006729317640930176,0.0010572613506982268,-0.016491521076498733
2017-12-06,-0.0019963506182181616,0.0031997029730604903,-0.013365417366330814,-0.003407274179100764
2017-12-07,-0.015407302181589307,-0.001092373895268267,0.013883910381481773,-0.01618054247619347
2017-12-08,0.0036818083795776713,0.0022224519474518525,0.003702918487221377,0.013650354905085312
2017-12-11,0.0015263397963082776,0.003671396064731428,-0.0036377475444806023,0.005782036648048163
2017-12-12,0.005614856192934673,-0.0015818864476231413,-0.007899354135018844,0.0011160397873447789
2017-12-13,0.006904911992509763,-0.0002664260415163856,0.004735408145683146,0.020039872687708113
2017-12-14,0.003624731497912596,0.0008972505482889011,-0.00678556924904673,-0.0009796568646279625
2017-12-15,-0.008339662990370783,-0.0015946915051083489,-0.0052638731271205,-0.0026355425828147616
2017-12-18,0.003889748949705827,0.0006605898934156611,-0.005080643142096898,0.008781018178626067
2017-12-19,-0.0036388073973602905,-0.0003298405750119846,0.0015672132978337746,-0.014805812378528866
2017-12-20,-0.0032253158490782065,-0.00037013514318673044,0.0038966647143329116,-0.0010909287857389118
2017-12-21,0.0060024398495703195,0.0002178767854162232,0.005994749372596942,0.0031126556910498313
2017-12-22,-0.005102305307608268,0.00026252943115712845,0.007192819110765932,-0.0019434790024685596
2017-12-25,0.00896205861575467,0.00044776153815208054,-0.0009130239075689263,0.007636073526820411
2017-12-26,0.00948116862947199,-0.0010776526909135685,0.005378639994803395,0.004144072430767395
2017-12-27,-0.006571966049865738,-0.0009903434486995067,-0.002567028730731553,-0.006417072236998103
2017-12-28,0.009186016938933192,-0.00011717517764966091,-0.012069953159865289,0.012866321243582295
2017-12-29,0.004248512847672397,3.0484717528409642e-05,-0.0047998509965145805,0.00654988355784471
2018-01-01,-0.0020953880011796407,-0.0007576986798932335,-0.004805163033610812,0.0012306831507593995
2018-01-02,-0.008193542387236312,0.0007678792841720366,-0.00259278576245773,-0.0035754142368133734
2018-01-03,-0.006303047412238428,-0.0035095234973503936,-0.004426320250374316,0.0059423360681552205
2018-01-04,-0.003629092072245173,-0.0013409325178179033,-0.0018708129866591924,-0.002011230372584405
2018-01-05,-0.0012163557875477281,-0.00043985565240570916,0.0031576007591173224,0.0006716540889451159
2018-01-08,-0.010757657591415089,-0.0015922303740612098,0.011751636591967317,-0.01713443308629516
2018-01-09,0.007751132892397297,0.0033783960296177823,-0.010772720381190964,-0.005507297077904542
2018-01-10,-0.010738154616493113,0.00015772369344990342,-0.005880037797418636,-0.010285215202412438
2018-01-11,-0.0058876439992585974,0.00047353935645180664,-0.00430318496337656,-0.001595893145689634
2018-01-12,0.008254293335960531,-0.0008464614159309215,0.004616426795944644,-0.0023029479038451785
2018-01-15,0.022119346108585954,8.84421592540781e-05,-0.0043606103536678355,0.01785118377614603
2018-01-16,-0.011042839021743082,-0.002310506928605468,-0.0023152792036692416,-0.011748136896828163
2018-01-17,0.014646705366546603,-0.00021963407219014695,0.0024831783814708483,0.0041267561480752574
2018-01-18,0.0004457953274049622,-0.0017540168571915115,0.005706054339168985,0.004959870220264341
2018-01-19,0.0017178262166794855,-0.000434807169512325,-0.0004976418458633314,0.011146750064768647
2018-01-22,0.007630156175691662,-0.004999833132604994,-0.004887085042797339,-0.005557413732133599
2018-01-23,0.007212158972610348,-0.0021360064168870515,0.0011912961988487924,0.004604074136876838
2018-01-24,0.0012826456640678704,0.0030478528090286667,-0.0010221343598266774,-0.01205824410640362
2018-01-25,0.015015319208271757,0.0017807954982150848,-0.0032390472076803322,0.0006532873588190307
2018-01-26,-0.006918192469107556,0.0027580786718304625,-0.0022881652669076427,-0.006068363176478788
2018-01-29,0.01422270172483405,0.0028954425393418475,0.004191382811490549,0.014282540398992419
2018-01-30,-0.008128702055952454,0.0014659748483289547,0.002539176970248344,-0.008391749035574892
2018-01-31,0.0005075937768403546,-0.00078573737075827,0.006465545283979518,-0.004936189480921404
2018-02-01,-0.014365832687005678,-0.0019545018925312455,0.00963510631846055,-0.006196840388061681
2018-02-02,-0.0018273630688148803,0.0024134892108993934,0.0023096025907306922,0.003429151105088479
2018-02-05,0.014161007220298148,0.000249135948774781,-0.004819782731161732,0.004733504692109142
2018-02-06,-0.002923503419972411,0.005108045632763814,0.006516388236076862,0.01176998547070805
2018-02-07,-0.007539474002227005,-0.0006101959520215084,0.003229783906920404,-0.0024925601405268684
2018-02-08,-0.008209724158770113,0.00406579170956096,0.017294939560987536,-0.006000576972819458
2018-02-09,0.004496608431181595,-0.0001935835813915105,0.0023401624132637347,-0.0035152209436421925
2018-02-12,-0.009966467561753562,0.0027920971945174008,0.006506400484708565,-0.007054774463338544
2018-02-13,-0.008787855536266462,0.0035133834744649098,0.003144928629846607,0.00199861404189609
2018-02-14,0.002267610335073056,-0.0019258998563614247,-0.0007307527134560415,0.011750734272214989
2018-02-15,0.014734237550024305,-0.0008499961565817372,-0.003163417114476283,0.004076189094187514
2018-02-16,0.028849281810570244,-0.0019459584513970617,-0.0018569715947084281,0.02464279948355314
2018-02-19,-0.0061098729221152025,-0.002339888976516447,0.004088944375728848,-5.7401118640566014e-05
2018-02-20,0.013220234556982683,0.0014541337010499,0.005158672186395206,0.015229610643626736
2018-02-21,0.0032956167439084404,-0.00027325674049804313,0.0016940375012803614,0.0013243649903735958
2018-02-22,0.000500400140119113,0.00022473264638027244,-0.002403150729443766,-0.0017351048141952508
2018-02-23,0.003694120739501569,0.0012324782699465603,-0.0023751264894242056,0.00867963292015872
2018-02-26,0.00039699261791339974,-0.0035947736674298296,-0.00785120891038703,0.006458228883521465
2018-02-27,0.0053330585197731315,0.0026935320079141093,0.009988248831857364,0.010429816454528295
2018-02-28,0.00015356364188863622,-0.0005781883266798351,-0.0025257919113090884,-0.0010412135931050796
2018-03-01,-0.01095075521788139,0.0011848026124757149,0.007862090801555888,-0.0091095786225413
2018-03-02,-0.008535299612629946,0.0013614256784570942,0.003913199168060011,-0.024143960255854337
2018-03-05,0.004919866662851791,0.002861593121527681,0.001110510392606785,-0.005212120463300276
2018-03-06,0.002578619535116721,-8.971477556606707e-05,-0.00016114213001830816,-0.003768720198640353
2018-03-07,-0.0035372537662988483,-0.004127274918085861,-0.003752073317224216,-0.010021713655311142
2018-03-08,0.010089629007152151,0.00023425522690712173,-0.005652694999028108,0.005278368840955345
2018-03-09,0.003776944495893214,0.0005214137163232023,0.009467633791393525,-0.002512052576105271
2018-03-12,-0.00024476026941444096,-0.0019485217182802345,0.0006102751499378386,-0.0015315331290354191
2018-03-13,-0.004448100945167063,0.0004149813088658773,0.0078072806415912105,-0.006565305059669025
2018-03-14,0.012428338759777523,-0.0006020368694525836,0.0068239461357454245,0.015294104120985058
2018-03-15,0.020263086479359742,-0.0025655078985650213,-0.004426982009620488,0.006639436174666415
2018-03-16,0.002645885848007077,0.0014629697900185679,0.0020433831108812137,0.006170179636821904
2018-03-19,0.011677727158178466,-0.001007450301795592,-0.0008743810873664354,0.007648316886604068
2018-03-20,0.014865028985370286,-0.0006927584294741382,-0.008449928813799978,0.013584078892610686
2018-03-21,0.012484837344302566,-0.0008051576945741692,-0.00246851393257163,0.012560916006047317
2018-03-22,0.0028439035682406516,0.002590957194928293,0.0028660056523333232,0.004008184138592262
2018-03-23,0.00980839983943654,3.81676764532154e-05,-0.003631944043616239,-0.006068180679071319
2018-03-26,0.008564919954064765,0.000278199641091643,-0.002480600946248946,0.0022234162922091906
2018-03-27,-0.007877285511552258,-0.0007612723087727941,0.0006112047283246379,-0.0066929612168392895
2018-03-28,0.007119551473363133,0.0010457336445098106,0.01189319972610018,0.006470611287132057
2018-03-29,-0.01132400171000587,0.0028186360969013435,-0.00900394476160579,-0.012626958889422151
2018-03-30,-0.007187602472843627,0.001415721634973013,0.004252569058582378,0.0021794301431638328
2018-04-02,0.013854441013030712,0.0014937339226697125,-0.0031098473050539073,0.008634176437080907
2018-04-03,0.00785538602308271,0.0013324604117686911,-0.004808226670651769,0.00011040293810068817
2018-04-04,0.011041009681114839,-0.0026404852866223267,-0.003505241934013507,0.006961242192570853
2018-04-05,-0.005390844387668407,-0.0016322376633982768,0.004541017880978382,0.01019970730657104
2018-04-06,-0.012426348332447781,-0.00028997478719825257,0.006072677499847001,-0.002932900342364644
2018-04-09,-0.00129753804598473,-0.001331728084986451,0.0016106929506534812,0.005115984991843263
2018-04-10,0.0010374141658595457,-0.002009074049511996,0.006588705647464986,-0.005266724645664868
2018-04-11,0.0015569298269263348,-0.003624351481741148,0.007676363203544446,-0.003295349240160745
2018-04-12,0.011905563709448647,-0.0025730584262682824,0.003537787005382139,0.00339365318087975
2018-04-13,-0.004933396602781646,-0.00039305111468520074,-0.0026194396331286622,-0.0008296412519899743
2018-04-16,0.0077652907512623616,-1.8852733637768986e-05,0.002661402758343312,0.0015138061858450676
2018-04-17,-0.009500776826053875,-0.001466107552261151,0.004499850606568135,-0.008825317508980142
2018-04-18,0.002952574548049789,0.00027785042536645197,-0.005331716927238457,0.0009925812966552969
2018-04-19,0.0016751356636680878,-0.0007476672818167526,-0.009250829907076158,-0.004404627253880907
2018-04-20,-0.012057850651685876,0.0023011471747476963,-0.010954405721563233,-0.00546285975260092
2018-04-23,-0.004294067608742434,-0.00020325152804967467,0.0009075025796089612,0.005533568521300911
2018-04-24,0.0014856366774385042,0.0015126617628034307,0.002206875546997058,-0.00989914331234442
2018-04-25,-0.007443661951220197,0.000526427524589385,-0.006555980041309406,0.0007168992869876752
2018-04-26,0.019494793771208618,-0.00268414207848811,0.004054883318246803,0.01978000599556415
2018-04-27,0.0038473956783064873,-6.131635147435089e-05,0.0012162109988941106,-0.0013793324059330444
2018-04-30,-0.0031034310050672845,-0.0023512481986573673,0.008595975438231523,-0.004369801668992603
2018-05-01,-0.019601620316212345,-9.624167643384247e-05,0.005494774012675237,-0.008588552117240359
2018-05-02,-0.006290604913262214,-0.0013702616344613784,-0.004750821506102615,-0.012458837578683768
2018-05-03,-0.005368028384237734,0.0008839260669696166,0.0035448364027569697,-0.0027135117537074077
2018-05-04,-0.005169347524011241,-0.0025647086749324027,0.005386565282071076,-0.011479936462227211
2018-05-07,0.00882192195500816,0.0001494036505588744,-0.00471104676638206,-0.003435847981865559
2018-05-08,-0.004517246858565506,0.001264831165126388,-0.007989891987074355,-0.0028710135737649483
2018-05-09,0.00759798885088935,0.0019351911386179907,-0.0006976233507400031,-0.00038317160889691105
2018-05-10,-1.671669596227756e-05,-0.0014083355157684457,-0.005648369067865106,-0.0006012838854576924
2018-05-11,0.0022089576854908387,0.00015550194441435022,0.0071150683991976615,0.00600471311574017
2018-05-14,-0.0029515068257640015,0.0004882939458231471,-0.0018831848781476791,0.009646114819488984
2018-05-15,-0.0053795812151440775,0.003214252559085536,0.010782481699270822,-0.0003349079111255568
2018-05-16,0.010621034560588286,-0.002842660121500274,-0.014625325259230323,0.016023703511067706
2018-05-17,-0.02129269827664934,-0.0017022050901420978,0.004380248105985032,-0.013139771677892874
2018-05-18,-0.0140815624597653,0.00572892498547216,0.011718442595600138,-0.01582841987321403
2018-05-21,-0.0053073624815618324,-0.00042619456791194953,-0.004168545273398027,-0.015890634359238882
2018-05-22,-0.0026299387145156377,-0.003661987619806549,-0.0005348182543779312,0.008930479618699399
2018-05-23,0.006909491723426963,-0.001045100286696332,-0.0029098552596156803,-0.0028669552596734594
2018-05-24,0.0019392888754870368,-0.005417746442928724,-0.004301273570250788,0.01035707481607971
2018-05-25,-0.00619306886801775,0.0006018414249123063,0.0024264678290744574,-0.00011990347557408508
2018-05-28,0.004696015922090071,0.0017395695205564374,-0.008708238591871002,-0.000356101444061052
2018-05-29,0.011897105161113647,-0.0017033247523375063,-0.0016165764822375407,0.007442221210775923
2018-05-30,-0.007561103271042901,-0.0008214478445030137,0.003287487353890827,0.013037030704722842
2018-05-31,0.009457495753219379,0.001967308310737825,-0.002150149991177094,0.014358658191849727
2018-06-01,-0.0005374274425034517,-0.003380430929692141,-0.005929296305548028,-0.0022786131771842808
2018-06-04,-0.00788436943540079,-0.0025231424243990913,0.007379114477765903,-0.008729227617840259
2018-06-05,0.009757297019353479,-0.00033623036343127945,0.0038794890370510943,0.0040774943095964605
2018-06-06,-0.0027468751733920544,-0.0013846696749336368,-0.005956450743303663,-0.0012162197015733497
2018-06-07,-0.003628148841294848,-0.0004677337949471756,-0.007326454183253806,0.0062868653484096475
2018-06-08,0.01126539943294758,-0.0024075006388130436,-0.007260033818418872,0.012797142323325145
2018-06-11,-0.02241630699942406,0.0005486269718430154,0.007020316366452408,-0.026513944018973074
2018-06-12,-0.015684724878314734,-0.00017846617035997744,0.004007311023490693,-0.007099358739461817
2018-06-13,-0.017005210628976985,0.0012183809884660658,0.006783041350279684,-0.009473089451362738
2018-06-14,-0.007466440370764546,0.000520799000960585,-0.0010264994340858018,-0.0029858932635150755
2018-06-15,-4.747195850071271e-05,0.000533380144992047,-0.004764684395816502,-0.0010303733839620356
2018-06-18,-0.014941600462550891,-0.0027726147090602277,0.007987968554980608,-0.0032237775493105863
2018-06-19,-0.00911316043968597,0.0011051831032897444,-0.0015507277370873684,-0.0012597378222820796
2018-06-20,-0.010131838728231243,-0.0005417328036088843,0.0027214246011306913,-0.010841759018822264
2018-06-21,0.018538323740163218,-0.00021319661529923563,-0.012177071558994697,0.0142100999739401
2018-06-22,0.019648385879350548,0.0022165287527816193,-0.005411214175395443,0.007739845913663751
2018-06-25,-0.005870320330315085,-0.0013188711130337903,0.007052239639523356,-0.013605097144852876
2018-06-26,-0.00620235925134257,0.0028223686569180013,-0.0033668099581049674,-0.0038667977745393744
2018-06-27,-0.008654408875628626,0.003008950598746186,0.006878448324913194,0.0029085413830683277
2018-06-28,-0.020940254795629557,0.001625568874728744,-0.010970142119275052,-0.023213481965817663
2018-06-29,-0.004436103708998706,-0.0018412416215348437,-0.002758561706207609,-0.0018007159363341045
2018-07-02,-0.010549927797145536,-0.004252586491253863,0.000758972302110639,-0.007543296366895411
2018-07-03,-0.0023628444726935486,0.002277669828519882,0.011009790037798148,0.00027185448111525785
2018-07-04,-0.015223018597681652,0.0003427701226621594,-0.004414099383878017,-0.01677764659333749
2018-07-05,-0.002182762856605857,-0.0013703949416429247,0.005494625291401385,-0.014271102632154347
2018-07-06,0.000746388596782589,0.0024671246875112053,0.006580944108833941,-0.008255235240359923
2018-07-09,-0.005438275508196965,-0.0016031177617556187,-0.004383320840473963,0.009372723016027679
2018-07-10,0.003136144458972813,-0.0007283105164618854,-0.002364730836937858,-0.004186042506096451
2018-07-11,-0.013370760873944537,0.0011697807286339883,0.003072432771483421,-0.01223645375010837
2018-07-12,0.006222521644274429,-0.002107205663229755,-0.009602735538838184,0.017092315691531884
2018-07-13,-0.008064063341228141,-9.896181921413478e-05,-0.0012103334807556422,-0.010366867629250393
2018-07-16,0.00400968636844136,0.002298274367826723,0.007242314060958632,0.005121402449731588
2018-07-17,-0.0018535843687299053,0.00054222148724226,0.0035902910786210843,0.005395846397058424
2018-07-18,-0.01214835486238917,0.0026148526736473614,0.0013576153868557722,-0.003496920122315612
2018-07-19,-0.006072021732814195,0.0023872047160119958,0.0015453010722035038,-0.010901503681123567
2018-07-20,-0.0011547853283436185,0.00013547666884323878,0.0034321911413925433,-0.002898323111207257
2018-07-23,0.012988032782138564,-0.004553482752714776,0.004246957623819973,0.004755865754501884
2018-07-24,-0.005016463408343467,-0.0020915445904306136,-0.0027081512227246475,0.009765880990399918
2018-07-25,0.012486438752789705,0.001646668224768979,0.007580424157366596,0.004161143058939458
2018-07-26,0.002980616186252928,-0.0029805028405705744,0.0069779496663961126,0.0024656399525488587
2018-07-27,-0.0035604818024435095,-0.0005333851771739,0.004850028839258943,-1.9474404912415456e-05
2018-07-30,0.0023514196571644943,0.0007969612273780647,-0.0056304236414602225,0.007523716780553009
2018-07-31,0.014476722538143647,0.00305914139152302,-0.008291964645627611,0.015344422982501996
2018-08-01,0.019179555404360612,-0.001030039392908828,-0.004166276990636645,0.006352917795924266
2018-08-02,-0.011235970222268254,-0.0011669754181662586,0.002462390424976836,-0.011848688070788165
2018-08-03,-0.008233569426689898,1.510846700899901e-05,-0.00892013149329216,-0.005464151401478236
2018-08-06,0.006450654565429069,0.0008218259396202048,0.0014035184391808383,0.016008856232192947
2018-08-07,-0.005613843948051695,-0.0001884936547921881,0.009593453001721642,-0.009018075112987677
2018-08-08,-0.017078514132450734,0.002218536697771621,0.0056842753689290305,-0.00938582054024049
2018-08-09,-0.0013900647334098275,-0.0014782876660569438,-0.002959954740381697,-0.010138593646240451
2018-08-10,0.005246671983215731,0.00036032186675808705,-0.004893726442193635,0.012906789261043345
2018-08-13,-0.0007895721341458269,0.0010104254204940382,0.002377349618969452,-0.0006395215687996479
2018-08-14,-0.010020026926375474,-0.0006804656198117133,0.0003984385955184708,0.0014479778687852213
2018-08-15,-0.007213142621062013,0.0017994198731199336,0.004008433868863535,-0.004988155260458803
2018-08-16,-0.009423797811648957,0.00041791708248469905,0.005011983272590965,-0.004896121114339591
2018-08-17,-0.009428467943414608,0.001697691426304548,0.008178681172057545,-0.015462764005663703
2018-08-20,0.018185079118227872,0.000508208216097664,-0.009432944957899814,0.0005497159086837854
2018-08-21,-0.0050382318790472315,0.0008728091429744561,0.0013680737409953727,0.008465751019484751
2018-08-22,0.009746183942596413,-0.0011447835136987107,-0.002937974747214338,0.0051349313283243735
2018-08-23,-0.006245018682718397,-0.0011415434103824466,0.0005084443183483784,-0.00276261931122951
2018-08-24,-0.00472801129318115,0.0025687929598575535,0.00587749463021363,-0.009585849579474571
2018-08-27,-0.009702967530822497,0.0013910208890406648,0.007242053113157439,-0.010833775149394978
2018-08-28,-0.024389996285172515,-0.0019259303324448034,0.012410468154442848,-0.011251950503181063
2018-08-29,-0.01668335250651421,0.00048172684930966294,0.004853854025954225,0.0008394041809070673
2018-08-30,-0.024661094795245683,-0.004627552107070851,0.0022242344734387663,-0.016054541766511797
2018-08-31,-0.02062666459193964,-0.0010278803273988332,0.001959937283532368,-0.01106473807091679
2018-09-03,-0.010800921774812457,0.0020420553532398116,-0.008354795399065574,-0.007310611941988415
2018-09-04,0.00972570564040178,-0.00013029117742231907,0.0066897201022264215,0.0067040471396379205
2018-09-05,-0.005443634134909217,0.00035582533933206244,-0.0014314016563131415,0.009911806264532483
2018-09-06,0.010281880483558423,-0.005912762493040422,0.0017331212808838782,0.004491341826486884
2018-09-07,-0.0022947539128328883,-0.0006645072362723035,0.003959152675638415,0.009113466056580428
2018-09-10,0.0023613376413734537,0.000796544447654425,-0.0080883474690163,0.006298660504257795
2018-09-11,-0.011960166767253658,0.0010505797507966794,-0.0038838674110966316,-0.006696987004607736
2018-09-12,0.005647375800408704,0.0020447114226687284,0.009014785654172859,0.010612994049612296
2018-09-13,0.0038705952553583604,-0.0003005155035468565,0.0011988488781008982,0.005411706665206546
2018-09-14,-0.008133424865432618,-0.00021131162524829834,-0.0022650401412756104,-0.00513144312054595
2018-09-17,0.009299940881779234,-0.002544234858819725,-0.0010734615670970871,0.010881757372774047
2018-09-18,0.004553077318739638,-0.0002890430783463961,0.006193067954921009,0.010142556401652797
2018-09-19,-0.0055289900587462675,-0.002403150124795597,0.006787782916931436,0.0028295984138037317
2018-09-20,-0.012814018126065278,-0.0035757402396108338,-0.0068407531898720154,-0.03132026717302525
2018-09-21,-0.01404626998999478,-0.002050358740221157,0.011844276310094022,-0.0057389487365286495
2018-09-24,-0.0073806694427582965,0.003137369815607943,0.006120105704398104,0.000897688072525028
2018-09-25,0.004249310414874508,-0.0004211224030265531,-0.0009163148189150923,0.0009309826488597681
2018-09-26,-0.007387803356852093,0.0005597547260467316,-0.005640424787402138,-0.00225423492804879
2018-09-27,-0.0018982299077053523,-0.0009069925023961121,0.00672816162957532,0.0008108288853815889
2018-09-28,0.0031231532197376006,-0.003461102038903795,0.002528340002980763,0.006741227831635546
2018-10-01,0.006172149218770872,0.0019922262498594146,-0.009141347733264747,0.0013668306558614384
2018-10-02,0.007702790861862837,-0.004224396279711177,-0.003047506614315622,0.01784592853783063
2018-10-03,0.008123183495120973,-0.0009895853535833168,0.017473113533287572,0.011798644393484627
2018-10-04,-0.014020531483486486,1.0770238299877776e-05,0.0018907539787078632,-0.003972976483277185
2018-10-05,0.01886680373330244,0.0005809792868597104,-0.0062846649488902725,0.012648824522330723
2018-10-08,-0.0037518219454415304,-0.0013329392090577397,-0.004894161470689629,0.0026785358662603795
2018-10-09,0.0011957773886837565,-0.003555922966109949,0.009662015603763043,0.01179282544007583
2018-10-10,-0.005529405245460127,-0.0014821865846708765,0.0054347749922971575,-0.001168316577155867
2018-10-11,-0.005706381426185167,-0.0013775159752393248,0.009441036344420273,0.002425321200660881
2018-10-12,-0.01928659237419167,-0.0014261869903101606,0.0043695024652491065,-0.011264176776329808
2018-10-15,-0.007117227216177798,0.002060117180415207,0.008195727500788789,0.009500704334638978
2018-10-16,-0.009800162404799013,-0.002307205556278285,-0.002544754969624892,-0.004157747516143543
2018-10-17,0.008043312864532689,0.0007219585488763177,0.00010969191710260705,0.0014203292744393047
2018-10-18,0.013475582882842507,0.0004365940744358315,0.00011465100269843253,0.022620057876678857
2018-10-19,-0.010848243751366853,0.0020409101549433402,0.009810511426801859,-0.018552778248508123
2018-10-22,0.0032845591242074475,-0.00014626374347386244,0.0019453977384417162,0.0048065441218856616
2018-10-23,-0.009269821981017813,0.0017022619343951173,-0.002333791895706522,-0.00966745056532196
2018-10-24,-0.008106392092353604,-0.00022444027618819608,0.00167289741920691,0.0064136279621763445
2018-10-25,0.00720345821426412,0.0009887850531696007,-0.010664047064979696,0.005476153026123559
2018-10-26,-0.006833837051771612,-0.0028858821744944816,-0.013433785746132996,-0.005925563840136226
2018-10-29,0.01884791595693205,-0.005156556152582217,0.003079523364042857,0.008440814390847871
2018-10-30,-0.005392924664154662,0.0008750937071317068,-0.0011574494715891207,-0.008241653367821952
2018-10-31,0.011236859618611676,0.0009823662520784594,-0.002477607842722167,0.0035411570231688085
2018-11-01,-0.0021495385532364175,0.0010710046663037652,0.0050241719687066835,-0.0010181811937030024
2018-11-02,0.004592506715613518,-0.0009298650295093584,0.0074777619971128795,0.0008464662491823403
2018-11-05,-0.007310119580768957,0.003099444504420745,0.003980590566360926,-0.0008567103716829196
2018-11-06,0.0005048634800302723,-0.0007997556314740439,0.011805341412001508,0.0023751243038654226
2018-11-07,-0.0006415400079356744,0.000961758039344739,0.003342058291397227,-0.006365481287239093
2018-11-08,-0.008717749491305625,0.0013092724500081573,0.003111957886521781,-0.014876772401792446
2018-11-09,0.003116526232579935,0.003557480319498221,0.000718522863342229,0.006376852380762471
2018-11-12,0.002252452241012749,-0.0005140592395796672,-0.00842080953033249,0.007628092041860895
2018-11-13,0.005396540552738131,-0.0011863858124583056,0.005104692795718218,0.008460695149672471
2018-11-14,0.012635930546493,-0.0028762907688306464,-0.016577699752880537,0.013329929909245926
2018-11-15,0.011187282234051944,0.003224734013324946,-0.00530413262532368,0.01890717290221065
2018-11-16,0.0014667662497526105,0.0009628218140970801,0.0008137574347020076,0.003960255775538027
2018-11-19,0.0033104938313294023,0.0010261222117886042,-0.005072194570366319,0.018769198784628776
2018-11-20,-0.0016022774015431382,0.006353408482647841,-0.0016986746079383414,0.015015198838670925
2018-11-21,-0.0011895587030170906,0.0007700894823725987,0.011174723720608723,-0.010061477034346582
2018-11-22,-0.004463416190673812,-0.0024846428102000646,0.007603805071000539,-0.016621253316863923
2018-11-23,0.014614204733455455,-0.00027180714998595226,-0.006132061002174104,0.010502095160476831
2018-11-26,-0.0016195835754677025,-0.0018295648176973062,-0.0031383915687972583,0.005656692926442596
2018-11-27,0.0025227527658519392,-0.0006717367891655448,-0.007197684368370094,-0.001488893561092193
2018-11-28,0.010537106325610146,-0.0006851792055092145,0.002788577644030713,0.012081279679041735
2018-11-29,-0.01709628402925982,-0.001054048782134099,0.0016018761007609507,-0.014956329534101344
2018-11-30,-0.020183009521172288,-0.0026665650107107943,-0.008909760322299147,-0.016512550928136065
2018-12-03,0.006868014752238671,0.003305003267344592,-0.00029968063368634556,0.002096438368778308
2018-12-04,-0.0018563410467137516,0.0007176960888767876,0.002722240896652507,-0.00048005899124580517
2018-12-05,0.006162012150637026,-0.0003309440694004766,0.00561074333369829,0.006978885756003689
2018-12-06,-0.01080333688751491,0.0016352756590314861,0.001520505972019391,-0.010936739630901837
2018-12-07,0.0010920571823893686,0.001062134549698782,-0.0020346614670702953,-0.0015401845958575387
2018-12-10,0.022306137134927014,0.000671381465484095,0.009382850378895358,0.016383410349794573
2018-12-11,0.011086820468859834,0.0014899961455336536,-0.0009031525501271036,0.004339679219442796
2018-12-12,0.004023386514694165,0.00038786948751731324,0.004258267153644813,0.008109414538272054
2018-12-13,-0.008016667232056827,0.001460442913983183,-0.002474515081615886,-0.007943077027071475
2018-12-14,-0.005438193025374595,0.0016262246017555505,0.004842131259838678,-0.008963991505570102
2018-12-17,-0.021974445410834216,0.00044543747006560615,-0.005689356804004564,-0.011246172497850055
2018-12-18,0.004701364869167843,-0.0003207889869922313,-0.0029502198425553684,0.00438886542539209
2018-12-19,0.008321303801586839,0.0031807956029078176,-0.008221047633006826,0.0004767866189352016
2018-12-20,-0.01815211124542732,-0.0008358030795468672,-0.001332753839536475,-0.0015248293532103187
2018-12-21,-0.0063189846697950264,0.0009026272008546916,0.008565733046000628,0.007722694437088416
2018-12-24,-0.014699518697257134,0.0009478168214781331,-0.001941378082307067,-0.010719152460114852
2018-12-25,-0.00864763021748815,-0.001099115704527271,0.005782760865836336,0.0031820915090919367
2018-12-26,-0.004284782870564453,-0.0014956447706229866,0.009201390896132677,-0.013615858783026362
2018-12-27,-0.016973136914742427,-0.0005877040417397021,0.0028184790276145266,-0.006335059976119237
2018-12-28,0.006862321823315795,-0.0008644337063512156,0.005303337538555643,-0.0009366728651210039
2018-12-31,0.012708541109443784,-0.002796261123277731,0.002338811404421581,0.010945723032415033
2019-01-01,0.0004836965761598152,-0.001182990165038551,0.0012076100773510286,-0.007009602220372543
2019-01-02,-0.023395119357328385,0.0006524459692691245,0.008020850024380707,-0.015699388820663383
2019-01-03,-0.006313557354198047,0.0026518871682971973,0.012554793685054348,-0.010798130923066092
2019-01-04,0.0071031257640887325,0.0012287826703472667,-0.0053180310860899555,0.006823997998154502
2019-01-07,-0.02768936633760041,-0.0050790689967404766,-0.001834913122072877,-0.006181819795007336
2019-01-08,-0.0019282831135163424,0.0014026074295146553,-0.00546833066747081,-0.002497024276379607
2019-01-09,-0.01689475599444911,-0.0009963035717914354,0.007729568869350127,0.005567804839211287
2019-01-10,0.007329650359461879,0.0010261601493755262,0.005860035831630588,0.0030939175334274514
2019-01-11,-0.008936815445646415,9.172948157874386e-05,-0.0021408177646099376,0.005037370324337006
2019-01-14,0.004139507352080294,-0.00026537525217365553,-0.013191419224629157,-0.0068692453084424655
2019-01-15,0.0020559346983800466,-8.447145592428255e-05,-0.00464191200541679,0.002183346308496139
2019-01-16,0.017998776969935744,7.515138346043991e-05,0.000978220183206451,0.008691562878346977
2019-01-17,-0.0015684952220761628,0.0028088099441804875,4.363279006475162e-05,0.00828769935962802
2019-01-18,0.007785497077247494,8.067962582982516e-05,0.0007444265815416766,0.003820572244838896
2019-01-21,-0.013145295709842056,0.002291072266362401,-0.0009652416128315489,-0.021544348536387814
2019-01-22,0.008607793654759298,0.0019998117316913145,0.0046474764378120325,-2.117247959078708e-05
2019-01-23,-0.00738523720012413,0.0014540910951673061,0.0032558377554241604,-0.010527179239126001
2019-01-24,-0.008879496667839906,-0.003453237640259355,0.004445798955701269,0.002411550530920216
2019-01-25,0.0012181816104734232,0.002353265312323213,0.0011544286212065236,0.005029883794387627
2019-01-28,-0.012096408369112827,-0.0007958025882711761,0.005426102847873859,-0.01130856797340777
2019-01-29,0.009666518370438896,0.0015514545621495449,0.0026125905900317025,-0.0015098075794531278
2019-01-30,0.007041688484511883,-0.001825065666480827,-0.006704527237263456,0.010733366964527884
2019-01-31,0.002033020690450076,-0.002250148086606512,0.0020129179105294248,-0.004591655466558826
2019-02-01,-0.015827353650923172,0.004072777473662399,0.007064060743320397,-0.006924040786623849
2019-02-04,-0.00027794254557326396,-0.0017939661336762284,0.0072679913445141036,0.0017951094269445422
2019-02-05,0.008023331730254256,0.0024122132781034945,0.0016649038706799649,0.003367244530370202
2019-02-06,-0.016862023426978703,0.0003568406428730421,-0.0030862182783352415,-0.009105261435310926
2019-02-07,-0.0062139163737403285,-0.0007202401167203431,-0.0032469698587901047,-0.0058184597686034905
2019-02-08,0.006237953925469346,3.0342231339586947e-05,-0.0036242223530276374,0.008846741674252817
2019-02-11,0.005589381051447715,-0.0024821889930626223,0.0009421546126528123,-0.005963012615437658
2019-02-12,0.005523237800064031,9.24912407815389e-05,-0.0011195782437166766,0.006622432850570759
2019-02-13,0.01689936350891296,-0.0020454806277919193,-0.009082710384076953,0.018214425265040492
2019-02-14,0.0034721650842843865,-0.0006708875886279712,-0.0072408664568736816,0.005217591027975745
2019-02-15,0.013400995370092723,0.001970599127939152,-0.013309279463524892,0.008091989571678029
2019-02-18,0.022145683792738693,0.0006283813531153147,-0.022206356004952802,0.016758180917016877
2019-02-19,-0.000830441491909172,-0.0028443409977610434,-0.0003320547843073886,0.004341026681608169
2019-02-20,-0.009231602083292854,0.0018229762538277397,0.015168523981742102,-0.004295178642917391
2019-02-21,0.00940702983008811,0.00010580047618171488,0.010373152005114931,-0.0038525303857707277
2019-02-22,0.006811398250897664,-0.0009643705368186773,-0.006292026362412836,0.0080269404144496
2019-02-25,-0.006575488164039306,0.0016133526078178622,0.0017804855634710442,-0.012783184454307745
2019-02-26,-0.007553788195699941,-0.00021441367395400474,-0.007223741083901951,-0.004467422757465239
2019-02-27,0.021761686962640366,-0.002211322679811426,-0.010820947154970331,0.012586682758885612
2019-02-28,0.0015917169475679897,0.003815619422899209,-0.007456074270806109,-0.0002896406347837272
2019-03-01,-0.0041160757809341605,8.542511421802453e-05,-0.0001944068417581964,-0.003241465403275845
2019-03-04,0.009611288893829617,-4.27704089644343e-05,-0.002161263569349315,0.001854631759453505
2019-03-05,-0.00013521022239415363,-0.00069021034346118,0.0018335577794489548,0.0027256216299305865
2019-03-06,-0.0022016921505874673,0.0024799314789151787,0.00449068829075477,-0.0009123733160703244
2019-03-07,0.006553619325029392,-0.0009297570162840803,-0.002610353917455516,0.00017855538458811868
2019-03-08,-0.01073877742960783,-0.0029699597176232094,0.0021312528860885495,0.00023021913041826672
2019-03-11,0.0035509248343296037,-0.001237355323791957,-0.006868921765429439,0.0037902470464751753
2019-03-12,0.015493545521623077,0.0027735492009095847,-0.010479471135980951,0.016176420889256922
2019-03-13,0.009476897682063274,0.0017842643229142349,-0.009453173920256228,0.011776451648809586
2019-03-14,-0.006337168764096821,-0.0003900313053197223,0.004573373146877041,0.006370934960930408
2019-03-15,-0.0030810388672149426,0.0028665102832809482,-0.0011728549599513334,0.0006239494564392041
2019-03-18,-0.004453781987010283,0.0016158844576437653,-0.01050276261293052,-0.004061091038133015
2019-03-19,0.0031929777059178702,-0.00041317872726921343,0.0001343158992628461,-0.009838187596924288
2019-03-20,-0.005910706406495969,-0.00021181971020215948,-0.006812889171492835,-0.0008000369534986367
2019-03-21,0.006241013184390104,0.0007786354638908684,0.008895252468387167,0.012680267973674084
2019-03-22,-0.01830833611866632,-0.0015437738993276315,-0.0009630980401888313,-0.00845332843385688
2019-03-25,0.008928395606561036,0.00012901013101870187,0.0030953358468583467,-0.014896903981010942
2019-03-26,-0.0073363307049889755,0.0007370267292265806,0.007216354973252381,0.0031683478205606678
2019-03-27,0.002156944586985051,-0.00325393247721708,-0.006068450226031001,0.008303765978535296
2019-03-28,-0.016399988660370627,-0.00025864064513579573,0.002147716384099413,-0.008567356996623322
2019-03-29,0.012878943664029197,-0.0004861123707313766,0.00169715546808214,0.01464054577267258
2019-04-01,0.009910070065278068,0.002176136039920645,-0.0008183301617713879,0.011955292735443056
2019-04-02,0.004372144499955104,-0.0035689939876220682,0.0010411573460963094,0.002272379558533287
2019-04-03,-0.010175964773219677,-0.0006430120394074218,-0.005762857414033645,-0.0015751483901931887
2019-04-04,0.0037390889444396565,-0.0008435092947291738,0.0023749038723479754,-0.002041398790920552
2019-04-05,0.006234526858806025,0.0020401419278432012,-0.0032935395333444613,0.002547119025871353
2019-04-08,-0.01635056369615652,3.290686127021468e-05,0.00443382352333381,-0.010715222733567686
2019-04-09,0.0047860376797489385,0.003712189291304739,0.005722734541399387,-0.004765702430888823
2019-04-10,0.005729462018077801,0.001444426763812773,0.0036907294849147375,0.004459330486803343
2019-04-11,0.0021805338517862723,-0.0007004459883790381,0.0015116167332755888,0.011705487622524198
2019-04-12,-0.0009558953540912175,0.0005993173931179177,0.003783466931726145,0.008943197842946119
2019-04-15,0.004637658367299347,-0.0005881376187389163,0.0039073039105887485,0.006516743214589986
2019-04-16,0.01267536813814736,0.0018387921809808402,0.0071536315887618775,-0.0005517832700872704
2019-04-17,0.010726277668132021,-0.0025443954265820246,-0.0016894499751560442,4.8299827174568336e-05
2019-04-18,-0.021786777998728395,-0.0015273919531426667,0.005024266148261036,-0.01672543149027867
2019-04-19,-0.004903013613649008,0.0010313798371098426,0.0061909429028875395,-0.0018652731419786432
2019-04-22,-0.0010079779313691979,0.0025715128974472417,-0.0025500467713967436,-0.003685780438516784
2019-04-23,-0.01270500377358582,-0.004283937192278397,-0.005476271762886503,0.000733718176549077
2019-04-24,0.0034749999892476104,0.0028689424319808315,0.0030022339188830027,0.0015685141858904138
2019-04-25,0.010959981949132542,-0.00016027025685601233,-0.0027519651004498514,0.011461650413331102
2019-04-26,-0.010445828378873286,-0.0036477499238743265,-0.00560829785995891,-0.0005780142297300422
2019-04-29,-0.0019888379393539443,-0.005883455683778677,0.0027191103090476966,0.0027890766117809533
2019-04-30,-0.011211146273663528,-0.0029387721316165593,0.009993159784525682,0.010116685100506659
2019-05-01,-0.00489213053339289,8.059028830919649e-05,-0.008701374045766952,-0.009535279563796184
2019-05-02,0.013082896140703607,-1.1796075617769228e-05,0.00430946856516934,0.006011150355906488
2019-05-03,-0.004458239145307746,0.0013864008694186199,-0.014319952037323126,-0.008735068576399538
2019-05-06,0.007477673229997803,-0.000978974355121927,-0.0028557066412534266,0.012627888399330756
2019-05-07,-0.020202932371735708,-0.002096081092892342,0.013739239930137813,-0.006636158885872337
2019-05-08,0.01625231714585597,-0.0007061727753217861,-0.004314072998960288,0.008807689160476187
2019-05-09,0.006190004906992143,0.00018722057382315461,-0.00010395042758782182,-0.0010465478379977416
2019-05-10,-0.003554978396575903,0.0005815455899105547,0.004993571992219183,0.007499593994918974
2019-05-13,0.009674349931781304,-0.0014583293985448117,-0.010905828872863772,0.006136069305032493
2019-05-14,-0.009762614455690849,0.0019228934006707192,0.0025058250341180757,-7.93545906731738e-05
2019-05-15,0.011713176657040181,-0.001122793543448067,-0.0010411380695982378,0.0074290475683524
2019-05-16,0.0026668323585178886,-0.0016194347246498075,0.01178130528641262,0.001368107848974088
2019-05-17,-0.006133311474266339,-0.0009647830189365797,-0.0069689511406715535,0.0008557279866588789
2019-05-20,-0.004248079378006405,0.0022696803514052144,-0.0014555008184973252,-0.006502098380526965
2019-05-21,-0.00392685171790808,-0.00014559290588131869,-0.004616255351235155,-0.004182968790151239
2019-05-22,0.0037083703642739104,-0.0012690270061395438,-0.006974276147846629,-0.002389395212531094
2019-05-23,0.0034053052763911907,0.0019722155008970875,0.006588942114746769,0.004916854098020064
2019-05-24,0.002745985791263724,0.004405497079897493,-0.0005499509788891976,0.00901350576892031
2019-05-27,0.0021925197494526167,0.0005393652686178955,-0.003151530347753603,0.006225560656872818
2019-05-28,0.007992302604081349,0.002587684921730867,-0.0036298951518094072,0.007572428168812274
2019-05-29,-0.0027526384919403595,0.002192155901149579,-0.0026439166573735745,-0.00306800790574589
2019-05-30,0.014709193127491096,-0.0010912795033166658,-0.005682957050349054,0.023699134471342063
2019-05-31,-0.01681175431137259,0.00017326836095246502,-0.005299966003554415,-0.00418411069713487
2019-06-03,0.013242565921706341,-0.002445089259407975,-0.00308464264220123,0.016615182948389432
2019-06-04,0.012574762987025832,-0.00028988453272327014,-0.0038319152083861776,0.017665537166364216
2019-06-05,-0.015551437106767808,-0.001132380738251448,-0.003226365850366504,-0.005782198409424585
2019-06-06,0.02399195364660848,-0.00068577191435127,-0.001909241836420715,0.016711700487862052
2019-06-07,0.00956938206526936,-0.0013797900627606733,0.00026542499873277075,0.01125897988354037
2019-06-10,0.00648302706940607,-0.0004541936163911345,-0.004480920944961176,-0.0004366749822222078
2019-06-11,0.003437066475932883,0.0011844653725298288,-0.0007326348570824632,-0.006245299256009776
2019-06-12,-0.003787655462688785,-0.00011898382087999135,0.013414997675000354,-0.008824394672748124
2019-06-13,-0.003750035796169117,-0.0036087463955107716,0.013175301468116296,-0.00162787614146887
2019-06-14,0.004789833319917763,-0.0013722411297969722,-0.006681757445809763,0.0008004404015433705
2019-06-17,0.01815379185303195,-0.002918798705116505,-0.007208286870827112,0.000553449762942115
2019-06-18,0.006702589494671435,0.0006081204519635355,-0.006431193856064896,0.002378428938719009
2019-06-19,-0.006923858111523292,0.001126634728108375,0.007742772531068776,-0.005975808326064482
2019-06-20,0.009007000538015775,0.00063309644370833,-0.003334152331673887,0.012627331513487328
2019-06-21,0.010864853513807605,-0.0014548087865987748,0.00036449195394482937,0.018221124177081938
2019-06-24,0.002320984729922027,0.0006137078582624324,0.011268013636280792,0.007203057071706448
2019-06-25,0.00884193517018079,-0.0008202285115377502,-0.0008992122896715011,0.000856859982909978
2019-06-26,-0.004440573575850857,-0.002156450899500505,0.004773245306256965,0.0025134990440882216
2019-06-27,-0.007205468303785473,0.0016038598394178608,0.004546659871428641,-0.005456814212999811
2019-06-28,-0.00829614375858903,0.001756055507447544,-0.002187242978810644,-0.006570370135725903
2019-07-01,-0.013015544254778078,0.002017790962167012,0.00873284577586926,-0.015133025192363377
2019-07-02,0.002686847898932928,-0.0010966972000649123,-0.0052480854801881475,-0.0009525439825925587
2019-07-03,-0.009770129861503241,0.0024787246253861576,0.008321934576020956,-0.0012524734019705047
2019-07-04,-0.003223214205651836,-0.0008671645026561353,-0.002760722390139611,0.002392655814455527
2019-07-05,-0.02447411056220784,0.0014270026430770262,0.0012922790896492766,-0.015214245110926741
2019-07-08,-0.009688072182232159,-0.0009018253235333506,-0.004677048357673623,0.003435356798497712
2019-07-09,0.009979808024002761,-0.00032796432749154173,-0.006888691344294157,0.01144732454691878
2019-07-10,-0.0008551489247769608,-0.004722355714778379,-0.0014933408338859856,-0.0013013742530235614
2019-07-11,0.004379444486276556,-0.0004838264288338313,-0.014904890112300407,0.0007743453764026556
2019-07-12,-0.011003148969197987,0.00030217993357005483,0.0006474312834130168,-0.014646096099924379
2019-07-15,0.016281825023384787,-0.0007000992347276775,-0.004820097824634063,0.0059844838877442935
2019-07-16,-8.469941402290855e-06,0.0036323761361702787,0.005104503932744806,-0.004766406234916025
2019-07-17,0.00011631030810920623,-0.002204932170650553,0.002316329894888181,-0.013198186409744565
2019-07-18,0.013817005885596294,-0.0010071624742078516,-0.007215627305636055,0.008940621993409583
2019-07-19,0.012416598199250388,-0.0016897452199717065,-0.0046284986923511365,0.019506831201909082
2019-07-22,-0.00027625401394016985,-0.0010075539579909422,-0.0008238446423878583,0.0006202378636454963
2019-07-23,-0.006198270658086651,0.00218282612588141,0.00988658657643008,-0.005656430296753841
2019-07-24,-0.00032636998683059724,0.0030760635886539272,-0.0043243423171872835,0.0006799453602670757
2019-07-25,0.005235268764049639,-0.0012815852218378834,-0.004836926625147248,-0.008168068188974073
2019-07-26,0.003117181002528714,-0.0013260150854464065,-0.00645945232846423,0.0013696742529940562
2019-07-29,-0.004242847426393228,-0.00219425729718783,-0.008188657280862422,0.005514915465363028
2019-07-30,0.014807475736084444,0.002732570773038607,3.1327053295762165e-05,0.008856546196930683
2019-07-31,0.0006897661676055457,0.002362008813832605,0.0015416033403393395,-0.011011459475691782
2019-08-01,0.02540110745522945,-9.196359997757358e-05,0.004762125841411731,0.012343768077474927
2019-08-02,-0.004103228845233276,-0.0026721983926137603,0.006295951585296143,0.00858725012153741
2019-08-05,0.01489264072436307,-0.002493325130912504,0.012142520454987467,0.013139283825001794
2019-08-06,0.005961423120561153,0.00046125890076918643,-0.0007556178259059212,-0.005918748205684449
2019-08-07,0.013504334598580974,0.0012186758368929978,-0.0026931741566639964,0.020612426686574748
2019-08-08,-0.005601284925733279,-0.004012289610042297,-0.006653133151251229,-0.011747900722032462
2019-08-09,-0.008361945496551167,-0.0005226198210757654,0.00550204395535096,-0.006496230591979982
2019-08-12,0.006608708701158221,0.0033565917791147674,0.00026060240940779984,-0.0029881684873188006
2019-08-13,0.011703087207882885,-0.00031501841326057097,0.002743050952735925,0.0003518733380498771
2019-08-14,-0.0005166765179977559,0.0030992761815812476,-0.006719091593131024,-0.002119290731808022
2019-08-15,-0.010386618079220634,0.0014180922579113675,0.004016256136523189,-0.003947377051950826
2019-08-16,-0.008500743509368034,-0.0020485592016707154,0.0032375465022142424,-0.0004864390363051481
2019-08-19,-0.006972850639852813,-0.00046534258670371197,0.0029308443823135456,-0.010967968365968077
2019-08-20,-0.013480784138748553,-0.00013738847708940586,-0.0015433055966749794,-0.016856880636627644
2019-08-21,0.0013177849250205669,-0.001785023136187013,0.007158142656066822,0.0039015936644755003
2019-08-22,0.010163169767258503,-0.0018197360456218823,0.010953036179562234,0.010475558180335683
2019-08-23,0.00175144758925759,0.0031335371842371213,-0.006473952845437202,0.0016977385556944074
2019-08-26,-0.02049075134347902,-0.0018347212393859033,0.007544223799963848,-0.012246174093788071
2019-08-27,-0.0009479226459437734,0.0022768721528173604,-0.016839574286590695,-0.0015371895781697465
2019-08-28,-0.004438819763286088,-0.0007529689567300329,0.0044014383423487706,-9.672855145013677e-05
2019-08-29,0.022955160341502426,6.872134023365513e-05,-0.013880526012054872,0.012454885354678839
2019-08-30,-0.016334795397722042,0.0012436888364771453,-0.0010126679049541473,-0.0024185064891704697
2019-09-02,-0.004612433704751799,-0.0010771173458093573,-0.007180733207016589,0.011249488107860332
2019-09-03,0.01584545390745652,0.0012558086269890668,-0.0034265700884315376,0.012164790797673908
2019-09-04,0.010222765711784848,-0.003972859399096764,0.0045952914293891315,0.0031354300626550867
2019-09-05,0.004001768707090839,0.0009994147768292738,-0.011734352231609312,0.005424040557293883
2019-09-06,-0.000766787508666285,-0.004817060249143272,-0.002141567127076069,-0.002885648852649318
2019-09-09,0.0015170410959139992,-0.00033369345339691504,-0.0033556363900836476,0.007008514520169689
2019-09-10,0.01217517727534076,0.001828485970636983,0.008606519237355224,0.007885998495241547
2019-09-11,-0.015522417850552962,0.001364590612116752,0.0038533725776069457,-0.00728258505728057
2019-09-12,0.005094313173728038,-0.0024768209579238824,-0.008078681761166606,0.011284169961376527
2019-09-13,-0.003963161024491195,-0.002219328792187034,-0.0008042122013869203,-0.008195980396306571
2019-09-16,0.004927957975958754,-0.0012573440806452696,0.009063328666990613,-0.0034116216020075633
2019-09-17,-0.0015092861784407156,0.0004924317247162695,0.004214891600207604,0.0035756947412416214
2019-09-18,-0.005472391740253286,-0.003943866380087407,-0.004507405105373184,-0.0021206914352143217
2019-09-19,0.0001981962202727644,9.355284830288363e-05,-0.0014017981086089106,0.005959591642112174
2019-09-20,-0.0028644856362731595,0.0007428587476001289,-0.00040022568435039106,0.0014072787386561086
2019-09-23,-0.003926805933288007,-0.0004460743617419674,-0.0016110947716714782,-0.007067076343001559
2019-09-24,-0.0018168776306851527,0.0011706419361061037,-0.009613893036751718,-0.004720294490647143
2019-09-25,-0.011355262627383834,0.0005674483166524081,-0.0024053456345880676,-0.00660466590249467
2019-09-26,0.005466430503133846,-0.0009633085187977906,0.008069419258666362,0.0045534773017994
2019-09-27,-0.012245527537959855,-0.0037523787205189806,-0.0005642515052613607,-0.004003012346569594
2019-09-30,0.003507780718952373,0.00038682616314164575,-0.0014106907638034337,0.0066339284936603295
2019-10-01,-0.015713038227228714,-0.0017861507304599556,0.0026081506228253512,-0.00764788978878218
2019-10-02,-0.00959203942373026,-0.0010366852497230904,0.014243346504307114,0.002753244151979003
2019-10-03,-0.008110766142309427,0.0010782484359261719,0.0010664632295922598,-0.007640812836315287
2019-10-04,0.008592951256770936,0.002954666766868702,0.004944724037520036,0.023564845104840422
2019-10-07,0.004112319092673479,4.3879753115982e-05,-0.0038649724588895786,0.006999248938307083
2019-10-08,-0.005303809700371654,0.0012281296728917414,-0.0011005549295800162,-0.007758835375049746
2019-10-09,-0.004742523936446723,-0.0027689586823057815,-0.00042795490678241606,0.004593308464357749
2019-10-10,-0.02189646644973559,0.000611047161990069,-0.0016300879822012289,-0.008299210679984244
2019-10-11,-0.001603781249932425,1.8812464567510758e-07,-0.0009940763376025206,-0.002027956247855976
2019-10-14,0.016361279136626966,0.002578455161252364,0.0028016614748431886,0.003953475034709761
2019-10-15,0.005949692595551606,-0.0009609169520575133,-0.004810855150194908,-0.005060600659256536
2019-10-16,-0.001029409155343431,-0.0003632752343247416,7.885140740322702e-05,0.004020410631840122
2019-10-17,0.007775925806377358,0.0022376289342655896,0.0036824279974186306,-0.006734490043664394
2019-10-18,0.008203499390786524,-6.406758478929893e-05,-0.005985863371350834,-0.0027137543981957564
2019-10-21,-0.017904114413026532,-0.0020976827625745374,0.009439062791091047,-0.009023031683602557
2019-10-22,-0.01744707920266335,0.005223266546580246,0.002878441628685822,-0.011593952136364445
2019-10-23,0.0019162736650330174,-0.002037185526673467,-0.0011046286230020359,-0.0025098472037860587
2019-10-24,-0.008529177437769837,-9.400163099047422e-06,-0.01091380347623965,-0.007132115223889511
2019-10-25,0.01251830030274294,0.0008133763120512264,-0.0038429087560777255,-0.00021912372508045737
2019-10-28,-0.0033453184068380796,0.000655235018062229,0.0028250399232168702,0.0012611219264527618
2019-10-29,-0.02004466042099286,-0.00025948740801279757,0.013253686606027515,-0.016686804965097314
2019-10-30,-0.008236442232494185,-0.00024952074105261606,0.005289153712409073,-0.010863000783620404
2019-10-31,-0.023266562736610902,-0.00034986373257591075,0.010639360017171369,-0.014902248104149555
2019-11-01,-0.0032513180379729572,-0.002111867717182744,-0.006768557966399701,-0.002674756097607647
2019-11-04,-0.0010589780042735198,0.004420438428845458,-0.00033661640211080904,-0.005074739859571633
2019-11-05,-0.0038716319525429702,-0.00031998183542675403,0.008067503312178745,-0.014270745619969527
2019-11-06,0.007307138539477826,0.0013138619856461913,-0.0066128880050896855,0.00934149302109424
2019-11-07,0.011198167215713734,-0.0005493057153632109,0.004343333994541079,0.00836463277570558
2019-11-08,-0.0031965310746271238,-0.0005895273447109671,0.004799931559132747,-0.00383777181324374
2019-11-11,-0.021847044514152,-0.0007908873253393006,0.004700178341792677,-0.019332964737905273
2019-11-12,0.000887232233630751,-0.0029796915759785015,-0.0026355458844803978,0.004305448829022377
2019-11-13,0.004122419995961286,-0.00020124228024153876,-0.006497507235921188,0.006721600002758636
2019-11-14,0.004685436110163675,-0.0006940153086388604,0.010404597144908007,0.0028757201799345777
2019-11-15,0.006949339683636463,0.002463049018369554,0.002636177444778227,0.016351715543594048
2019-11-18,-0.0027213267916754496,-0.002273400235169031,0.003786214678275097,-0.0027697699920743784
2019-11-19,0.020935855436624445,-0.00103429435510971,-0.005018918260563443,0.012351460394922124
2019-11-20,-0.004521859380295376,-0.0016768809335081644,0.0016924572442813882,-0.0012747223082143844
2019-11-21,0.009328735381028967,0.0030050607880236176,0.00014685266809904359,0.005352078111711854
2019-11-22,-0.009427534324904445,-0.0016188168897093426,0.004847173495859461,-0.01001913394766819
2019-11-25,-0.010533388135848082,0.0012445996894522736,0.005831899058646174,0.002257515254064815
2019-11-26,0.006165105663552161,0.0020603229468119603,-0.006571926828209755,0.004504775205526503
2019-11-27,-0.0034864752320662978,-0.0001722458228308164,-0.008277367031870878,-0.0011638109965756034
2019-11-28,0.009433959172837793,-0.0026336220018809368,-0.0004582104092882921,0.012769772428234252
2019-11-29,0.0027871494137171504,-0.0026083077175273806,-0.010633193798719553,0.0036867622979805956
2019-12-02,8.179442890179705e-05,0.0018395281295921595,-0.0016302724593615938,-0.0025355542950137567
2019-12-03,0.016437382932403825,-0.002401188037599715,-0.004726336919329707,-0.0013047015451690732
2019-12-04,-0.000783756698479604,0.0009040532221198246,0.0034399785664900808,-0.014773032248469228
2019-12-05,-0.013429904185298172,0.00034869821964119265,0.01446957865812854,0.0015784370609146243
2019-12-06,-0.009847849053123622,0.0008742649686220543,-0.010413169619286565,-0.002869341651790872
2019-12-09,0.0018745444906671368,0.0010631696156917752,0.013071001348163119,0.00030806905630309956
2019-12-10,0.008601923726336036,-0.0017473415688358035,-0.001762388248303542,0.004928448704862846
2019-12-11,-0.01360081964667774,-0.0018310563580294825,0.004372380730853321,-0.01521851180630336
2019-12-12,-0.008188770225012213,0.0015498542682008051,-0.007341130544541228,-0.006210565536649263
2019-12-13,-0.006899675623461573,-0.001138689221128793,0.006936553242780956,-0.008970486857931944
2019-12-16,-0.005036595711942798,-0.0053802969840102965,0.0009122191701645488,-0.010442099950306642
2019-12-17,-0.014310099360551488,0.00141751059576773,0.0016586788774823724,-0.020958165283217305
2019-12-18,-0.009304783380886287,-0.0019525225761375363,-0.010606009693456427,-0.013204682334525718
2019-12-19,-0.010858755573997273,0.0010542717558105067,0.0015964050381849265,0.001877480526489738
2019-12-20,0.006558786204894015,0.0029056436986339383,0.004203400042220853,-0.0007206322307601
2019-12-23,0.005703314187950994,0.00015352491452389524,-0.002339985582735961,0.008646816930055812
2019-12-24,0.002209183733530542,0.002111531663327062,0.007412040192284805,0.005161278453111741
2019-12-25,-0.0024491282030358334,0.0004275953610724043,0.007496624755773662,-0.002030372602740862
2019-12-26,0.00225527184858597,0.0032948586562822945,-0.0038654701176978903,-0.0005698801080800098
2019-12-27,-0.009378537189763525,-0.002004214217514212,0.010843059547849383,-0.004006285653804139
2019-12-30,-0.010484573986846895,0.00010357003916702048,0.0019899930968765396,-0.00938476431679956
2019-12-31,-0.007178987569437129,0.001466323210082935,0.0017377701367767015,0.0016400619561077667
2020-01-01,-0.003364731256605084,-0.0002608235140200909,0.001620885106977853,0.007599880311846779
2020-01-02,-0.010552939677685535,0.0024244379933053392,0.002156584135366321,0.0017089860435344287
2020-01-03,0.0048959073695385,-0.000744079079021561,-0.01582958054468593,-0.011548404186545295
2020-01-06,0.006791408990777203,0.004258742303257777,-0.001928154548746331,0.0023150481916766785
2020-01-07,-0.011705343351631134,0.004364395008544491,-0.005871096123897099,-0.009633764462341984
2020-01-08,-0.0010433982248231508,0.0006841439924545993,0.009894090453152416,0.00327665864319627
2020-01-09,-0.007217187257102946,0.0012252023607092336,0.009983411273936755,-0.011409482736390203
2020-01-10,0.004078655133886794,0.002503342871249275,0.004820593269258842,-0.007969157243331935
2020-01-13,0.002259523276507584,-0.0022543947979347338,-0.0012433372870934867,0.008099224258699751
2020-01-14,-0.011156351523961968,-0.0025040000291555813,-0.003915730591714491,-0.012172391375227949
2020-01-15,-0.009894943705402169,0.0026328378277152694,-0.0020712604541964557,-0.016537490613519532
2020-01-16,-0.0005809487176002073,0.0006679769457459988,0.011786129611516486,-0.006096476320152437
2020-01-17,0.007038789523372807,-0.00033301049195957915,-0.005372038560776201,0.009164167654269998
2020-01-20,-0.018072501532255685,0.0001422466057623221,-0.01097441917540833,-0.018544666556351896
2020-01-21,0.004590881466809044,-0.004652082944728139,0.005884262168180228,0.003967831305854253
2020-01-22,0.00922390077505731,-0.0002611246289140026,0.007567028974569043,0.0019622544568331287
2020-01-23,0.0021510396817202527,-0.0013860934783864471,0.010331879055877522,-0.011089263784403265
2020-01-24,0.0025032259205951643,0.0019561432672301647,0.005657314655860276,0.012352556704294521
2020-01-27,-0.00787819186445334,0.0021100615567680122,0.008328261322620718,-0.0017001957419222986
2020-01-28,0.004034979843533104,0.0012733604682598212,0.0006487488133450348,-0.002414512222873022
2020-01-29,-0.011782475851571625,0.0009109172975982832,-0.010099540491233974,-0.01299992549543101
2020-01-30,-0.021973117693442932,-0.002874693497440536,0.0035021497153655615,-0.005639960628587494
2020-01-31,0.009547034339958127,0.0013012861599937485,0.00262670280286238,0.009828604820891583
2020-02-03,-0.01000057761594846,0.001378795891046768,0.0009581228130304942,-0.000244589854849429
2020-02-04,-0.013936592199963009,0.00261038530753746,-3.0054121683059415e-05,-0.007291981488456813
2020-02-05,-0.01679740212785188,0.004356419624860395,-0.003473011192195174,-0.009350586954524745
2020-02-06,-0.014442267179082726,-0.003265121347143217,-0.003666973360468924,-0.007389615633449224
2020-02-07,-0.0042343737305294655,-0.0006569536512364267,0.011703571983724152,-0.00531559216647913
2020-02-10,-0.007424887052729557,-0.0013645332743152895,0.012671007431363977,-0.006089528977076412
2020-02-11,0.005190185920796046,0.0004650143767701485,-8.614363476946405e-05,-0.0020404447519329003
2020-02-12,0.0015082384168545442,0.00014680371643607739,0.001518214764935113,0.004325347224584731
2020-02-13,-0.0018853175714471301,-0.00034816414616029126,-0.005878295364760333,-0.00682701221125846
2020-02-14,0.001521962093889129,0.002175208722802347,0.003973338031883324,0.004015005098331544
2020-02-17,0.011620043843683566,-0.0020828284223615673,0.008867907953027152,0.01088421890152835
2020-02-18,-0.011676534423869681,-0.0019622429347852122,-0.007294133091457564,-0.008865691916026711
2020-02-19,-0.0029697349532854956,-0.0019284505421960842,0.0032974618675883018,0.0014310132168341204
2020-02-20,0.015319721784709256,-0.0006006551748519739,0.0021450021981687974,0.004026303086875545
2020-02-21,0.0030587455010484925,-0.0023371804318236926,0.001898510346729196,0.0030258163508659077
2020-02-24,-0.015560874553499093,2.285702240145889e-05,0.012216286933705987,-0.006614754062138739
2020-02-25,-0.004422266051848004,-0.00021098038926173378,0.013077789119262339,0.0006342447484942535
2020-02-26,0.00827966238595701,-0.00145303022799816,-0.002794365546656776,0.004592541471109535
2020-02-27,0.005672189443176436,0.0018675325081123917,0.003793135240919408,-0.0012774153907042394
2020-02-28,0.0025971403194768733,9.989434265262519e-07,0.000681797141858663,-0.000787683804240171
2020-03-02,-0.0037024260963775322,0.0022452947280636073,-0.003058817421501388,-0.005603447485522443
2020-03-03,-0.005866229597400791,-0.0002700997024088641,0.002583016190991544,0.005812768827334816
2020-03-04,0.0006581010651179765,7.161022353729062e-05,0.00407990143582955,0.0027946343826342817
2020-03-05,-0.004185727085803782,-0.0010055648093634216,0.0020822771812309664,-0.0024223555861189556
2020-03-06,-0.0022183266737772853,0.00010590691892903094,-0.004789606118506706,-0.006784595154714172
2020-03-09,-0.0014566089495150621,0.001544462612264093,-0.0024474720923893657,0.0040091085307445784
2020-03-10,-0.006945295812664315,-0.0007026684645405961,-0.0013800479575817204,-0.008861480029175537
2020-03-11,0.005448800559416539,0.0011568239250693286,-0.005333038384324168,-0.0014840688110331797
2020-03-12,0.020937421392943044,-0.0015054939220914823,-0.0016129927857268037,0.022075429263476658
2020-03-13,-0.020744871451634124,0.0016381011310444191,0.005347604540848667,-0.009791079501802889
2020-03-16,-0.003929441370740752,-0.0010398116546238545,0.005879688697666704,-0.01389940675241647
2020-03-17,-0.005842518596497352,0.001823359746458101,-0.0036794774693282655,-0.0066558221408849596
2020-03-18,0.004347593077244638,0.00024195308486733006,-0.003804365597023747,0.0034707539616569945
2020-03-19,0.00033481980774906044,0.0031619074667821267,0.009704564122594815,-0.002664264852721437
2020-03-20,0.0009681982512917651,-0.0021881354525084182,-0.0015754791293948467,0.004841867070606349
2020-03-23,0.014334403557219433,-0.002832353546623737,-0.0009661477027770489,-0.004372436585448752
2020-03-24,-0.0016947626645224412,-0.0011124344919511337,-0.0008703908373609408,-0.01669387055410481
2020-03-25,0.00909308801706137,-0.0026492218960686266,0.0057099143229707204,0.00035911998678769645
2020-03-26,-0.02013552706206298,-0.0026454697888565553,0.01063565424090489,-0.013995594000265767
2020-03-27,0.009753131413855993,0.001363101520919752,0.004972138001346456,-0.010249887894254397
2020-03-30,0.00013658629149306033,0.00011164241317468331,9.30717630906283e-05,-0.003618384846515302
2020-03-31,0.00863810552550926,-0.0008393619534085178,-0.006249704395190007,-0.005666152674001675
2020-04-01,-0.0022064624771795747,-0.0006539251946108642,0.013368110722091582,-0.008800962227689672
2020-04-02,-0.006373554705891948,-0.0010744753286526787,0.006429393201900307,0.006853545293621484
2020-04-03,0.006332528099195122,0.0034207383356380876,-0.002766970585449783,-4.364471487253315e-05
2020-04-06,0.0036636784315386994,-0.0013510114152860734,0.008735914232272041,-0.0004123557748112246
2020-04-07,0.0038516474015734626,-0.0025242677961665985,-0.0034257960853680556,0.0071587177491923264
2020-04-08,0.006993049133477659,0.0017121012349726556,0.007170124951876484,0.007300284860722228
2020-04-09,-0.012507722005270935,-0.0003115112466956418,0.011422754961965794,-0.012070838607543984
2020-04-10,0.00447004062051164,0.004197547377635771,-0.006673552376904702,0.012034935696689071
2020-04-13,0.005077162560652619,-0.0009324112775882706,0.003649369239682564,0.003223498935805774
2020-04-14,-0.0010340208254661636,0.001811968359513584,0.005138249736286112,0.0007879288443140655
2020-04-15,-0.020990707751358542,0.00228439466119861,0.017845460763937594,-0.009760706892029599
2020-04-16,0.003705919730296268,-0.0009226716644040073,-0.00496292240811191,0.0014328183824118676
2020-04-17,-0.019565127196510514,-0.0013658415358180716,0.012024305260854875,-0.00936585415010556
2020-04-20,0.005324474482029113,0.0016027330618618094,-0.0006012558069709369,0.0024061065515288515
2020-04-21,-0.011083935086276206,0.0012697838358278616,-0.005263842223594877,-0.0016727494873437715
2020-04-22,-0.00186895128957962,-0.0027012202014218534,-0.0006220912010393131,-0.005606093348245609
2020-04-23,-0.0047904666543141065,-0.002136871272609442,0.00034566649699093523,0.00819194005186877
2020-04-24,0.010511507116502136,-0.00495286000989601,-0.007762217657538478,0.010540330826481974
2020-04-27,-0.001313199519255267,0.0013107737079576048,0.0022842261912779283,-0.006596737103099545
2020-04-28,-0.0070924001034979554,-0.00040365438627149096,0.006853942590538139,-0.0009792011279038553
2020-04-29,-0.0006775508238142489,-0.00020430084195056404,0.002283117563933199,-0.006753414374522258
2020-04-30,0.009105322793374799,-0.0032628881954037065,-0.004799456274098056,0.008559729769239232
2020-05-01,0.00596616954462509,-0.0020762047061786528,-0.0014448333188360023,0.0007989080829681216
2020-05-04,-0.0030667599202175754,-0.0008359178251351324,0.0006633403342955607,-0.0028869418683943864
2020-05-05,-0.00659816563608887,-0.0012246512002956418,0.001793132431838385,0.004498972317082767
2020-05-06,-0.01786168436627456,0.00035567215103526244,0.00894467364573054,-0.006422145757808195
2020-05-07,0.003732000856409763,0.001286936253263628,0.001277198349166956,-0.003964804885249763
2020-05-08,-0.009694741373198302,0.004659225138570395,-0.005870428566389383,-0.017155417608432068
2020-05-11,0.008703977628215537,7.996593993814913e-05,-0.004218851660810014,0.006700971396355372
2020-05-12,-0.0038193101430125057,0.002350805326193891,0.0009924871555166113,0.0032094387940696354
2020-05-13,0.012351102000807286,-0.0015399455539595493,0.0036923619802998876,0.01133112646099312
2020-05-14,-0.007502059204505612,-0.003229892629950712,0.009442261646747123,0.0029570389094290992
2020-05-15,-0.0010125992681502935,-0.0005846032934202493,0.010956705872429586,0.004574198450061587
2020-05-18,0.01980838721683867,-0.0030754434357484835,-0.001474002010770305,0.007915754323506528
2020-05-19,0.008280353000488405,0.00014934633433820642,0.0031414790386215512,0.003512222838939952
2020-05-20,-0.005015270970643518,-0.0014409082490173303,-0.007616882936784952,-0.005413015207232851
2020-05-21,0.004754227244444617,-0.003788542773509171,0.0024469334106647436,-0.00024013166769223785
2020-05-22,-0.0011243967068836603,0.0035920502917203543,-0.006284283739925538,0.007889540907805711
2020-05-25,0.001459346095854218,-0.0009551234262107604,-0.0005858755955106112,0.00802345980255251
2020-05-26,-0.006012335430568296,-0.0031552386058883958,0.01929224892181237,-0.0038512696656960842
2020-05-27,0.0010241454153743757,0.0019163435810145796,0.00211190796078857,0.0038447148283206616
2020-05-28,-0.014225473391026155,-0.0013372287250785705,-0.0028555086084584105,-0.004789878606176001
2020-05-29,0.004338100080091198,0.002300332067381324,0.002434317375725522,0.0015408421163681228
2020-06-01,0.002864380492995398,-0.0013467886693560988,-0.0035399790286556017,0.00559084231877208
2020-06-02,-0.005831960330184285,-0.0009617953805255945,-0.005287448471876064,0.0024723830248972226
2020-06-03,-0.008404531910923548,0.000809663418954093,0.014969155902632468,-0.006909186268790857
2020-06-04,0.007282885556035823,0.0013064387614082204,0.005236354142751042,0.0018949277651094656
2020-06-05,0.0017753990907819783,0.0016569674746811972,0.0017511109486841865,-0.001429750804721719
2020-06-08,-0.006531545842525344,-5.9482277458658056e-05,-0.0012008193595889288,-0.005965463085632455
2020-06-09,-0.0021238606925806317,0.001177233443109167,-0.001315926294601809,-0.005667768489361136
2020-06-10,-0.014466075552501397,0.0016112572138468411,0.011450794894820385,-0.0179528206733395
2020-06-11,-0.009080992840848165,0.0005211382771336994,0.003393768898487578,-0.002064372039306552
2020-06-12,-0.004759588811498777,-0.00016531622652859237,-0.017600785540110745,-0.0009697627208359694
2020-06-15,0.011780245291583781,-0.0027705898964622603,0.013037262997374819,4.285165960967417e-05
2020-06-16,-0.01262799289494923,0.001318348313559978,0.0021317037195318026,-0.0051343716329563145
2020-06-17,0.011604551854982376,0.00020434739828230174,0.0013659255943150779,0.0032676311502554153
2020-06-18,-0.005086710766357891,-0.000707231704701415,0.007416895754471912,-0.001959725506968316
2020-06-19,0.004173395906007829,0.00267553272718332,0.00262768775671949,-0.004589465058519142
2020-06-22,-0.0052068635438962925,-0.0027356672658266313,0.004842335634194991,-0.008674757079472429
2020-06-23,0.00664450861708694,0.0034080726307297725,-0.003550967214314752,0.008958603556787743
2020-06-24,-0.006630249642928264,7.545344273106871e-05,-0.006486776637203267,-0.012233083504388651
2020-06-25,-0.00954358295649633,0.0007550363570057967,0.003974309826342474,-0.010962908933343354
2020-06-26,-0.013994982102780341,-0.0006700882290605417,0.010625319105988445,-0.010322742012140246
2020-06-29,-0.002312657484664543,-0.0032141458250466606,-0.0029987807334759834,-0.0037505341212000836
2020-06-30,-0.012992801094122059,-0.00015921979693155942,-0.0025119130085032877,-0.00601277208820462
2020-07-01,0.002534051322154129,0.0007894898137855851,0.00694232934111223,0.012515759405649612
2020-07-02,-0.004728563979324758,0.0014724508928051882,-0.0019446842082881432,-0.01219129264215129
2020-07-03,0.02542299433072578,-0.00027606639687780286,-0.005499078325542093,0.02055951076156301
2020-07-06,-0.021108989333324543,-0.004265079682408836,0.00027704906575767635,-0.02568054938615219
2020-07-07,-0.0019142920574350877,-0.0029633226891652513,-0.0004947906772011062,0.009985155918775659
2020-07-08,-0.01579349270862047,0.004224039247526588,-0.007749091993679579,-0.01902332009130865
2020-07-09,-0.007503118422728458,-0.0020650719675442313,-0.002399948865733143,0.011849939383797872
2020-07-10,-0.0009620248935114243,0.0029740989164784167,0.001361291825828597,-0.0011076642948175013
2020-07-13,-0.02557178613613975,-0.001748173474835191,0.004648678973129263,-0.006567541297069797
2020-07-14,0.0001289918112482402,-0.0002449118194557351,0.006798243057813686,0.008336940676229759
2020-07-15,0.011282023717667261,0.001370416519199808,0.008637428259098703,0.009709382464500805
2020-07-16,-0.0069349108566203795,-0.0015203888931617474,0.00985704238278402,-0.004675156588847741
2020-07-17,0.006139531910980187,0.0033044302715181085,0.005307173697756169,-0.0030461642809189475
2020-07-20,0.0106350594489719,0.000271456716136822,-0.0021060518303225332,0.011521227665355748
2020-07-21,-0.0007131784837253857,0.0010417016925993398,-0.003347077194704835,-0.003233715675480886
2020-07-22,-0.008036977365620692,-0.0004152140160382516,0.0010615668495679142,-0.00823395035605275
2020-07-23,-0.024889882510629943,0.0014374405740341816,0.006755716763661754,-0.010773483271710124
2020-07-24,0.002551448247951917,0.0032775854796997248,0.004236289318290793,-0.0010048171162461636
2020-07-27,-0.00094814516824812,-0.00014257187524642875,0.004061291754229112,-0.0023468547318040694
2020-07-28,-0.00630962432331345,0.0035794255814984724,0.0008100703711177027,-0.005397273074512257
2020-07-29,0.004046472643905203,-0.0011031916167582357,0.004720267880178683,-0.0027170176608181397
2020-07-30,-0.0031612861238056334,0.0016481920787034202,0.00852320351218936,-0.006286478333398555
2020-07-31,-0.0067685057722435635,0.0010982286724861,0.006164337581411208,0.0062208145808089355
2020-08-03,0.005730269902190337,-0.002017164145364739,-0.0008405713917271499,0.002934223081773982
2020-08-04,-0.012809469292026338,0.0005476194092746636,-0.0030262758997488507,-0.010249570950041892
2020-08-05,0.009022268284179574,0.00013473187570074558,-0.006389280212528219,0.005887335473852346
2020-08-06,-0.006267791777186191,-0.0015863843525536902,-0.0020304294213432444,-0.005738692896651536
2020-08-07,-0.011050313386208212,0.0008360048683882529,0.0026070980933291855,-0.010038200968681344
2020-08-10,0.01680248529883241,0.00041257909221703516,0.0006928451593439214,0.015017853425369753
2020-08-11,0.01398143957637027,-2.5173894614433353e-05,-0.009839122835881448,0.008977256138702703
2020-08-12,-0.0033192385526416533,-1.7154938117369708e-05,-0.0029857360400501495,-0.009777027151723431
2020-08-13,-0.010196014215309699,-6.002051784723875e-05,0.0028994285827590054,0.005180193262794908
2020-08-14,-0.006150566253001958,-0.0006153992424926551,-0.0045135618465407595,0.0057704658323699115
2020-08-17,0.00018960866510931394,0.00039966819002996333,0.002674503243666938,-0.004001743114579137
2020-08-18,-0.004250162387762266,-0.0011678284247275607,-0.0017252261091578523,-0.00615816286244423
2020-08-19,0.0011680198143804528,0.005433618982939999,-0.004047845875020491,0.0011358221255078898
2020-08-20,0.001921369220781773,-0.002698666490930632,0.000530856488707034,-0.008409424565718089
2020-08-21,-0.00020425001229218355,-0.0010494721544689178,0.002813088375576508,0.007175134531071316
2020-08-24,-0.01538892964363336,-0.0008914842091538815,-0.0029745021925055492,-0.011555188449046436
2020-08-25,-0.004189064307085611,0.004200986828649075,-0.0005883847769671609,0.006816823894239653
2020-08-26,0.005733295767174356,-0.0025202692999549987,0.001741327790960405,0.00115571131779953
2020-08-27,-0.013112798660274594,0.0009718445959722196,-0.002555289798206597,-0.008953718587972361
2020-08-28,0.004954404177659128,0.0006167881300930798,-0.009520641101965384,0.006749075916766741
2020-08-31,-0.006890699226148828,0.0007872046093490961,-0.007942775270297886,-0.006763886629089297
2020-09-01,-0.002360425863378518,0.0025926863252218805,-0.002488628264029268,0.002674058164262546
2020-09-02,-0.0027566926076096217,0.0025516587194941765,-0.007215854863390627,0.0044475634931071244
2020-09-03,0.009441155206582091,-0.0007819136530402349,-0.003910812818773278,0.006311295384335416
2020-09-04,0.0011622172101672479,0.0005080348989879818,0.009475769848879231,-0.004038960671887548
2020-09-07,-0.014729597899841275,-0.0036082040643042883,-0.006330656052332853,-0.016676623522241897
2020-09-08,0.004908123747936236,0.00031818601704385817,-0.0024317869245446978,0.00806933296979355
2020-09-09,-0.0039609597195909615,-0.001467978855663838,0.014009607331582092,-0.002207636372465285
2020-09-10,-0.0032577727483472847,-0.000252764851921033,0.0033977255992139297,0.003074901898808082
2020-09-11,0.004593357165706081,-0.00325074372963339,-0.0024599954019982116,0.0006727915127793258
2020-09-14,-0.007522500474342841,0.0009297445734381507,-0.0001074367904797481,-0.011342432289903105
2020-09-15,0.006611759280599652,-0.0032731373911512158,0.0015408196983236779,-0.008151522194854838
2020-09-16,-0.005954587232970993,0.00041656921358317284,0.011390220166807725,0.012668361818575814
2020-09-17,-0.007255478929487507,-0.0023330111860450993,-0.0021795437988651155,-0.00039782517010057044
2020-09-18,-0.006542437362836275,-0.001579282070271769,-0.0034895609910397495,-0.0029743860928593217
2020-09-21,-0.0035666726576055016,0.0024294642050903255,-0.007339240086402063,-0.0015516855527538465
2020-09-22,0.009046405956326409,0.0012958358918272442,-0.000695332404930723,-0.0013231268894433974
2020-09-23,0.006537345409798803,0.002418406275341086,-0.009112999215281385,-0.0004678152960333713
2020-09-24,0.020367680954167345,0.0032394542650025803,-0.004921120086847064,0.021572627678223502
2020-09-25,0.020093221438132296,-0.0014256774142795297,-0.008343420321926108,0.01857624219967861
2020-09-28,-0.005538439858233438,0.0031179433248817437,0.008006209054513293,-0.010735103246941357
2020-09-29,0.0025118823478676743,-0.0028110113123578032,-0.0029754441460926747,-0.006577251466337515
2020-09-30,-0.014787528830251195,0.0016122006690898066,0.00413945239550233,-0.010164226648521025
2020-10-01,-0.010104864437524976,-0.000866675429199943,-0.008404784007671216,-0.006451501228151352
2020-10-02,-0.007971530241510715,-0.0017406002852786327,0.0018096531155622271,0.008665356400469504
2020-10-05,-0.011878898618042817,0.0013489397346088852,-0.005621802755077823,-0.007449679962866858
2020-10-06,-0.009537854694406165,0.002009903050338426,-0.0009638431811662968,-0.01342420052405808
2020-10-07,0.0007453727375631733,0.0019505367732930896,0.013631999356539689,-0.0009206057663381132
2020-10-08,-0.006984990515363495,0.0005497197777895841,0.007405616128266951,-0.005739295225566357
2020-10-09,0.008703667898413942,0.0003839146026584781,-0.0017373468918236456,-0.0020378796229571436
2020-10-12,-0.009396820504917256,0.001173733171399805,0.020602618734212822,-0.003028854079014653
2020-10-13,0.019239396999977905,0.0007275281510343821,-0.009113966251870035,0.02529378022523669
2020-10-14,-0.0036506913324275423,0.0012027116791719608,0.007770667301254102,-0.0016716943415711095
2020-10-15,0.0009254693583384438,0.0005279989222214286,-0.009123270557670708,-0.0039886797670206494
2020-10-16,-0.010909284399577442,0.0018055676490127278,0.0004551740531414624,-0.01099387208755692
2020-10-19,0.02187354671625875,-0.003134415613100856,-0.010219962374555676,0.0011353622162329543
2020-10-20,0.013997295765805462,-0.00014254695017277245,0.00020232957146131187,0.006589842884443159
2020-10-21,0.005227425591374971,-0.0026476929876911724,0.0001049850959787886,0.004075249726616988
2020-10-22,-0.014807454329230888,0.0006734040352097693,0.00014219464575092235,-0.01352465156650413
2020-10-23,0.0005570176519313519,0.0034038603517073953,0.0064379418658296024,0.013305402235830877
2020-10-26,-0.010177413234940801,-0.000828169563893937,-0.001718661925893448,-0.001971338617201817
2020-10-27,0.011034975999229186,0.00037450406059443047,0.00015693088115490772,-0.0012038258738084808
2020-10-28,0.008984146161633908,0.001632973429843278,0.004000916753626249,-0.005195648540370359
2020-10-29,0.0021296778940367387,-0.004015445863533049,-0.008858169955335542,-0.004962876873750174
2020-10-30,-0.02499230434838998,-0.0009242209642883755,-0.0010313789046624174,-0.005570054237902494
2020-11-02,-0.005060293680642902,0.0008490313185457004,0.0018207773750846946,-0.0005099904022377181
2020-11-03,0.006696781185825432,-0.00567398945131455,0.003022442988910084,0.014415168302428918
2020-11-04,0.005928739785281648,-0.0018336169861499425,0.00706003361170294,0.008042422977232408
2020-11-05,0.010028499728394275,0.0023217159467625787,-0.0026226580378819,0.00607083384462676
2020-11-06,-0.013284497652404382,0.00212599380090145,0.00042039129712665986,-0.017174738830484912
2020-11-09,0.005832347845623358,0.0008686364547402005,-0.005472671795479404,0.00433788308242207
2020-11-10,0.008327207738966516,0.001884395279886355,0.0007789590108102449,0.005560736862340331
2020-11-11,-0.012241205287898583,0.0005502084688429274,0.0006260475713474811,-0.011515547206059315
2020-11-12,0.00069028532195152,0.0012307898148846293,-0.0014635224812004418,0.009998506599465641
2020-11-13,-0.0012805822423366323,-0.0005113074176812277,-0.000763018273047466,0.0013071334921559113
2020-11-16,-0.006752381584068155,0.0003516253658441855,0.003885800562085127,0.006431071779751678
2020-11-17,-0.013101777088162769,-0.0011447407728316446,-0.0007119648142839435,-0.02085706765588325
2020-11-18,0.0008566695444817492,0.0026469666883646267,-0.004023256084853896,0.014416775303713042
2020-11-19,-0.0017770211810810468,0.0031631188190044037,0.0032022074476489018,-0.003961646981138866
2020-11-20,0.003354468522610298,0.0028798256013941466,-0.01778445166515604,0.0036502479909933045
2020-11-23,-0.0017014132817008056,-0.0006962175233557246,-0.002691382617646269,0.001987767491501135
2020-11-24,-0.0017362231907340426,-0.0017875480787301749,-0.006139790589568204,-0.005435116947673857
2020-11-25,-0.0028912910073238167,0.0026739473215003262,0.007443152819269152,0.005004030961568362
2020-11-26,0.00937637769782443,0.0012078144051828254,-0.0030729102919664904,0.00835348307079661
2020-11-27,-0.0009309365690851855,0.0007771686830472849,-0.002783320561746885,-0.00585675561227161
2020-11-30,-0.004644356679146882,-0.0011472641698902913,0.0004312911417771589,-0.00644858959380977
2020-12-01,-0.0009736236716257716,0.0009713276252735298,-0.0035269125224329997,0.0011936713819115413
2020-12-02,-0.016317891988515063,-0.00205055611932387,0.000347347551037287,-0.012454734019251654
2020-12-03,-0.0005198611094772423,0.001388124712158064,0.00010866504078326053,0.011704101876623895
2020-12-04,0.002293951951951959,0.0028777733992124206,-0.002361482425921614,0.004552461597795832
2020-12-07,-0.0023034707047040245,0.0033820910878159046,-0.0024588909745389305,0.00016752780078609344
2020-12-08,0.009958433094823036,0.001537048108219632,-0.00718793735752038,0.010029093890091163
2020-12-09,-0.01894020078250871,-0.0026440430992422433,-0.0041164014775580526,-0.02424265630608411
2020-12-10,-0.018357760966904783,0.0005146602618920431,0.0031984971098512846,-0.01578701922190192
2020-12-11,0.000393504989616481,0.0043993634881154264,0.0016399678675281836,0.0037918902754514997
2020-12-14,-0.00034773998969904647,-0.0016172231808845683,-0.0083893321082802,0.0069873568240450545
2020-12-15,0.007399731126779452,1.6368541795659826e-06,0.004499909618975975,0.0026107307500439344
2020-12-16,0.0001960352045939119,0.0029470487036019543,0.005378157390431285,0.006178033426279534
2020-12-17,0.0072426199331457495,0.001354267844147171,0.005121257369447831,0.009733067295863148
2020-12-18,0.008517866790225223,0.005080312648970209,0.000710272070405574,0.003285648166415989
2020-12-21,0.007088444217642398,-0.0013457387664571768,0.0033391165048994144,0.0025489045761720036
2020-12-22,0.0012424550566814217,-0.0018595115714816438,0.01363227348631612,0.001147310829482555
2020-12-23,-0.021258659635152215,0.0025682508716703477,0.0012062510680156844,-0.01563025645910892
2020-12-24,0.0068908092694375455,-0.002271757256543072,-0.007142617886187462,0.014373929178133467
2020-12-25,0.005729683307254094,-0.0002735359776350726,-0.01068369299872252,0.0013845337914170988
2020-12-28,0.009370332038638504,-1.1293089719153048e-05,0.009833889725215525,0.00629735669804539
2020-12-29,-0.001521709073204992,0.002191978946771844,0.011970240829138078,-0.0007890664107849483
2020-12-30,0.006504397416879076,0.001348535936050494,-0.006287220883056856,0.002704222743340259
2020-12-31,0.0015697369969439592,0.0010341298283537252,-0.005355639981819291,0.0025285411642616156
2021-01-01,0.016056017779922865,-0.0006848617558033336,-0.0038783481597157972,0.009704054582434245
2021-01-04,-0.010397256816498859,0.002550008038163886,0.008698289630583642,-0.00030750144592508674
2021-01-05,-0.003828139585890626,0.008171648085454529,-0.007248099501747275,-0.004085751867795195
2021-01-06,0.008805177629664108,0.0015025641978458316,-0.012638534418376916,-0.0013657131992519875
2021-01-07,0.0014803530194815932,0.000319344415093673,0.013097583262931454,0.007605192112018551
2021-01-08,-0.011320274744477277,-0.002475725941984321,0.0035526319842896733,-0.004303385055309503
2021-01-11,0.0019827296674353335,-0.0011549628986343068,0.002336747850725315,0.008999227178605332
2021-01-12,0.005785462869998997,-0.00030742046789460813,-0.001841829236850434,0.008541558680640191
2021-01-13,-0.00023673059055808474,-0.0009492004805342651,0.0028459596322612892,0.013973502096577103
2021-01-14,-0.0011514470561895247,8.784433094630365e-05,-0.00921167495173884,0.008413217254872922
2021-01-15,-0.0031260426596066513,0.003676032153614575,-0.004526270433885643,-0.005634324551869024
2021-01-18,0.014523288291210086,0.0026143338347384684,-0.0011947292560810481,0.012474765098400668
2021-01-19,-0.008440540053872988,-0.00019766543293650856,-0.012239410909389337,-0.008679293083651136
2021-01-20,-0.009326412659618566,-0.002296559889331721,-0.0008522226531542735,-0.006084877788438808
2021-01-21,0.003266063485874349,0.002794735285804826,-0.002029816665268603,-0.008065793668468381
2021-01-22,-0.00010584806152196674,2.1891453077271133e-05,-0.0028327293290983735,0.004160731283316391
2021-01-25,-0.014615453995936134,-0.0033330008512047105,-0.0011150370672982626,-0.005823245240387381
2021-01-26,-0.0134532661115507,0.0015448602369860724,-0.004036450943063641,-0.008310999754324708
2021-01-27,-0.017695019935998216,0.0021713733684669305,-0.00801125761618365,-0.01909390001822087
2021-01-28,0.0021792424506876435,-0.004731816809869338,0.0009943437289125566,-0.008592136075714282
2021-01-29,-0.006484457930075787,-0.0015291092842658067,-0.00012103106754862551,0.005965748964482178
2021-02-01,-0.00539816561021773,-0.00010090802261542794,-0.00756254663088788,-0.0001317011748638774
2021-02-02,0.007912150721025817,0.001589021822617235,-0.0003476600793511816,-0.00043773242128155795
2021-02-03,-0.004986429323401236,-0.0009114931692483424,-0.0007336184973793935,-0.0009310183827146751
2021-02-04,-0.0028530799208593893,-0.001544283803947873,-0.002908374440676232,0.014932193210119718
2021-02-05,0.003207579596536831,0.0015743384993605648,-0.012367263145379878,0.0021769453390395217
2021-02-08,0.0019327034541473326,-0.0008166447466283182,0.0033592507484671687,-0.012148087029063646
2021-02-09,0.005734644423061223,0.0012041093010973943,-0.007869729131574594,0.01924705695221411
2021-02-10,-0.004857523432978247,-0.0021030313099491813,0.001483732018883173,-0.015114661167642308
2021-02-11,-0.000490955433616842,-0.0025846660384727972,-0.004451930793505547,-0.0019585777186838437
2021-02-12,0.008109959932999627,0.0016305383151407943,-0.0035714126922105783,0.00011515760544201191
2021-02-15,0.00622214978570838,0.0006250398206344278,0.006552696175656436,-0.0016217383772384698
2021-02-16,-0.017053760941589467,0.0019649114664724143,0.00524560798278427,-0.0067544028539363015
2021-02-17,0.005903076184520675,-0.0009451860018428836,0.006065155295155454,-0.007955747267411946
2021-02-18,-0.011253119631583517,-0.00147021060495949,0.003616537308018361,-0.007034520434285834
2021-02-19,0.010880723803447958,0.0028414377750818213,0.0006399688615973255,0.0161228868772025
2021-02-22,0.01070313292092986,-0.0029259175279889404,-0.011899367435142449,0.0017323807434731506
2021-02-23,0.0060414049114246565,0.002622921418361249,-0.002126495355689166,-0.006175431861367009
2021-02-24,0.0005853283054151424,0.0027610094149647666,-0.0013917179297305107,0.0004947363007135645
2021-02-25,0.0006607529655305523,0.0018401790285321508,0.0077941824677488685,-0.0030069521532810005
2021-02-26,0.006455937558934048,-0.001255615034020896,-0.003783383301831608,0.0010433348718133623
2021-03-01,-0.0058152001528725804,-0.0015130476734507186,0.002259707583110518,-0.00912597892431667
2021-03-02,0.0015462725560358532,-0.00030011154599639907,0.0012065247331446572,0.004939197672148064
2021-03-03,0.007148951626300215,-0.002470079353662799,0.005938939566883105,0.009404767577722925
2021-03-04,-0.0069462386292466465,-0.0018033879975071934,0.00012597433992274506,-0.00959326163095014
2021-03-05,-0.0040602858739487505,0.0014094685830180922,0.005968581891146317,-0.009105536129563937
2021-03-08,-0.009845350763405852,0.0014186982284483142,-0.008446797405847126,-0.0063655505645297365
2021-03-09,-0.014152203809943803,-0.0019791496530699127,-0.008077078390393318,-0.012156008249120887
2021-03-10,-0.021210135788691596,0.0014722438706001493,-0.011061732397301132,-0.010106918565900734
2021-03-11,0.00804251246075703,0.0010286066114796122,0.0039006409856290345,0.013746200542494211
2021-03-12,0.014034371592361332,0.003139772509154207,0.0017699669949206745,0.01137722552775157
2021-03-15,0.013934083956533722,0.0012582728837350432,0.003626771369710781,0.002037874139227476
2021-03-16,-0.012091965663311081,0.002237162107468756,-0.0016989569545913614,-0.00755171129441656
2021-03-17,0.0029108335317891212,0.0010741551818604226,-0.004189839751808867,0.0038406560536863635
2021-03-18,0.008764345385583452,0.002079858219394376,-0.0024761294283706654,0.00839832777957052
2021-03-19,0.00111200522053791,-0.00245423431313555,0.009448889291683134,0.00031403435861914993
2021-03-22,0.0021677392247378222,-0.00012348891422182682,0.01019601473435474,0.005125343229765267
2021-03-23,-0.019128759427261846,4.203446354494041e-05,0.0076435065576344816,-0.012096713227229595
2021-03-24,-0.00020119584614901754,-0.00036749989387056483,0.0017960245220525403,0.0016563559579971404
2021-03-25,-0.010903360111634293,0.0010077732606334512,0.009618101820937624,0.006020822647401627
2021-03-26,-0.0015750018471363003,0.0013887593089915021,-0.0016345620170778949,0.00880102460628633
2021-03-29,-0.01120058977742815,0.0009045141541422967,-6.80252379387813e-05,-0.0044943017013989355
2021-03-30,0.0027554705594794,-0.00023388776244267568,-0.0013369913267276207,0.004547242489490032
2021-03-31,0.012701217843489009,-0.0013514601596902498,-0.007085378328343499,0.0007599704398183011
2021-04-01,-0.008050505514746542,0.002314372148312468,0.00017723662708579973,0.0021702851867984076
2021-04-02,-0.013162353783545853,0.0008194656332276701,-0.004999602777799555,-0.005956847382577608
2021-04-05,-0.020483112146991233,-0.0019172277167988168,0.009230678020839945,-0.016705959251003683
2021-04-06,-0.010070222139180844,-0.0002673750832992475,0.0037917826171995966,-0.0027972479861997825
2021-04-07,-0.005396651138556466,-0.003366599355414723,0.00953252619656712,-0.009121137183403
2021-04-08,-0.014269532284522966,0.0001907412286948858,-0.007511820610815264,-0.0030874480398775713
2021-04-09,0.006751397046453447,-0.000276759885197192,0.010968606360511005,0.007292240663497396
2021-04-12,-0.009508648220731981,-0.0010289339007106754,-0.008657392467243364,-0.001405018636577183
2021-04-13,-0.0059960245452164475,0.003289200379607059,-0.005567604906328172,-0.006693849981216584
2021-04-14,-0.0023293537657710557,-0.0021923082390842247,-0.002806256533563937,-0.007237819419033873
2021-04-15,0.013597871541462529,0.0015327859033646709,0.006570063024264209,-0.005691217267294543
2021-04-16,0.005468268365784588,0.0044934163218637475,0.0007094761093018905,-0.004339058634302502
2021-04-19,0.0020714559488218577,0.0022745358074333756,-0.0011174403201064697,-0.0049350362245562255
2021-04-20,0.0013582130614629567,5.692243580446594e-05,-0.005421556382798514,-0.001117436675754548
2021-04-21,-0.00810906491186705,-0.002148137278846655,-0.006518379762842101,-0.005237581577540063
2021-04-22,-0.0018221573797565609,-0.002604124353168911,0.006922064306176571,0.005412894086420218
2021-04-23,-0.0034283045228905742,-0.000703103389915044,0.004762950420135103,0.0004974953686585519
2021-04-26,-0.007400950130981624,-0.0012540014678278164,0.008918981549027384,0.00583353160718663
2021-04-27,0.004135718439504572,-0.0013190938179162646,0.0019630400083442312,-0.0016139988009880512
2021-04-28,-0.009296798716452871,-0.0005326269109424881,-0.014629029587563201,-0.00538995352474971
2021-04-29,0.00591660696507246,-8.449418577137376e-05,-0.007985755551586473,0.003245947383323966
2021-04-30,-0.0002579837212304259,0.0010904238952905926,0.0022142184935130087,0.01036982823365365
2021-05-03,-0.03243573155712118,-0.002355592438924859,0.0018898636875249184,-0.017402784755898446
2021-05-04,0.015029913634021785,-0.0012444875922661,-0.00478996450130742,0.008640339419462512
2021-05-05,-0.02451729269997048,-0.00019934416564496265,-0.002335056626110955,-0.028789143851769877
2021-05-06,-0.00849233173774655,-0.00027097038684653814,0.00668720358898801,-0.00894054911626812
2021-05-07,0.009419133377908177,0.003792847414826846,0.0015229359782378779,0.013375406258009353
2021-05-10,0.00040294065333200575,0.0005844931854477151,0.0036054844165395307,-0.014110959950673478
2021-05-11,-0.011738072017354061,-0.003107179623918849,-0.001652262416376462,-0.0008390157749743454
2021-05-12,-0.009198964266899598,0.0009563627231735294,0.0027042715867163624,-0.00355255655508964
2021-05-13,0.01272761396082337,0.0012113274454879576,-0.009242912314711723,0.002324378231637372
2021-05-14,-0.019285678200541403,-0.00013025605648947627,0.0019850632311635,-0.016757772400900147
2021-05-17,0.010454455254652042,-0.0023067933488184027,-0.016521715457857376,0.018828375735150553
2021-05-18,-0.0003494648062577789,0.0036361093906269256,-0.009164309001100239,0.008461291614910103
2021-05-19,-0.011349844116995028,-0.0020197678271625147,-0.000154137369414783,-0.007888735211048315
2021-05-20,-0.006217452184986476,0.0014415444128318671,0.015207914225258225,-0.0025260745787926784
2021-05-21,-0.008736414356429297,0.0005201010581278705,-0.00926120558006197,-0.009945601514401973
2021-05-24,0.00809924929568334,0.0013216210980595401,-0.008460887576398192,0.00660592263236536
2021-05-25,0.003646567360261966,0.00353371584833466,0.0004818712369770292,0.0009108730700901082
2021-05-26,-0.012867062475183075,0.0012432777442820703,0.013107404966820281,-0.010961973288464173
2021-05-27,-0.006361484689972781,-0.000997328454087066,0.0019278843419295417,0.008659345931916647
2021-05-28,-0.008223371294740016,0.0023319845502559216,0.005548151757989712,-0.005671753952071502
2021-05-31,0.010955748297974178,-0.001142198900088239,-0.0036018609614790133,0.002200981513652271
2021-06-01,-0.01087658122516014,0.00044711602279053574,-0.0010710957241655923,-0.016363856732106295
2021-06-02,0.008280750121513126,-0.0024661672160315807,-0.00150260317891823,0.011209349903702466
2021-06-03,0.0025730767891359364,-0.001946562454673505,-0.0037347884454087595,-0.004435127785913449
2021-06-04,-0.012288380700257279,0.00022277334087237276,0.006084227480919588,-0.005500567908299332
2021-06-07,-0.0022355777717523377,0.0008561734171617443,-0.00855331124526098,-0.013643845918029727
2021-06-08,-0.008449064340464519,-0.003284781245382061,0.006592107630438411,-0.0005686978893859468
2021-06-09,-0.011418096375341583,0.0011145747360013286,0.0021266129165374457,-0.014051085163455719
2021-06-10,0.006794799857778653,-0.001518857953196595,-0.001246341472241188,0.0012151927719654004
2021-06-11,-0.011683254582607593,0.002679376031342333,-0.008030221367684541,-0.00942568727399844
2021-06-14,-0.015706746224623324,-0.0005839288576490165,-0.0027652376501906633,-0.0030859733413773696
2021-06-15,-0.003099952980939877,-0.0021272445390999716,0.007874472074444104,-0.0010230267257663249
2021-06-16,-0.014779449276880473,0.0002716091159185045,0.0013522618769639487,0.000654837651254906
2021-06-17,-0.0063595720443735595,-0.0017124700021574507,0.002855807967128079,-0.0010341590684508598
2021-06-18,-0.005438371118529829,0.0026578902828662512,-0.0038799031802775495,0.003165087335673733
2021-06-21,-0.009697539486791482,0.00012106041506619944,0.001171813879882144,-0.006401450492300154
2021-06-22,0.015256522345253825,-0.00018335324618657425,-0.010764212475866583,0.0150190858369599
2021-06-23,-0.0012080244666049283,0.0013036020378620159,0.0006931379100484027,0.008007254407282031
2021-06-24,0.0027074702099302624,-0.001889894878400586,0.0020625945214775305,0.007315597048174883
2021-06-25,-0.01645004102373164,-0.0024583073106570286,0.0044918260631722036,-0.007665349597849041
2021-06-28,-0.003554843573318768,0.0009367031588832739,-0.004368658752531127,-0.005747576738638976
2021-06-29,0.0060519187689381665,-0.002079341416017618,-0.0021729644550240504,0.0007437476057912024
2021-06-30,-0.011948275227922082,-0.0020800203074989136,0.004776278908322346,0.0007114395582682011
2021-07-01,0.006170719216820071,0.0017935120624417754,-0.002324510410417871,0.01413626340655615
2021-07-02,-0.014932987528047833,0.00117012821996788,6.980809692573023e-05,-0.010794164866854528
2021-07-05,0.003713823749490732,-0.0023876590849058227,0.011977399935171325,-0.005926660502080425
2021-07-06,-0.004160456262414547,-0.0011182720858826727,-0.0047447649992297435,-0.00877692806146732
2021-07-07,0.003118292894591977,-0.00168746311189264,0.006430677918368309,0.006353423848487005
2021-07-08,-0.009585035801791979,0.0036726385960811603,-0.005893422384024759,-0.009271937585064298
2021-07-09,-0.0022415526106590597,0.001932020855141217,0.0044643929111742526,0.003538990585583579
2021-07-12,-0.0003974268727626139,-0.000721689692010548,0.00473769097264412,0.002126522480524769
2021-07-13,-0.0071677628881249835,0.0012723893786869853,-0.001900767457864018,-0.007557193937759879
2021-07-14,0.007792961690953198,-0.0025923723718616586,-0.0077897378396437405,0.012779247254639407
2021-07-15,0.009280988750465317,-0.0012252923023789858,-0.01197442352885103,-0.006931706687131582
2021-07-16,-0.0034387139885603615,0.00032972653188377245,-0.0034010522274602385,0.009738927743456409
2021-07-19,-0.006740386739087713,0.001024461498291826,0.003908430637887586,-0.0004585723153373569
2021-07-20,0.0047356280780942415,-7.491825102688814e-05,-0.0073711033837994665,-0.007082570747676169
2021-07-21,0.0028960892857218404,0.0006160270214284519,0.0010700677146915129,0.00840552207890034
2021-07-22,0.0005667903606556193,0.0002766729199062525,-0.008274537448900058,0.004241082112016528
2021-07-23,0.0007356268156121885,-0.00020715480404463478,-0.001374660692972754,-0.0015697229121830341
2021-07-26,0.015578959139940278,-0.0004722911843817874,-0.009002655447203033,0.005240172711267979
2021-07-27,-0.014312836750780997,-0.0007325297453555684,0.0015115978694620622,-0.017518644573563894
2021-07-28,0.009798793510727743,0.0005838750172571761,-0.0038757836232699207,0.01968277539711108
2021-07-29,-0.017978245923468607,0.0009416311783989124,-0.004416415749754158,-0.017127269560771125
2021-07-30,0.0013752288056926173,0.0005167183346376679,-0.004076559630942286,-0.005872710475165225
2021-08-02,0.016202114763066346,-0.0022371941000021195,-0.007561302990723745,0.0118705365600359
2021-08-03,0.0040340319059561005,-0.001877855702286375,-0.008373250709455342,-0.006408749096422656
2021-08-04,0.001030727726364596,0.0009177636118961345,0.006436131095707785,-0.004474352395866643
2021-08-05,-0.004812319602640455,0.0030633466013417552,-0.0012344424038213966,0.0027789835115034343
2021-08-06,0.0028654910457762183,0.00042483092311751045,-0.013085266415101538,0.00332086093199417
2021-08-09,0.0028709138878212936,-0.0007033368249539884,-0.0032294000447735827,-0.003566215495477438
2021-08-10,-0.005117330774643952,0.0005686809108855511,0.006719338703616916,-0.004501812592379262
2021-08-11,1.0621315989726293e-06,-0.0021536428450268574,-0.004006819718653185,-0.004141039558691701
2021-08-12,0.0013858682593345824,0.002737886313072927,0.00888864870195608,0.0012178144557323314
2021-08-13,-0.008828347206281914,0.0004931882890160566,-0.003934229287253171,-0.009064335827100947
2021-08-16,-0.005094577689456812,-0.0012189144264210965,0.004278928792823054,-0.008221011387478074
2021-08-17,-0.011528468464527854,-0.0002135909321857503,0.008226160148295506,-0.011893602482103294
2021-08-18,-0.0005513607114491837,-0.0009340724641272315,0.0023436850486485894,-0.0015535974467744845
2021-08-19,0.004123700487426749,0.0027433399536336677,-0.008813150251501714,0.01003900252889137
2021-08-20,0.0020362529276839966,-0.00028448017889411826,-0.005797553061248686,0.006420165150768377
2021-08-23,0.007355160833472556,0.0004307314922311857,0.0058874457771357904,0.0008263944938448975
2021-08-24,0.005436015517352929,0.0012674529133025836,-0.004776290048050846,-0.006272796641646843
2021-08-25,0.00516761554699846,-0.001361533207529084,0.005494844317969457,0.0018660090466205714
2021-08-26,0.007054061584404008,0.0005074189322703142,-0.0028218888555003726,0.015185901371253925
2021-08-27,0.00016641561019260797,0.0006688711387884197,0.0011422029415294873,-0.006402933344513997
2021-08-30,-0.004333232943891592,-0.0029881576420412426,-0.0074300341941506845,-0.0039715238554410195
2021-08-31,0.01731758008929645,0.0006253929775552199,-0.00646871147959407,0.014821483961795012
2021-09-01,-0.003831770219091876,2.8475870113721662e-05,-0.004471704459836095,-0.003159144217348002
2021-09-02,-0.005753737623057607,0.00037993258423199333,0.00242253281336163,-0.006604288825375681
2021-09-03,4.74675894826266e-06,0.00019125942698113317,0.0001432722166376508,0.010004741720926998
2021-09-06,0.0008481073283438615,0.000638339745900164,0.002605895916825549,0.004653434554019257
2021-09-07,-0.013412971724042034,0.002794686451352316,-0.000876666429282095,-0.0034353548074746087
2021-09-08,0.011544542923240812,-0.002239014824170219,-0.006926996071428517,0.010949152701749537
2021-09-09,0.0007362991577996187,-0.0005643046710008402,0.0013935371899894712,0.00511026410612567
2021-09-10,-0.011542335302837098,0.001453237257925673,-0.004507776439500984,0.0028475690979853398
2021-09-13,0.012305665836810519,0.001081851735455822,0.005035676604157799,0.015815603721159414
2021-09-14,0.005284843356319834,0.0010388111066841684,-0.001361796341189483,0.018230579858631257
2021-09-15,-0.019789738002096095,0.005627154431346675,-7.967896910005229e-05,-0.0003225668608287076
2021-09-16,0.014740539466464891,0.001348271048233412,0.0005438569021533396,0.007519571234458622
2021-09-17,0.00936614223572287,0.0023818755925100496,-0.0011775634438846582,0.009574295671541985
2021-09-20,-0.004937182310508454,-0.0004941441177050169,-0.009764545544917368,0.004538375545469781
2021-09-21,0.014850042851842635,-0.0018658247477945642,-0.008345374783926003,0.021880147906810338
2021-09-22,0.006389463697022627,-0.0005086348584672679,0.0063012002150176745,-0.004459375061931
2021-09-23,-0.0023345865349677303,0.0015439203426868085,0.0007112182384579391,0.0035107831152022175
2021-09-24,-0.005736253802914843,0.0009336557096583508,-0.009028001657550962,-0.007906312799540276
2021-09-27,0.0015246051820799423,0.0009265027411977596,0.0014971743072264409,0.007080928392235403
2021-09-28,0.009371120130906536,-0.0003086887735942556,-0.0038289669251058657,0.002054118706542757
2021-09-29,8.212337801755869e-05,-0.0006276052376259506,-0.0050968179039038025,0.003309297706450512
2021-09-30,-0.006769996656426372,-0.00023971448858655563,-0.005632754776081813,-0.013098943145854443
2021-10-01,0.0054322700840115316,0.0015689509003304258,0.0059941715247879244,0.005917916970581651
2021-10-04,0.0015562461120772024,0.0018014548563408364,-0.011528761871253214,0.0011366247408151314
2021-10-05,-0.014428155066098028,-0.001892483299342455,-0.0030550021163457705,-0.007147730917394037
2021-10-06,-0.014988144934179617,0.0016446851188628986,0.0028777072697551047,0.002768951985741612
2021-10-07,0.00677117432285782,-0.0011814424615124593,0.008877221352027793,0.0016055658968946065
2021-10-08,-0.025089358000654018,0.0010578433036821067,0.007005698403421693,-0.013998303836193748
2021-10-11,-0.004303035193710241,-0.00026393148492497633,-0.005183451904594517,0.002235710514091468
2021-10-12,-0.004262469915701654,0.0032515770984779687,0.009991532852608552,-0.0014836883024046982
2021-10-13,0.007533581478544761,-0.0007161492579622913,-0.009726873317517714,0.021912777051200108
2021-10-14,0.000607631378306296,0.00047722368178956646,0.002428199074488659,-0.002386007163186925
2021-10-15,0.0066657208415565215,0.0013331863151188554,0.00220640418527323,0.0010910717528573662
2021-10-18,-0.00608774974137085,-0.0016279177002457641,-0.004580859813531628,0.00906485957288524
2021-10-19,-0.0008721638626120703,-2.571411085389035e-05,0.0042019983041232285,-0.0007895192256710707
2021-10-20,0.0011633360146586988,-0.00041316976924627455,-0.003908070090387826,-0.004648998738458008
2021-10-21,-0.007261387107262733,-0.0009076269668119465,0.00496530478214597,-0.007019163251417962
2021-10-22,0.012217963568107733,-0.0007594460029664793,-0.012212922049590097,-0.0008612291919171912
2021-10-25,-0.0020479224574811725,0.0023440291962735886,0.0035213486754669997,-0.01672008942365755
2021-10-26,0.005030525122622287,-0.0010771014695206665,-0.0027003403736154427,1.784488190898154e-05
2021-10-27,0.008227629889227588,0.0012528157653432118,0.00582265907204333,0.005731334461922878
2021-10-28,0.004844459299151263,0.0007491900040622885,-0.0009849349925426546,0.011581403689052548
2021-10-29,0.014578516449889603,-0.0026739602315503518,0.005078176618727911,0.016190012395805475
2021-11-01,-0.0004916561577767223,0.0011583388768528827,0.004246319668567705,-0.0009666618502851606
2021-11-02,-0.012778589367730414,-0.002707026419515389,0.0012668007350316495,-0.013707900314682421
2021-11-03,-0.0024021264862685602,0.0013761836563303202,0.006238368254154181,-0.0006147116117345601
2021-11-04,0.010324541627766116,-0.0008943832862616962,0.00404275332232234,0.012848185187647562
2021-11-05,-0.0005410828856144143,0.0001367345065129044,0.002329264065683621,0.005844339835174047
2021-11-08,-0.0008775472504511336,-0.002468559899252678,-0.013721854738275113,0.00351932217356627
2021-11-09,-0.011913748814485635,0.00036476464720963203,-0.004209370928291762,-0.01432278320757479
2021-11-10,0.006862266547644328,0.001973900835941239,0.00743936423304131,0.011497878793605046
2021-11-11,-0.011003285758196122,-0.0014939308560452415,-0.005712323682783366,0.0033093431933701126
2021-11-12,0.019619263527586528,-0.001094334172288022,0.0039001849641860263,0.009579096763255492
2021-11-15,0.022685262184834507,0.001029242047134979,0.0005511740694391959,0.014775718395576237
2021-11-16,0.004184970126137124,0.0010792366472938786,-0.00467922321736377,0.0016766730874737115
2021-11-17,0.007297496448323096,-0.004748358596817013,-0.0125885857458383,0.0014910569645682544
2021-11-18,-0.004240453933467623,0.004150812727565547,-0.0025781148996785546,-0.00492771446300379
2021-11-19,-0.015761378156437272,0.0011771069670966628,0.01508187824526527,-0.0071764455406825856
2021-11-22,-0.008358900950191763,0.0015138373249059232,-0.004195992613165328,-0.0017803473170683478
2021-11-23,-0.009316598586080698,-0.0001670808933240339,-0.0031201354921123114,-0.0005216203830939077
2021-11-24,-0.011288844199212025,-0.00359070701710449,-0.0038620382836986903,-0.006550713562745272
2021-11-25,0.01668404123077423,0.0014694441225004801,0.00513352093760299,0.0060063397907034926
2021-11-26,0.004366365373968231,-0.0010103760564617724,-0.0016558586690854317,-0.0009451182795339728
2021-11-29,0.007855011927434548,0.00120786338836668,-0.004098015607523712,-0.0006450146788590442
2021-11-30,0.00022969833897677934,-0.00031760214052545753,0.009068024296187043,-0.0027256613604470827
2021-12-01,-0.001141955901498616,0.0005960787582327548,0.00388034048891186,0.010019194329093883
2021-12-02,0.0053656810845041664,-0.0014299927628184893,-0.006647884871284658,0.01814606684799357
2021-12-03,-0.0018910498923902972,0.0018487778853578634,-0.007127848356132141,0.0051558833548996565
2021-12-06,0.004317351986470349,-0.002256758078915344,0.0064025829729464495,0.004395954590557524
2021-12-07,-0.0008070011865808005,0.00461113885067838,0.0005353347845410666,-0.009064740393449969
2021-12-08,-0.00431437430108661,0.004595897269974025,-0.008662477716648413,-0.0004955133772313962
2021-12-09,-0.015269427087969812,0.003385399170933021,-0.00862935999779878,-0.01326360302191405
2021-12-10,-0.021164337628665167,0.0026709579715490203,-0.0038562710570029294,-0.0023366877135173863
2021-12-13,-0.00710759038676421,-4.9096716467281965e-05,-0.006913798962178537,-0.010944474115461266
2021-12-14,3.618116615387531e-06,0.0024530934114944166,-0.012182732359599482,0.00300283515953807
2021-12-15,-0.01578416665659003,-7.235299655225536e-05,-0.00469076637033411,-0.013008055497167593
2021-12-16,-0.0031118508377838724,-0.002987035084490614,-0.005297942302066368,6.571723738097968e-05
2021-12-17,-0.0004979325516183893,0.003126402828061376,-0.0026786536903446,0.0046750502887065015
2021-12-20,-0.023211823982708712,0.0023776489258450105,0.013238071078946438,-0.007111038305481503
2021-12-21,-0.006896865369819418,5.732178468912923e-05,-0.00019564134229231632,-0.0057894265603103436
2021-12-22,0.006086044234436278,-0.002330368514662301,-0.0013852552830081696,0.0074730618316226245
2021-12-23,0.0020352475052354993,-0.0010524013531579474,0.0027030028981094006,-0.0011963505964794276
2021-12-24,-0.011494156170427849,-0.00352229116977502,0.00030355271074031633,-0.005454921664679168
2021-12-27,0.003238321764914847,0.002010161705235954,0.0023570129151456085,0.007351467204775519
2021-12-28,0.007259679736540212,-0.0030866179337283605,0.00047343950747376286,0.008773762388610901
2021-12-29,0.004845454896126198,0.0006936617402933527,-0.00014351710104225205,0.0020594974634028213
2021-12-30,0.0029319233514334604,-0.0015673866955593764,0.01689743231898256,-0.0019345546635683819
2021-12-31,-0.0013592236037802707,-0.0027334068899989533,0.006268523087253906,0.003485685601344593
2022-01-03,-0.003659450351978781,0.0005967101865571434,-0.005470716854388802,-0.01017593795287632
2022-01-04,0.0071873119103691915,-0.0005475987706240629,0.0017597764102069465,-0.0023786261717138784
2022-01-05,-0.003975900417816097,0.0017963782108507357,-0.004843811203701221,0.005178687589670609
2022-01-06,0.009926142695299124,-0.002415210537457414,0.001997809176121152,0.001670383671193076
2022-01-07,0.0025630506678415944,-0.0013946292909476443,-0.008259154150363174,-0.007547544155434877
2022-01-10,0.010601219705144181,-0.004655284416981782,-0.00758200802147292,0.013603124889440345
2022-01-11,0.0022128181339683894,-0.004248693364655845,0.002105745455447867,-0.0056616687696459354
2022-01-12,0.007408972919225646,0.0037163848199570255,0.005096684914810375,0.004086958831711793
2022-01-13,0.007211477296213586,0.004287196488199339,0.0020102553525231165,0.0021090595911872363
2022-01-14,-0.005939306541364705,0.00030545241044790575,0.006380814958014807,-0.006514618683657649
2022-01-17,-0.01700854014855037,-0.0015276575318130233,0.0048539058158585825,-0.01635902424119374
2022-01-18,0.016695064004326316,-0.00047689785098021403,-0.000878738761425655,0.01434968041905246
2022-01-19,-0.002249441357246246,0.0018671484049727278,-0.0031986489320121746,0.002621891149328718
2022-01-20,-0.016855100644847926,-0.0009087780396440922,0.007362566811220545,-0.004559339570360215
2022-01-21,-8.990572953846039e-05,0.0005952677340833784,0.0072829317182051085,-0.007812072101728212
2022-01-24,0.005268627240611277,9.448789903750073e-05,-0.001250724442677919,0.018000938661625183
2022-01-25,-0.0030331426493864703,-0.0010176253401657158,-0.00015399252864254314,-0.012849856749160891
2022-01-26,-0.007056295573922373,-0.0009323854919837423,0.010409717786414243,-0.012396796389244263
2022-01-27,0.013815473761474172,0.0007066417433710165,-0.0018437211903198417,0.01968406480627026
2022-01-28,-0.011434378987880878,-0.0018337762727748828,0.0020379528698139587,-0.0034136590175396987
2022-01-31,-0.007540213024214655,0.0010234586912470324,0.004152862479486396,-0.0026400496555190013
2022-02-01,0.00464907788353962,-0.0008231579192983639,-0.000702209277040083,0.004259386636712152
2022-02-02,0.0016178041320404927,0.00037473460929646045,-0.005279156094731313,0.006227109692842153
2022-02-03,0.007032920666862246,0.0028879251323371178,0.0017677303567811443,0.0052655674389503115
2022-02-04,0.01086783034780159,-0.0002163840904539049,-0.0012927014203020072,0.00028537273103373083
2022-02-07,0.005152075870291532,0.0019596086803839847,0.010955417400926933,0.006500190740730303
2022-02-08,0.005026078435199803,-0.003464065711767657,0.004240022984187405,0.00738718808454137
2022-02-09,0.007590893897094609,-0.0008207260272811894,-0.0030529612185826466,0.007277568546753959
2022-02-10,0.003927885818756674,0.00017537724215214564,0.0044597186057726895,0.011320445771798292
2022-02-11,0.0021424404937031892,0.003966661358412918,0.0018720238653134732,0.00300032181219747
2022-02-14,-0.0004918900198738808,-0.003799904166519781,0.007736175328317378,-0.005670175850133173
2022-02-15,0.006861680890622423,-7.241972378555372e-05,-0.004019654017210963,0.015842138374984212
2022-02-16,0.009475292068203581,0.003033377701832526,0.0005526102195316247,-0.0022714818137652124
2022-02-17,0.005726556872980454,-0.001450040810533744,-0.00048425484847020093,0.0026463522803054384
2022-02-18,-0.0026471465631486705,-0.0003056776208513406,0.0016131966180202,-0.006297897263653681
2022-02-21,0.0031646182427532447,0.000783477970111079,-0.005232549892408355,-0.0018174231753136866
2022-02-22,-0.0038191406829484113,0.0004890171074455605,0.0036632940170883144,0.004749288684345919
2022-02-23,0.0034001196717957953,0.0032515409509088285,0.0024169905223491634,0.0030238015484309435
2022-02-24,0.016334520630104623,0.0010169476201464637,0.004902532536891229,0.017320558382593318
2022-02-25,-0.008976368587013395,0.0027755457910284384,0.0008169381391099839,-0.007853886245790004
2022-02-28,0.004718077225859952,-0.0006000167146198228,-0.0028711272253080455,0.0019559710282418025
2022-03-01,0.011385756947007934,-0.0013610508225005932,0.0034633424768844194,0.002454101144594876
2022-03-02,0.00379214852233686,-0.00033144638603927097,-0.004727528873632272,-0.00023701746903867797
2022-03-03,0.022732014793707764,-0.0021982061867352035,0.0035238162996213303,0.01435585090158018
2022-03-04,-0.0016075956683550454,0.0010870233924201904,0.007177405028319711,0.009024177501320476
2022-03-07,0.00016284524590329426,-0.0006517562255104914,0.007276152956674387,0.0008254310138038528
2022-03-08,-0.0073041817580908365,-0.0012235777999549506,0.0035081256636824865,-0.01744606614000966
2022-03-09,-0.007485072973193101,0.0011173168192420036,-0.002274419903143151,0.006495943392521973
2022-03-10,-0.003569702194630666,-0.002167431555948577,0.0004890655787966873,0.004603839879655085
2022-03-11,0.01003866469029879,0.001661004427711589,0.0013079028863598025,0.004885652985218361
2022-03-14,0.0008124803248392913,-0.0008366747769827217,-0.003621627897059081,-0.00027299474681805264
2022-03-15,0.014149529150441783,0.002438192888188368,0.006468892686949402,0.002590869614467522
2022-03-16,0.00267035493830607,-0.0006654751564591345,0.0037787081747113647,0.01137000712578512
2022-03-17,-0.004647468742420641,0.0013838193331158484,-0.004734910216649372,-0.0014415924060255138
2022-03-18,0.026306799249180373,0.00047912474754581175,0.007816862163967493,0.006948599314971283
2022-03-21,0.001764668659137352,0.0016078037474289736,0.00022211482427431984,0.0047901373911962445
2022-03-22,-0.0118129705376874,0.0003398937842952546,-0.005423318170028879,0.003044296472544195
2022-03-23,-0.0056784456469052445,-0.0032067948246864877,-0.003874268657448752,-0.00309525369204185
2022-03-24,-0.009696740869929346,0.002137587078484264,0.010369319467609378,-0.011008444294719325
2022-03-25,0.007308857170949696,-5.536584491581453e-05,0.009855540866894268,0.00029394122574982057
2022-03-28,0.0028466337174974,0.001699032154709626,0.006718819666291387,-0.007459490511542835
2022-03-29,-0.003231308667289645,0.0015004929537377131,0.00791391254938656,0.010272331578917568
2022-03-30,0.0007770353361699946,-0.0014265929620226835,0.007555429463283329,-0.0004900889803820406
2022-03-31,0.0037990099600341562,-0.0017095908103505937,0.002523982165864135,-0.005123944318043894
2022-04-01,-0.0046959126081542076,0.001430710202898008,0.0032873552522589815,-0.002689684230102541
2022-04-04,-0.008584856866761942,-0.0004864980588210276,0.004861201753152717,-0.005589884689259683
2022-04-05,0.003356708812176189,0.001992858558932994,0.004283291294164615,-0.0009402997660559434
2022-04-06,0.002773964709492293,-0.00023640188572604656,-0.00509088307350325,-0.001996397042923516
2022-04-07,0.0008960270780137961,0.002166819554896576,0.0041128337531908445,-0.003948415826122116
2022-04-08,-0.004303332039838291,0.0009666089684182035,0.010014463618063497,0.0017602443994848647
2022-04-11,0.011609756744005231,0.000695949987428297,-0.0019828391067975674,0.006093231640006365
2022-04-12,-0.0050538248921881464,-0.0006280223974805488,-0.0007052744603516757,-0.00147446185273179
2022-04-13,-0.007186109965391749,0.0005848552281230333,0.003733355025893614,-0.001477140604673495
2022-04-14,-0.007278766155111815,0.0025057054299054186,-0.0024536080440741145,-0.0036407749762776822
2022-04-15,0.019192841270881104,1.1569082673360505e-05,-0.009487475470445279,0.005726929615938348
2022-04-18,0.006208062301402877,0.0011823488873677107,0.006201195160244147,0.0030955795815876407
2022-04-19,0.010030462959290658,0.00021272015249941212,-0.0033524486173070766,0.011140929099327158
2022-04-20,0.009203914692765916,0.0003692080854908437,-0.0014030439462210521,0.016684972960112114
2022-04-21,0.02538758507923935,0.003566821513876597,-0.00728782673117067,0.01072713833734545
2022-04-22,-0.01332433931681477,0.002523460062079102,0.010137984129756705,-0.011677677453280673
2022-04-25,-0.005253404303105381,0.0002788076303914367,0.006285865333888182,0.0007239396944362072
2022-04-26,-0.007644741797904197,0.0005489081758720682,-0.0004426008832865961,0.007750575362994883
2022-04-27,-0.009885928972836034,-0.0012837410071019377,-0.005760777698359877,0.0056715938669735354
2022-04-28,-0.006533396019125436,-0.00022594309252990636,-0.00045684144488418997,-0.011223321349582385
2022-04-29,0.001077774861452145,0.00073879557509723,0.003995447836173025,0.0061024624056861525
2022-05-02,-0.006213002763238882,0.001821227179138256,0.0029442292401192878,-0.0069727855936811516
2022-05-03,0.008627172757595322,0.001618441793821838,0.0003722810705364144,0.008717266748740132
2022-05-04,0.001069143201825321,-0.002098518111809021,0.0013703998228902412,0.005395371509927992
2022-05-05,0.0035956602501781166,0.002073965461357263,0.004073388691558023,-0.0042133036673775515
2022-05-06,0.008822528881079678,-5.7547358755105765e-05,-0.0007665886341019064,0.006838532985084044
2022-05-09,0.007766269526394847,-0.0018539827113550759,0.0020560214506310025,0.010173122723603795
2022-05-10,-0.006108046207417715,0.002792769474863843,-0.005247413181758348,-0.0021334078321574505
2022-05-11,0.01618938362714627,0.003046557993475906,0.012629561068296505,0.012225304872752378
2022-05-12,0.003785670652407807,0.0006474939646813206,-0.0018496379231483597,-0.007613067436801315
2022-05-13,-0.017094186758075156,0.0015375872038104698,0.0039059124633473376,-0.007291948842230604
2022-05-16,-0.00890067157611805,0.0016548984174888641,0.004922000405501659,-0.004722476991443704
2022-05-17,-0.012246926807119755,0.002911544305624502,5.4935960784306594e-05,-0.01615827231913575
2022-05-18,0.002633123097316873,0.0015761370508634502,0.00019354701614251237,-0.0015058318176051637
2022-05-19,0.0030933727287752923,-0.0025353765548771375,0.00030848870041265126,0.0004996465832306349
2022-05-20,-0.00981043960021522,0.004139615497942256,-0.004681853863275995,-0.005962896631082607
2022-05-23,0.019058528763268228,0.0022513137789600857,8.678630149713687e-05,0.013024897273182585
2022-05-24,0.007224911433883817,-0.0008990484105455293,-0.010466457909556214,-0.006701003776536157
2022-05-25,0.002155127682953957,-0.0019392501447148193,0.009706017866547133,0.013010949858223637
2022-05-26,-0.010144348315408842,0.0011296268608081677,0.006184774518592197,-0.005430307264237541
2022-05-27,-0.011313759508965866,-0.0004365200767351585,0.005353579749217125,-0.012550733854327239
2022-05-30,0.0005963440050523413,0.0007799907079979184,-0.01029954009838034,-0.014186378446015281
2022-05-31,0.006640626162952224,0.0016068136825565268,-0.004818731678288628,0.007604754626009376
2022-06-01,-0.010439035890035413,-0.0010128837759935908,0.011012091340434842,-0.008006213556479227
2022-06-02,-0.003865625864865653,-0.002112215985368675,0.025320862863084475,0.0004681800368622432
2022-06-03,0.0019063204973422657,0.0008916369357439563,0.007319157478462953,0.005610542129690706
2022-06-06,-5.994893551321463e-05,-0.0009467757105539471,0.0066821118352967295,0.004149950633422156
2022-06-07,-0.005957636396575844,0.0004121915714647963,0.004417922425353142,-0.0036177311774628655
2022-06-08,-0.0034588777330725583,-0.0025666528739245295,-0.004186610678667484,-0.004584356949650085
2022-06-09,-0.0004805052348011799,-0.00038436544894927523,0.006379804410525257,-0.003277062511200162
2022-06-10,0.006079910574909689,0.0015499037820799935,-0.00655982405445514,0.0034376922921744973
2022-06-13,0.008950523786059284,0.0013318650152935939,-0.007909979627282389,0.012532375219344673
2022-06-14,0.006747244151763039,-0.0014567159417465372,-0.008930331829314617,0.006531975063294663
2022-06-15,-6.196626910360018e-05,-0.0022165287386361034,0.0064217053057713455,0.00734447377727866
2022-06-16,-0.0012282856415038639,0.00015152737950358425,0.00044132653519072173,-0.0002948691948122823
2022-06-17,0.005083802923264122,0.0012420655940388178,0.00018431344015496973,0.005381376554366098
2022-06-20,0.009091877359205875,0.000930350280385102,-0.0007470642594587597,0.01861897977733222
2022-06-21,-0.003143581796432858,-0.0009043196887226198,-0.005998128662289854,0.007520606567779616
2022-06-22,0.007914944455924302,0.0007156488849732067,-0.004921416630008757,0.015391134371216175
2022-06-23,0.009379989704434887,0.0031247109425519893,-0.0048749974480812785,0.0017257056990814812
2022-06-24,0.00577044593352905,0.0005302893746180552,-0.010005405411991374,0.021630719746587382
2022-06-27,0.015963692978760775,-0.00314629587163724,-0.005255993795873867,0.011050120947615137
2022-06-28,-0.009602496971298662,0.0005264006762012844,-0.005148176951187191,-0.006483368752075502
2022-06-29,-0.003234260050585071,0.004207913942425218,0.0036172911906030654,-0.012527931761684614
2022-06-30,0.004603554123786509,-0.002454781626231191,0.004120601493365753,0.0023687944360204966
2022-07-01,0.0008299604388108051,0.0001794493236580442,-0.007459435418320454,-0.006777987230370637
2022-07-04,-0.005732859519324869,-0.00033267086606426883,-0.00073328564401432,-0.001300833422261912
2022-07-05,-0.01486446808238692,0.00031176591855012803,0.013311867992262168,-0.0159884314197819
2022-07-06,0.0019226237681472548,0.0005085043063075436,-0.005839694638208914,0.011710079536751548
2022-07-07,-0.0037408926559786733,0.002399943972125849,0.0037671070471600766,-0.0011911968778914755
2022-07-08,-0.0015069562039121977,0.00028956657280162124,0.0006870404050080124,0.014560988383207496
2022-07-11,-0.00696087699211951,0.002674519114424094,0.007799284128338894,-0.010800618501657852
2022-07-12,-0.007092725616045553,-0.000115311317572965,0.0034273398150342985,0.0027072278894285044
2022-07-13,-0.0034993181438603108,-0.0005802735479492662,-0.002734075654051313,-0.009000194831822506
2022-07-14,0.0013855844540422513,-0.0012183659660772116,0.0003668406676485409,0.002539258477726689
2022-07-15,0.00412566363024578,-0.003514174058240306,-0.00012381099756084406,0.00019973769967017094
2022-07-18,0.01947128432449352,0.0006715628238516797,-0.0033310871783607363,0.011423202516928892
2022-07-19,0.0011907201117819122,0.0042280005769436855,-0.008119009599078748,-0.0010120544608246392
2022-07-20,0.004978609719199053,0.0010364709545717225,0.0069736712600507785,-0.002092281979603959
2022-07-21,-0.0037271702985377736,0.0014934947083233591,0.008023309321156838,-0.014006766211768305
2022-07-22,-0.012353934386613023,-0.0007060626500289102,-0.00435780911649504,-0.010422077716967976
2022-07-25,0.015320598048242323,-0.0003686667825473414,-0.0037711735462465203,0.011007995898393227
2022-07-26,-0.002127078764172392,0.002089282976666524,6.618368678466412e-05,0.0015042435261762993
2022-07-27,-0.010845543378335442,0.004137387280579641,-0.005359788306514828,-0.00446474527052612
2022-07-28,0.00529213575583793,0.0030958958715936393,-0.010977994062931255,0.007092918004102033
2022-07-29,-0.0005957627005151734,0.001730489259456044,-0.0037317961534145423,-0.009097273436020148
2022-08-01,-0.0025768698803948454,0.00019030115878101794,-0.0007500302578087072,-0.007943607424845189
2022-08-02,-0.0002941555935789429,0.0005394378285346471,-0.008065686154921429,0.002684698236926018
2022-08-03,0.012185706546598203,-0.0013870146388565085,-0.00042779063431476754,0.010144211555943807
2022-08-04,-0.007250834525145937,-0.0027763350426053142,0.008235229191820966,-0.009904810423595391
2022-08-05,-0.014215176678933175,-0.0021335967155198822,0.007104154730885938,-0.0028357232985114673
2022-08-08,0.00891071723799119,0.000219600069043875,-0.0018626153071670307,0.0030907007199538045
2022-08-09,0.007322756584502402,-0.00046398452285335444,-0.01153707101024353,-0.0012227108231526946
2022-08-10,-0.0054240018788279665,-0.0028188834094393695,0.0053019141818299795,-0.0006475807471057198
2022-08-11,-0.014989371560327832,4.535324190052774e-05,0.0031842784861586875,-0.009590636009594167
2022-08-12,-0.007253957810480387,-0.00051686064893189,0.0037213481865001827,-0.007488601155734608
2022-08-15,0.002685089909105718,-0.0022256977105681607,0.011860467791561599,-0.0033458491036330385
2022-08-16,0.014366533174253938,-0.000620358021240141,-0.006352527098527076,0.0012649533674278703
2022-08-17,-0.011130689315132024,-0.0005219060014326884,-0.01567950993265822,-0.008564955918032028
2022-08-18,-0.00256644250594573,-0.0011132742798489333,-0.0060366256268180535,0.006407581359402331
2022-08-19,0.007414378698055418,0.0019733403295518794,0.0021748251187488146,0.006060714135266843
2022-08-22,-0.01664880986682552,-0.003685803124186624,0.0035462663196528356,-0.008910419758104027
2022-08-23,0.012942046436387779,-0.0038515979814219424,-0.008519428104309605,0.009949264084063277
2022-08-24,-0.01419761178639767,0.00012657156889818368,-0.006751996026579892,-0.01078291584673147
2022-08-25,0.0023957315311368245,0.00031225437878461184,-0.002405848011071234,-0.0074632760399267715
2022-08-26,-0.0003716623175718404,0.0009284302720379467,-0.007639590271265339,-0.0036670223456750856
2022-08-29,0.00915873995742883,-0.0009579470165581881,0.0018296088810509617,0.003145479399637103
2022-08-30,0.009971549416147925,-0.0017158476101846634,-0.003042309245963893,-0.0006806736221206555
2022-08-31,-0.025463416371918884,0.0001053677346101051,-0.00038336514215479584,-0.008750810536740558
2022-09-01,-0.011719609104244492,-0.0007631562706959924,-0.0033202064338774514,0.0012194215440154673
2022-09-02,-0.0010418162961212862,0.0032221428093113886,0.001562159434856638,0.014481970156585536
2022-09-05,-0.000692887167350104,-0.0005284544998503837,0.0006888781888219269,-0.005470700309708971
2022-09-06,0.006360761029733203,1.362969656584415e-05,0.0007369691340039236,0.012933637433854143
2022-09-07,0.008616644305611947,0.005070836279195886,0.00018513181268076714,0.014860612534703926
2022-09-08,0.00920312183756016,-0.0002695204534613738,-0.0010845830637603055,0.002779663391273794
2022-09-09,-0.007017731265691975,0.0012323137303981815,-0.005739512328300016,0.0018314002435482779
2022-09-12,-0.012852023485007512,0.0014126188667727062,-0.0017197257953749248,-0.0038475236752117618
2022-09-13,-0.004835617199832229,0.0015828032874364293,-0.0015831497448796183,-0.0028830796037589137
2022-09-14,0.006141796262665199,0.0006989745308225048,0.011999074428542344,0.0021447686699875615
2022-09-15,-0.013584301553243909,0.0005076815888210193,-0.006450914131557723,-0.01029384221777272
2022-09-16,0.0058963426621213965,0.0003206685796742323,-0.003196079905565471,-0.009843200312212249
2022-09-19,0.00908435198717278,-0.0010319878044675464,-0.0004667285906479284,0.006485707471714891
2022-09-20,0.004809055899157838,0.0007710376056785369,-0.0018212669376343426,-0.00311995401405675
2022-09-21,-0.03212978266463486,0.004177291674849184,0.01074992006814816,-0.025413904899469056
2022-09-22,-0.011210537618801517,0.002541363817927115,4.4431706643736305e-05,-0.0051788067842184725
2022-09-23,0.013919996553578302,0.0007278360444492734,-0.003783603758954366,0.0035151182539767227
2022-09-26,-0.0032023520046305775,0.0018316595962119804,0.005795597102286214,0.001733291251604924
2022-09-27,-0.015325639398792586,-0.0016183518174613042,0.013712863328734403,-0.009258506414149548
2022-09-28,0.015178737222316715,-0.00040102430839943754,0.006947406269471101,0.005720899276171205
2022-09-29,-0.0012848880390320676,0.0020156996883681105,-0.0006679533532388202,4.4278709658383895e-05
2022-09-30,0.0129261438576859,0.0030943343869163833,-0.001618754930487349,0.0001597985155082169
2022-10-03,0.006775332839405446,-0.001421732344190756,7.642125715908056e-05,0.006586871274074257
2022-10-04,-0.0006027086836568824,-0.0008471766188463144,0.00043294161688908555,0.004353108004444255
2022-10-05,0.0053041179897260005,0.004482751587757073,-0.005404151170501487,0.00419805798813872
2022-10-06,0.009352928568629317,0.00031252249953794495,0.0048479535720392835,0.00774551864314108
2022-10-07,0.01992069487784257,0.0037667239454007573,-0.001664876339214013,0.010833319342553074
2022-10-10,0.005306736291057366,0.0005337146345515849,-0.0014099956864367861,-0.0026570097329827198
2022-10-11,-0.011194186592280823,0.0006123605646508704,-0.005323414180262965,-0.0038722274529510844
2022-10-12,0.0006214271548368594,-0.0004909817753197949,-5.927579468284472e-05,0.007286278027931537
2022-10-13,0.009938272609396252,0.0020051102830204574,-0.012730272856264175,0.004319176019424664
2022-10-14,0.010903935085415328,0.0028355551006079994,-0.004943542153017189,0.010371676275957961
2022-10-17,-0.0014928306924198976,-0.001950004460281734,-0.0026326695117454076,0.005200229239035373
2022-10-18,0.008804605328155551,-0.0005849011044408736,0.0003192961575217415,0.014511354823188844
2022-10-19,0.006495930529477282,0.001950157048748441,0.010196647910277648,0.0027974240985806182
2022-10-20,0.0236494033690169,-0.0001390972755686558,0.00012854625408348797,0.0076142935803037905
2022-10-21,-0.003530844193377356,-0.0008667709370664204,0.009872914779749171,-0.012288301775946142
2022-10-24,0.0024957448143556136,0.0021390843077388035,0.004726263816762034,-0.004726979709053346
2022-10-25,-0.007077515035475908,0.0023269064094250218,0.00733358165354663,0.0071853527944252425
2022-10-26,-0.0032659732969892432,-0.0007792841813442773,0.011974564020210982,-0.007119072018092493
2022-10-27,-0.011069791826575302,0.0005447330559758913,-0.003019492981632666,-0.00884509784156683
2022-10-28,-0.021607645821443457,-0.0022969495918084663,-0.0008830146721294676,-0.020766322274454487
2022-10-31,-0.006527928905435906,-0.001670961820957398,0.0047697096923901595,-0.005588991462187748
2022-11-01,0.0015002778827521682,0.0003683304642667599,-0.00035070410496834583,0.0025995947115896338
2022-11-02,-0.006006809186745185,0.00018281357515968706,0.0021579724882747437,-0.010447598673997771
2022-11-03,0.017389833835602574,-0.0018137521834612688,-0.003934765950408462,0.019039061194195097
2022-11-04,0.0012899751050188856,-0.0013119478494511509,-0.0034256096493147183,-0.0004446588479479467
2022-11-07,0.013270365677482758,-0.002010088739911119,0.008151698788151569,0.023348290496012065
2022-11-08,0.002535481076021365,0.0010301197138264213,-0.0067820842401049445,-0.005054477391101289
2022-11-09,0.0036479927217175773,-0.0038152783933838,0.0031727036870933673,0.015085563083276975
2022-11-10,0.004896532436332628,-0.0019031544591203923,0.0029383936165723904,0.010447294177700364
2022-11-11,0.012360185696142981,-0.0036058830956646423,-0.011151939038491272,0.006493239127918551
2022-11-14,0.004188658521235703,0.0009580412077159613,-0.004890200102640304,-0.0016779457752370813
2022-11-15,0.0025418700343592606,-0.0034854671001094033,-0.004475906321619066,-0.0020622264358200306
2022-11-16,-0.00130982777920259,0.00018345839707108056,0.003062955219471989,-0.002811031069442056
2022-11-17,-0.002496647131195095,0.0033990480314948467,-0.0016430252671114256,-0.0014798340848512577
2022-11-18,0.007732698935174885,0.0034668679625418034,-0.0008902649702131456,0.0030155645147036296
2022-11-21,0.020792302625627288,-0.0034918151383576423,-0.011592305574275236,0.004802501749398405
2022-11-22,-0.0028325818763775476,0.0007168192032619114,0.01449050617212073,0.012397531204753898
2022-11-23,0.001364142982706935,-0.0018579425927609092,3.0896107085097066e-05,0.001425527681997091
2022-11-24,0.01679330995786745,-0.0022662720714205164,0.0014660038001079157,0.00865768105378062
2022-11-25,0.007373471743844184,-0.00010693990878014803,-0.004613094860666113,0.003766171069468313
2022-11-28,-0.0018707350134104326,0.0025765823138662507,-0.0037615811263282503,-0.0011882438029190041
2022-11-29,-0.019540395738364184,0.0013193177484407163,0.014863682678713627,-0.016822617496096627
2022-11-30,-0.0007177367018241735,-0.0013102818569657613,-0.012027878447215203,0.003577645202533774
2022-12-01,-0.015951496331463456,0.0015300679948200052,0.004838172659725781,-0.013730227291893918
2022-12-02,0.015302014421123146,-0.004367416663763358,-0.009083438608418022,0.014429802646176177
2022-12-05,0.004422958056172674,-0.0013858915968664807,-0.002488796652492931,0.002771005011110198
2022-12-06,0.010871417214696862,-0.0015277830894025012,-0.00500812673287131,0.01086364444759055
2022-12-07,-0.00840237079599857,0.0002766413834778623,-0.004528016063971069,-0.005402165101373227
2022-12-08,-0.016962013390166758,-0.00028565592731999933,0.002478535467193038,-0.008053281751154997
2022-12-09,0.002126563133595623,-0.00016294218723976976,-0.01559019330242697,0.0005349185239897243
2022-12-12,-0.0030281398948631823,-0.00022943906021227729,-0.001677566247571392,0.006146968734302198
2022-12-13,-0.0027654015051853404,0.000164814481978174,0.00029184026321232306,-0.0008209726276945961
2022-12-14,0.003382291018239179,0.0012002619339164476,-0.008099952007425306,-7.508305846099243e-05
2022-12-15,0.02953734892188496,0.00041866205220476567,0.005513273874452752,0.01664738531249531
2022-12-16,0.008826032847980107,-0.0004487036332091168,-0.004523359737732117,0.004942074900943081
2022-12-19,0.012419213522555428,0.0009234965596095643,-0.0026717285727045023,0.007134504759001099
2022-12-20,0.006903997812289773,0.0017722470873055278,-0.004522629787085246,0.005318635809472617
2022-12-21,0.01208032788064515,-0.0009920517814452586,-0.002316670616783976,0.0063075615750006545
2022-12-22,-8.962938365629936e-05,1.194538654648435e-06,0.008275461319452303,0.003731951792334873
2022-12-23,-0.01945227038722837,0.0024438131260931728,0.017782022588902494,-0.0076365402830653305
2022-12-26,-0.0006897178305711148,-0.0020855213545347136,0.004898426501762064,0.00985504838946662
2022-12-27,0.004322044821962252,0.0037294043925118875,0.0056021193933353496,0.0018321567091093929
2022-12-28,-0.011173086603464565,-0.002558309949479151,0.011777795422267841,-0.001771110138312328
2022-12-29,0.0005189343486508976,-0.0005707292224094733,0.0019013204937593383,-0.012225929385778874
2022-12-30,-0.003365857460802529,-0.001780379993752024,0.010525394394724342,0.0009561090092167542
2023-01-02,0.010761294759688131,0.004495853993738754,0.002896667304354193,0.0010632915965686114
2023-01-03,0.008956956070178336,-0.0008867000576943037,2.215718507057071e-05,-0.0008444074243723612
2023-01-04,0.004465658566689807,-0.0008816823130570656,0.001392466368839463,0.006438057884151852
2023-01-05,0.0058439273466896705,-0.0006214974798798383,-0.011597663552920256,0.0005270940601282454
2023-01-06,0.004115589974402799,0.00031120561578790054,0.00197300205362227,-0.0044447913510958625
2023-01-09,0.004400468244816377,-0.0005368835578090221,-0.009359186104089907,-0.0013242915550668029
2023-01-10,-0.008079045260724279,-0.00014577360924479884,-0.007981615725948016,-0.002748906905842447
2023-01-11,-0.013751606733384209,-0.006938419906047475,0.004278968805464615,-0.019031926844635037
2023-01-12,-0.0005609078500441766,0.00023431967200365458,-0.006717081097166108,0.0009605819358384368
2023-01-13,0.000158287381471662,0.00015561324297328963,-0.00031006935378766106,0.00010920090727849045
2023-01-16,0.008917014305142626,0.002197137594824787,-0.0006319000512750709,0.012877711409053959
2023-01-17,0.013578519184521463,0.002738121896558804,-0.0008530057468083866,0.015326946165815971
2023-01-18,0.007266334522114839,-0.00025541612278359504,-0.0073742263970011865,-0.0007807003291233124
2023-01-19,-0.00940449704973533,0.0017524581633479109,0.006909426145833927,0.0003231078748344605
2023-01-20,-0.004604097510232659,-0.002083137560889613,0.00011014637838571462,-0.005543805158936414
2023-01-23,0.006874287965125812,0.0016546846853922091,0.0021680027815871097,0.004783859255632734
2023-01-24,0.024044400236709715,-0.0010249515982691537,-0.010426708998633918,0.010657547027475935
2023-01-25,0.011718802950117232,-0.00224939493626011,-0.0028980992657897083,0.01189143259965637
2023-01-26,0.012044456994074134,-0.00025117735640810105,0.005242580730922907,0.022700295842316406
2023-01-27,-0.001120302420472306,0.0029209448943955585,0.00651457953084375,-0.001340070752250332
2023-01-30,-0.010054434049770354,0.0004820110734616934,-0.0034214365954869457,-0.007983243982155426
2023-01-31,0.005821098184301899,0.00311297629535676,-0.004168374786016445,0.003917152257261161
2023-02-01,-0.016382040939403188,-0.001377465427631608,-0.004276227673666528,-0.015408345708104586
2023-02-02,-0.005217907081930578,0.0022157022090959796,-0.0034465884357418827,0.007531630705810843
2023-02-03,-0.003060410222288039,-0.0011843200744738906,-0.008069455013086578,0.0014941975668675501
2023-02-06,0.014758707331923337,0.0005706573429784063,-0.0028094865547666345,0.004081958723686608
2023-02-07,-0.005828423764716543,0.00055336565731883,0.004447671748092628,-0.007992502749418488
2023-02-08,-0.023293602708300866,0.0014429834678483452,-0.0012473301707334413,-0.014935578448114517
2023-02-09,0.0010640097842144172,0.0006214812398226549,-0.001054637970311394,0.009109973640304473
2023-02-10,-0.005577854982341525,-0.0013583690756436347,-0.00020931094409783971,-0.010969777126976565
2023-02-13,0.0018608230036944442,0.001880613904185128,0.006443160506598356,0.007289031505160833
2023-02-14,0.0006267537376803544,0.0035833131886507884,-0.003382499674689661,-0.0007560409270467997
2023-02-15,-0.0022262525666441363,-0.0010476068445122366,-0.0029117962515511223,-0.006965795483694521
2023-02-16,0.0026898462465581516,-0.003550464152890065,-0.005973086555163518,0.002513003105805767
2023-02-17,-0.015455644896852916,0.0011186391367075776,-0.004585689534694772,0.0011742745291562062
2023-02-20,-0.005675048041544695,-0.0005423607881042982,0.004043079152370206,-0.011246469636484494
2023-02-21,0.005146455279294554,-0.0001422057119105931,-0.0015641159606913362,0.00025808111696262043
2023-02-22,-0.005101819324129805,0.001232355511462024,0.0013278736056547083,0.0021867674231400036
2023-02-23,-0.010002636266316688,-0.0007927848596511971,0.009989735994686841,-0.008496740007679011
2023-02-24,0.008653286727364422,-0.00041770394268734285,0.007259934642170637,-0.00019554624703087883
2023-02-27,0.007345298334427767,-8.023903387317274e-05,-0.011223583598104898,0.013204255589970633
2023-02-28,0.001830251757102844,0.003059507875970032,0.004117751568891462,0.006130304590864145
2023-03-01,-0.015526703283228584,0.00018013920822716316,0.004171023112201004,-0.010024983259249567
2023-03-02,0.004135525301434651,-0.0023513471616299205,-0.0035526051529190207,0.001113229878701456
2023-03-03,-0.012192393164870873,-0.0022717569622822307,0.0043769507620842335,-0.012867121371950181
2023-03-06,0.0024980635837977016,0.0003984598433192024,-0.010605178435069739,0.003993491835933835
2023-03-07,-0.012017034892722774,-0.002138856001381958,0.010143930220060313,-0.013122596463155885
2023-03-08,-0.00887294539799126,-0.003004606973848322,0.0048254476182168484,0.0009997217864667948
2023-03-09,-0.003126304682873638,0.0013910719818680214,-0.004424607945938373,0.007757221424452983
2023-03-10,-0.0021327108954028217,0.0014889968057372894,-0.0030950096297403425,-0.0022305037045333613
2023-03-13,-0.005710233508427932,-0.0006162730677877065,-0.009179197715262936,-0.0015818850228497823
2023-03-14,0.003341073067270969,0.0007073185823034179,-0.002508492924607978,0.011163642909851404
2023-03-15,-0.0019842328947381753,0.0004962432883910012,-0.0021241982025240725,0.00926312794711548
2023-03-16,0.00889136594151962,0.0013248387719381712,-0.009103919999499513,0.01585709050447667
2023-03-17,0.0032299050226359985,0.001329499807879599,0.004450629628639971,-0.008301834136598836
2023-03-20,-0.005006589086080156,-0.005091577175054452,0.008772485367071868,-0.005947932531521855
2023-03-21,-0.011057215797769549,-0.0003609979169647886,0.0011748559029067193,-0.002111291759244087
2023-03-22,-0.017310315757073102,0.0011558083763562664,0.0005602387066358336,-0.013004530465410452
2023-03-23,-0.003813234778047226,-0.000700913182078029,0.0023874178226705525,0.012868219490803169
2023-03-24,-0.0012970611497910016,0.00019240527851965334,0.000530859413819075,0.007882349489132242
2023-03-27,-0.024786389823811927,0.0016213999633561552,-0.0031206113345013738,-0.019500412674352516
2023-03-28,-0.004223724725237644,0.00028185046650432464,-0.003022852841284877,-0.004009403817881563
2023-03-29,-0.006796341588475908,0.003135838834469733,-0.00039222010099400004,-0.009833839201444018
2023-03-30,0.016188156846213504,0.002373972504562242,-0.0004680451825702153,0.00909599816603814
2023-03-31,-0.018737058248547964,-0.00011712830594286798,0.002524771433314777,-0.01174009935092815
2023-04-03,-0.012967642052028557,-0.0002760923414495573,0.003378039859563668,-0.0030149625498433865
2023-04-04,0.015200568050314545,-0.005580648210402729,-0.010477426917896226,0.0020020207691628994
2023-04-05,0.017553812457128615,-0.0005330043937810518,0.0023296762019332238,-0.006812889737711615
2023-04-06,-0.0035428771664499205,-0.002586537785421053,0.0011962222713306897,-0.01398065100738046
2023-04-07,-0.004476292988823679,0.0005624590840012454,0.016339570185692955,-0.009811950359936518
2023-04-10,0.0027307994024436816,0.0004257414222400035,-0.00298772400640545,0.0002881334643034402
2023-04-11,-0.018588033296334634,0.0015117115120535556,0.005252335696532403,-0.013197682317064174
2023-04-12,-0.017024806846790527,0.0029133409438963824,0.019657926447333513,-0.017864283645558157
2023-04-13,-0.000645015781837873,6.746114065606328e-05,0.001713539868167534,-0.008695223966919076
2023-04-14,0.012250484730605785,0.004680832623846392,-0.0023281354999304203,0.004527626060700833
2023-04-17,-0.004240370132020443,0.0005849028904398078,-0.005163295749478811,-0.009099023562409148
2023-04-18,0.0016008732058456657,-0.002500432787433266,0.009203333534411452,-0.002351060677842399
2023-04-19,0.011142937727557683,-0.0010041437502202395,-0.008315225035020838,0.0038991480417828817
2023-04-20,0.020643130742884055,-0.0006254934006156441,-0.00011156888883676486,0.01774771472149518
2023-04-21,-0.00672922121190951,0.0013042543023067575,-0.0018925864891000668,-0.009231321691252105
2023-04-24,-0.003981383869931443,-0.0017744998004586012,-0.0009432879984280085,-0.0019116511294992116
2023-04-25,0.021472852111784964,-0.00047595176561879206,-0.010833368160473186,0.008548811814959293
2023-04-26,-0.00603203096965278,-0.00020208056159217336,0.010283732351911799,-0.004396545577480592
2023-04-27,0.010790491768591532,-0.0007762416153110872,-0.0028840182807573188,0.005888085088382852
2023-04-28,-0.012936816075441655,0.001742830763359437,-0.005745811984670503,0.00022879248651924006
2023-05-01,-0.0011973340466002198,0.0014026427769307118,0.0075478058866512866,-0.0059286451432789666
2023-05-02,-0.0004562187194495609,0.0024531342702079177,-0.0025272851642334517,-0.001484699649230647
2023-05-03,-0.004398757571267205,-0.0005420503622223991,0.0034709594113309867,-0.009150819186597338
2023-05-04,-0.012286589252550042,0.0025250551352958036,0.006545685895144867,-0.013209818731560755
2023-05-05,0.0023147308157370865,-0.002607994171954092,0.0026410465917033514,0.0016763442488883075
2023-05-08,0.009747650146796046,-0.0026567686019797142,-0.014353791396013832,0.017009464316836236
2023-05-09,0.0016261095251610953,-0.002307603372182427,0.004517284080171201,-0.005594790897644369
2023-05-10,-0.00019978485460219071,0.00013842338526417892,-0.0005283353402806113,1.6983008992664723e-05
2023-05-11,0.0006491225226536498,0.0025247562331555114,-0.0025752571703129092,-0.003934993099921711
2023-05-12,-0.00668097627875793,-0.0010842841612792602,0.0008272356497161618,-0.014536564901405702
2023-05-15,0.01023162047123002,-0.0008333868099288743,-0.010488781650003937,0.0002765488269440069
2023-05-16,0.00732631348830224,-0.0003120359106186752,0.00021691230694015806,0.0028019634417013202
2023-05-17,0.02484835696267298,0.0012656562467753096,-0.011531243745568916,0.01430934743654068
2023-05-18,-0.004608411403317452,-0.0008352506067091477,-0.0010372976000843517,-0.0033856064910007255
2023-05-19,-0.006460054599190831,-0.0009468339158330026,0.0017259970214812364,-0.012435911194729421
2023-05-22,0.010199969885805366,-0.0025707905267153813,0.005576118601301128,0.0014288077218727623
2023-05-23,0.008734425063652627,-0.001023442222354242,-0.0058534695871896745,0.00851090710456852
2023-05-24,-0.00314467858218476,0.002474923505870665,0.009601891888134494,-0.011180519503640511
2023-05-25,0.0010778813516134,0.0003018520169569534,0.00639538913494645,-0.004330799033729734
2023-05-26,0.001905650541006644,-0.0013597090204958303,-0.003136985086537571,0.005506186840402061
2023-05-29,-0.00890433697109022,0.0025922879454578687,-0.005365256873423824,-0.009567382248770386
2023-05-30,-0.003021005845631047,-0.0010504270041203744,-0.007938676209562257,-0.00019721774752950788
2023-05-31,-0.0006866048069678137,0.002959911158964931,0.0016795728732514495,-0.008222323241889047
2023-06-01,0.011512857769217674,0.0029272139558002013,-0.005598222121754932,0.011945111151973456
2023-06-02,-0.005803585208327819,0.0002320232527493373,0.008182348963532673,-0.0012741668833689311
2023-06-05,-0.019359058580767616,-0.0028770990547433753,-0.0014199239552282156,-0.010933029689736432
2023-06-06,-0.01685206218210091,0.0046990012306915106,-0.0026466192991622495,-0.004985655887529684
2023-06-07,-0.010623701287934835,0.0008945521125290924,0.003271965747519162,-0.009570396675668329
2023-06-08,-0.008814463275110443,-0.0005277740494411803,-0.0021735047233866246,-0.011640093299431076
2023-06-09,-1.2074118136907964e-05,0.0020322558295501115,0.0004300244843496973,0.007601217925278051
2023-06-12,-0.009116482208298936,0.0015246055740426947,0.007690924187707894,0.0038946498457438595
2023-06-13,-0.005163919586369162,0.002741876699772881,0.0018220951857709704,-0.008247982483580163
2023-06-14,-0.007331440528714239,-0.0012046955773597926,0.0019408027089421118,-0.0052192004980338045
2023-06-15,-0.0059132280929657345,0.0007569468255487846,0.0019955658655953,0.003835055736226367
2023-06-16,0.012969054038686229,-0.002251740460489874,-0.011773974789268574,0.008202907277731035
2023-06-19,0.0051581540072237276,0.0014526687914824684,0.0016273972538517441,0.008077800865840156
2023-06-20,0.005414632598807081,7.410926074562517e-05,0.0011078147497327717,0.00512403690116912
2023-06-21,7.731035909211339e-05,0.0006820185109736243,0.006149769440684656,-0.005938293020998544
2023-06-22,-0.0018005765125523657,-0.00017269944768094045,0.004389728893263793,0.00012628224367652223
2023-06-23,0.004285119047446502,-0.0003819776411767223,-0.0014841495240682165,0.00236764659363766
2023-06-26,0.00519364450722708,-0.001616462348029428,0.005575729100038548,-0.0032809463982431462
2023-06-27,-0.011751928748946807,0.0017008604293684672,-0.0003605005524405136,-0.011315906167004182
2023-06-28,-0.00012018986943781345,0.0030994080734828757,0.0016036936043870174,-0.0033446727860085533
2023-06-29,-0.01778037601775147,-0.0009933367178201705,0.001045789834818949,-0.006888084177761444
2023-06-30,0.00279379348086936,0.0012270810099421897,0.0026547332209089633,0.007441945814154726
2023-07-03,0.008467952278675651,0.0009843672493204847,-0.0031178401724707987,0.009641017734269427
2023-07-04,0.00044337295170517694,0.00013619562269771737,0.010433402299938586,0.0012162318702441926
2023-07-05,0.014472280750182344,-0.0029331914667294337,0.009821864978564692,0.0142610779186213
2023-07-06,-0.009780372848551487,-0.002483194702221185,0.006603301429154697,-0.003546439521518136
2023-07-07,0.0065095337769588285,-0.001441963902303141,0.009124235335824769,0.004155456948940351
2023-07-10,0.002190522047585847,-0.004158009447143863,-0.009016923477155242,0.0029664795979896953
2023-07-11,-0.0018749918333906385,0.0029360614598112297,-0.008222864608601365,-0.008718408299257758
2023-07-12,-0.001150533018899439,0.0008554064583594272,-0.0016050284729808688,-0.005121712534095341
2023-07-13,0.0008558034300605493,6.007790320175649e-05,0.00027279400104047785,-0.005158768057832585
2023-07-14,0.007926351058017447,-0.004260471638535657,-0.002163988812273989,0.012325010129745361
2023-07-17,0.014017675403188537,-0.003527741710040801,-0.011542755416768625,0.018944338910032565
2023-07-18,0.007784726037762078,0.00011531722362608334,0.007082588068022492,-0.012688464062849241
2023-07-19,0.008107114333032656,0.004060979930967954,0.011994512702709915,0.014865378925911254
2023-07-20,-0.00412810806512529,-0.0012772883917461636,0.008803311452495893,-0.0035608035202915516
2023-07-21,0.002034168955965668,0.001847596028824876,0.005649099751538414,0.011241838267127479
2023-07-24,-0.008112623692779417,-0.0008398048153499217,0.0025554061880400554,-0.0014217436726006605
2023-07-25,0.013702384432943006,0.00023047851857773313,-0.006360375138081801,0.015853527918954755
2023-07-26,0.021302714070609,0.0025493676977858632,-0.002379196868665067,0.015525492127722383
2023-07-27,-0.014066098746337036,-0.0005719032603330883,0.012968341469810402,-0.00860985524709727
2023-07-28,-0.017510821810318086,-0.0012602098161042664,0.0010180050375476653,-0.014107073294725932
2023-07-31,0.0010218367846829002,0.0029561411082495276,-0.0018198450270631391,-1.892320280154911e-05
2023-08-01,0.00529915345024435,0.0002111156422271907,0.005150790523332924,0.006805046736816458
2023-08-02,0.00973585411016374,0.002302410181172326,0.006465462641989494,0.007770774091175065
2023-08-03,-0.00587564450380252,-0.001250497786769374,-0.005253444192860111,0.0015139713398100222
2023-08-04,0.012092012038753791,0.0029333484179219515,-0.0027606099599635676,0.003121554727826265
2023-08-07,0.004534135075199076,0.000667254549069222,-0.0034954451183939767,-0.0031238136326041874
2023-08-08,0.004109613041326377,0.0009895752524293174,-0.001055792728692492,0.00566077638574209
2023-08-09,0.009813226571542228,0.0003832586228583494,0.005550898062235526,0.007359799061077972
2023-08-10,0.017347823322088805,-0.0008909499639930032,-0.006708460737963441,-0.001829637973292865
2023-08-11,0.004520825766621008,0.00011663437901005653,0.006223614160148176,-0.0020800431356807385
2023-08-14,0.010101817524624431,-0.0007651804759787325,-0.0004421926984889878,-0.0059370180392344755
2023-08-15,-0.003799171994789253,0.0020390921252895714,0.014541774366551479,-0.005297349684308686
2023-08-16,-0.01079731656969412,-0.0002861143341373247,0.0028949574018298993,0.0037346852929016038
2023-08-17,0.01763650083078195,-0.0028730144555877994,-0.0027156477323412053,0.003975937844266517
2023-08-18,0.007395103845243079,-0.0032388474699785678,0.0033264120496603257,0.005921047936000911
2023-08-21,0.010832667655443787,-0.003333436304640849,-0.002939466191237472,0.022503698328806908
2023-08-22,-0.004649967359101528,0.0013559415151078828,-0.010768687759566329,0.009840790878335857
2023-08-23,-0.00962332407991248,-0.0021830086227468885,-0.0004813309168846361,-0.002553968318448504
2023-08-24,-0.0022390571921504098,0.0007201715516771337,-0.001382588559401592,0.005559798958048024
2023-08-25,0.008345019806068997,0.00039314903498282656,-0.011322496687285284,0.0011686654973158475
2023-08-28,0.005329730427182933,-9.417189819554275e-06,-0.0010177852390441788,-0.005602475452502954
2023-08-29,-0.014023011022032562,0.000996810406764739,-0.009922172582020264,-0.010270092251825527
2023-08-30,-0.006027959958912495,0.0004366070741810524,-0.0016255409945550665,0.001375623304380694
2023-08-31,0.01857202951216899,-0.0052994594855619,-0.0007745206678833269,0.018134876599535128
2023-09-01,7.914007541043777e-05,-0.0005272504816969804,0.001040602826326835,-0.004419493078062614
2023-09-04,-0.017648785600138734,0.0009702062681268621,0.00013422939652023465,-0.009842642851755462
2023-09-05,0.016719874010850937,0.003400565621509997,-0.002898798407008862,0.013220877317479868
2023-09-06,0.0004921290613560383,0.003492915233164995,-0.005455616513114254,0.003850708178361791
2023-09-07,-0.0014269021981764259,-0.0026063010271705133,0.0003294164759324892,-0.0005359302673246497
2023-09-08,-0.00312060470234764,-0.0005794505986255463,0.0010199323832614181,-0.0071281587531543955
2023-09-11,0.010447410153810188,-0.003012229627415996,-0.006692674972627902,0.008837061607997711
2023-09-12,-0.0035412198659752108,0.003159770150220166,0.002507872793359946,-0.001904195540254543
2023-09-13,0.011267033050335612,0.0021457124162971015,0.00018856975738613816,0.004933944878714515
2023-09-14,0.004286726479721292,0.0008211757737263494,-0.0015592231172141722,0.007750475896204216
2023-09-15,0.0032607221570490996,0.00045218972252042015,0.014365961618312988,0.00804848566116408
2023-09-18,0.004515729227951102,0.0028812622006989482,-0.0008706593073089053,0.005321001049467026
2023-09-19,-0.001661206550356536,0.0025426503895202776,-0.0012691986226739682,-0.007016958551663669
2023-09-20,0.010563545754378421,0.002436089393312242,-0.0037759728175289047,0.007525407358490324
2023-09-21,-0.008146598676908864,0.0010333597195645193,-0.004487422515120923,-0.01058024921942227
2023-09-22,-0.016337602890910595,-0.0005784565990283252,0.006474983080281202,-0.009298799821231317
2023-09-25,0.007298600106785084,0.001654249664035115,-0.004776975974021542,-0.0012342474078968942
2023-09-26,0.004215467120093713,0.0017520838105102292,-0.004089860624877166,0.011979781490951746
2023-09-27,0.005680611075582471,-0.0002612749391839196,-0.0037077749131224735,0.008065508074943183
2023-09-28,0.003954321441092486,-0.0005824978376684829,-0.006290094394075419,0.009826624560647979
2023-09-29,-0.00359666743459836,0.0023866265391164197,-0.00990377048451265,0.004630928157646426
2023-10-02,0.006302915843029744,0.003448232217539213,-0.00367074085387562,0.003677542768186819
2023-10-03,-0.0017343861180379285,-0.0013787915618295324,0.005471515347392377,-0.0025006746597181608
2023-10-04,-0.009121425563603644,-0.00040675335089594884,0.002009482139891954,0.007721527539065297
2023-10-05,-0.0014583365248135225,0.000821866152909396,0.00995450489267354,-0.0026156331682435094
2023-10-06,0.019080397764817448,0.0010931979954972213,0.0019478742365877286,0.004942546247455746
2023-10-09,-0.012865773981063412,-0.0009247327184825886,0.005656006572405602,-0.004545548914891274
2023-10-10,0.0031037222317418043,0.003887041260688088,0.010791180195116963,0.0043513190666458566
2023-10-11,-0.009225842972183452,0.0009641905310903424,0.0018539255072727503,-0.0012027309501555228
2023-10-12,-0.0019133078884556584,0.001182766816941106,0.0006945690477657276,0.0011159480364503604
2023-10-13,-0.006327976292971776,0.003637768163023508,0.0006866105749973271,-0.0025118620805516605
2023-10-16,-0.021546309429646894,-0.0007781232504891801,0.012247508587619135,-0.00363895341643509
2023-10-17,-0.00150042889578512,-5.686375288455589e-05,-0.0003401088483310344,-0.006439861250489216
2023-10-18,0.0013775411174496207,-0.0023866444580432577,-0.003206612860503161,-0.005566413619428877
2023-10-19,-0.01457965491074521,-0.00022470094450715645,0.00652998179023479,-0.018209177789267086
2023-10-20,0.009558348305622542,-0.002857855047870726,-0.005860975788887409,-0.007541199699561917
2023-10-23,0.010426789178573074,0.0016156987083863442,0.001433570735398489,0.014619597489429908
2023-10-24,0.019044922125346506,0.0009599935001399845,0.0006413777427506377,0.00638327287257077
2023-10-25,0.0023754504812982724,-0.00043413861407708035,-0.0014510072017184616,0.008033633825983717
2023-10-26,-0.00019255424648591767,-8.084741563569565e-05,0.0035026909454418543,0.0029646852204434516
2023-10-27,0.016465186829370402,0.0016429328303779812,-0.010549751020059436,0.012350241511409626
2023-10-30,0.0173181840215035,-0.002151592173779796,-0.001123445112259217,0.008206619702598734
2023-10-31,0.017005427742144405,0.0005283357349050465,-0.004136910056882485,0.0028959939642061467
2023-11-01,-0.007527671639111149,0.001519019612917489,0.01861465722671736,-0.005053121642729422
2023-11-02,0.0008210112801981227,-0.0034445481548144837,0.0008331348660011023,0.007123481675103022
2023-11-03,0.0023202306482434697,0.0014898760114040387,-0.004001699093494052,0.002806659676133548
2023-11-06,-0.021627541251826945,-0.003228124926523134,-0.00565682750828023,-0.015272204839972301
2023-11-07,0.003588458618168353,-0.00011518896770306511,0.00736880029027755,-0.0038971363927792755
2023-11-08,0.024090706450296644,-0.0022067822081904527,-0.0049987352822148425,0.015884826595613112
2023-11-09,0.007755928010175329,0.00298249315858003,-0.005442026226283584,0.0010471926349737582
2023-11-10,0.013521641752657023,-0.0021942421083046954,0.000198687624107987,0.009192058888744624
2023-11-13,-0.0011385707602906423,-0.0031803797839307655,0.0038213781027601696,5.969010631888538e-05
2023-11-14,0.0002216541381838184,0.0003867042831926312,0.0040725623366353325,-0.002787861289205347
2023-11-15,0.006669883626314899,-0.0007074059600416458,-0.0002262138382531472,0.004504831122067218
2023-11-16,-0.005850282062449939,-0.0028892104573278662,0.0022265067960993037,-0.0014726833774372826
2023-11-17,-0.00797377117620942,0.001171630398309699,0.002863318956850641,0.0060598899883280545
2023-11-20,0.009205868054680672,-0.003862998124899359,0.0004788664415945967,0.012865524998274074
2023-11-21,0.015152626528134702,-0.00195248194516625,0.0008666490125390945,0.01854785073690391
2023-11-22,-0.018115671296518695,-0.0010304365408415693,0.008074710033876198,-0.010815572016610726
2023-11-23,0.010060526367580215,0.0017244447843102807,-0.000798309213992615,-0.0031672761556727977
2023-11-24,0.007128326162379608,0.002710936734026304,-0.004613423627914044,-0.00029442938063888046
2023-11-27,-0.001266842991581666,0.0023255644946551454,-0.0011544917941862872,0.007628957484184308
2023-11-28,0.003617859390811472,-0.00018654758092446556,0.004071389749172645,0.007446347737397475
2023-11-29,0.009125421242744687,-0.004734616489590312,-0.011891540882276903,0.013872697383142655
2023-11-30,-0.0004432846254010315,0.0009017060424371169,-0.010626182744747071,-0.014358147482173149
2023-12-01,0.01600058068539436,0.0030611474784492266,0.003775938034696333,0.01674188193970744
2023-12-04,0.004402068600905225,0.0025875808156271365,0.00887302956743207,0.004302076649065368
2023-12-05,0.00627455956986775,0.0010458980194874396,-0.00826384897795071,-0.004991719154192022
2023-12-06,-0.004907545640327377,-0.0022590055286769053,0.0018976601235726528,-0.0005683812463118179
2023-12-07,0.01967818322355873,-0.00093061400725683,-0.005141460341953615,0.014956447228438231
2023-12-08,0.013968017775315238,0.003987628797491349,-0.0020292443197764474,0.005587272807659593
2023-12-11,0.007071017629076116,-0.0027134590693282676,0.00104063952832261,0.010826538681566293
2023-12-12,-0.013687826005434759,-0.002175682456300772,-0.005416170528928913,-0.007209918400048415
2023-12-13,-0.012335722356431735,0.0020051031023305683,-0.005362657271797621,-0.013679973336216449
2023-12-14,0.009710602209358304,-0.0007423184896110556,-0.0033086500162176373,0.007280509615190549
2023-12-15,0.006224153110032871,-0.002243510244409244,-0.0010895565970599776,-0.0075584569798619414
2023-12-18,-0.02103038816453995,0.0031759423574460313,-0.004002127992085979,-0.007822441046068879
2023-12-19,0.003071937837948507,0.0010421119562902797,0.0035061946446069492,0.015269048002102298
2023-12-20,-0.004597098825611786,-0.0006436023287543564,-0.0016012590527900235,-0.010534543442736112
2023-12-21,0.01701408639531534,-0.002171549671799031,-0.004266183567334634,0.005202514447828823
2023-12-22,-0.00046337742134492006,0.004214813127719876,0.001984530907494399,-0.00550758070193632
2023-12-25,0.0010339863663057388,7.109636250678499e-05,-0.0008798036825327113,-0.0010937795097006832
2023-12-26,0.005235127394101896,0.0029146561249389883,0.0036032721963361533,0.010241952794320592
2023-12-27,-0.006520674369585379,0.00190726708921888,-0.004218919716150206,-0.007972620448991325
2023-12-28,-0.006751795943856321,-0.0009218031233264682,-0.006873976391805024,-0.0019997538531596687
2023-12-29,-0.006913683280886267,-0.0009058822299795622,-0.0014234525152542006,0.0054943385719477735
2024-01-01,0.011048152542682654,0.0030126297958678393,-0.0005852662418785725,0.01216174420558936
2024-01-02,-0.009480808695845087,0.003045034665239955,-0.005477851373556911,-0.014753613263682876
2024-01-03,-0.011415363571359832,-0.003633831952241469,-0.005904674660351274,-0.0018530443124649687
2024-01-04,0.009364063618894155,0.0012195605219643849,0.00015176344251879338,0.014325875549633323
2024-01-05,-0.003265756686669078,-0.00012242960944723927,-0.003562662681924317,0.00585731621825089
2024-01-08,-0.0017678714201773307,-0.001946646325877012,-0.008015565184599137,-0.003077912799703958
2024-01-09,-0.013905876652957904,0.0006434921894343948,0.0084687417965036,-0.01586896037208471
2024-01-10,-0.011367087136539594,-0.002579193581972789,-0.002704145963187378,-0.009843016829297994
2024-01-11,-0.0043712839705449,-0.0008129107092922,0.0070790854736442,-0.006318353288225165
2024-01-12,0.006365377018036714,-0.001476947465539935,-0.0009151853611343413,0.006271522943013432
2024-01-15,-0.007130532011129409,-0.000879582528311997,0.0029797138967485827,0.0005683610916643262
2024-01-16,0.016280795852017006,-2.2956987323981864e-05,-0.003336456238894988,0.018620820203388795
2024-01-17,-0.004986959257931656,-0.0019111333238109728,-0.014836822834631452,-0.006886045650506852
2024-01-18,-0.0025965087798984782,0.0032663580577465953,-0.00572854501418224,-0.004195607952468334
2024-01-19,0.017481703862821274,0.0011065664667882506,-0.0026596894533743795,0.00940022725654748
2024-01-22,-0.0005140139536061244,0.0037091260567641096,0.0020729036180649396,-0.0021394825392981563
2024-01-23,-0.004052494230952776,-0.000200159938156039,-0.009822810750163094,0.0012767413857907826
2024-01-24,-0.003739692823790855,-0.0009775799245942181,5.781947993103401e-05,0.001539750753301615
2024-01-25,0.011812921082817833,0.003636831228986056,-0.008390233852965969,0.00971530258923261
2024-01-26,0.014361199483776621,-0.0010361194797479701,-0.00040165281595674505,0.011726910398817344
2024-01-29,-0.017377274842847377,-0.00023658404397824945,0.0011562660778158952,-0.0011130895416577098
2024-01-30,0.007051827828207079,0.0015600948209946294,0.004688295258184237,0.0037052891112839474
2024-01-31,0.002710637481200583,-0.002355451616594557,0.006449225863773889,-0.004122951722425433
2024-02-01,-0.010463270820889594,0.0015425893695873,0.0042553635448415806,-0.0004953414037968873
2024-02-02,0.005480943791840736,0.0012866941323292054,0.00540753635490094,0.0015213808743883921
2024-02-05,-0.0007943877673932786,0.002658650636075665,-0.0019392407171528263,-0.0022341631490358778
2024-02-06,0.010859443467914794,0.0019000890060202821,0.015569421671038277,0.008928697865978455
2024-02-07,0.009605477823607926,0.0027199567057551418,-0.008772938367189408,0.010013642538710885
2024-02-08,0.002193090927098946,-0.00010084380101682036,-0.0025521019796712666,0.004756682793322993
2024-02-09,-0.002040532413664946,-0.001605340637414121,0.005866988240693452,-0.007284838577234195
2024-02-12,0.006627083020719247,0.004339970828166725,0.003789533221390847,0.012474947624875662
2024-02-13,-0.001455349581266765,-0.002933391231043934,0.0038843385209055585,-0.0032076890903812074
2024-02-14,0.007253179738019854,-0.0027330261577476157,0.0034272477431131535,0.0010115134514540446
2024-02-15,-0.0007542025817251483,0.0012502560810176626,-0.012212669169687804,-0.003434359469568861
2024-02-16,-0.005193414282575196,0.0033699720963546996,0.011014480247174144,-0.011775417589808787
2024-02-19,-0.000796080727632961,0.0004991016918283301,0.00023838380918783284,-0.01613356059368223
2024-02-20,0.014175759610678181,0.0021186073994044117,0.005691835853983123,0.013520869067151163
2024-02-21,-0.000857513048671988,-0.0038716054549439174,-0.011819990476964281,0.011239863083929005
2024-02-22,0.015475068095942044,-0.0008790899243622743,-0.0005050670058755734,0.0009685386985444685
2024-02-23,-0.0004914378439396377,-0.0036278956142865187,-0.0025176047229039634,-0.008598475938086084
2024-02-26,0.0010232536050846731,0.0016808219164573198,0.0032095938879603044,0.006684091902000408
2024-02-27,0.020899137828029185,-0.0029744626531780292,-0.001157690861261551,0.01514004190298638
2024-02-28,-0.013928809549349436,-0.0024356376920652944,0.003793758890290497,-0.0013150210377277632
2024-02-29,-0.02043193408701791,0.0011480504099228056,-0.003621600554524251,-0.01222655448826161
2024-03-01,0.010225911173491187,0.002243648704035459,-0.0019087114021494307,0.004961752831511301
2024-03-04,-0.00740909293071893,-0.00019793621645843327,0.0002051900047046032,-0.00622395002801515
2024-03-05,0.0053208927003542544,0.0012603450082170195,0.003169813841788011,-0.014082986627405052
2024-03-06,-0.003465285479288591,0.0011955763337461844,0.00689677155671044,-0.010212190799735774
2024-03-07,-0.00012277050197153673,-0.00031085371888494424,0.000710835777762011,0.007719101765330701
2024-03-08,-0.010538767320764024,-0.002069410965772498,-0.00620380985063084,0.0015030209598028933
2024-03-11,0.0027047852587422086,0.001249782813769285,0.0010583919760430716,0.00764337377688907
2024-03-12,0.007628168984896384,0.0013461913815501654,0.015229206679604252,0.005819052635994361
2024-03-13,-0.008790330245795747,0.0019080488061805176,0.01140724895839697,-0.01954875922924547
2024-03-14,-0.0074283356634294966,0.0007441328481577949,-0.016731283936524243,-0.00788056856189195
2024-03-15,0.000448353004727143,-0.002216999826958653,0.001019025747527086,0.006099422207621043
2024-03-18,-0.01563932028821056,0.0015006803227383602,0.007691617987737541,0.00107678819647577
2024-03-19,-0.0024269576510161477,0.0001172378395433175,-0.00035350474862956885,0.0058537522664113585
2024-03-20,0.00808714583180611,-0.0008454748886466861,-0.0027509208497322186,-0.00032909658723051527
2024-03-21,-0.002779873427541483,-0.00046927167438742443,-0.0008923942193565516,-0.01001661353145449
2024-03-22,-0.004569216874170333,-0.0012605143567807594,0.0038494951780657415,-0.0016134614452207544
2024-03-25,0.001251991069855345,0.001897687557708858,-0.006693952590526163,0.00030346158267008724
2024-03-26,-0.007111717318936868,-0.002716229467160041,0.008187385583939848,0.005602205107225141
2024-03-27,0.0022372155615416507,-0.0018669718696128366,-0.001098892414108699,0.0060604419656945935
2024-03-28,0.015226911203832303,-0.0005375457693433895,-0.007378716113151693,0.009486749259535814
2024-03-29,-0.0006259203281098694,0.0033475016964779995,0.007543014497856029,-0.002144625581970573
2024-04-01,0.003634064067081645,0.0022285610981856974,-0.009755803043164753,0.005795901836885673
2024-04-02,-0.003088261421200642,-0.003161681606494451,-0.0028377774221727296,0.0025890524371311348
2024-04-03,0.0006046899319810534,0.0028226941775049723,-0.0037534583075129677,-0.0017046543303653964
2024-04-04,0.013842208979426588,0.002818840433967368,0.010919849262292393,0.003858688678827089
2024-04-05,0.0030908307383933162,-0.0022280166520452865,-0.004626814994911092,0.011767906249442213
2024-04-08,-0.018793828909396893,-0.00492291654119289,-0.010365681695607561,-0.020678759361115087
2024-04-09,0.009962467174221449,-2.4443244694484872e-05,-0.003933784794128243,0.013026657233344476
2024-04-10,0.012695252140029605,0.002364848818599644,0.001238936030961507,-0.003357030600675442
2024-04-11,-7.718020589486674e-05,0.0033025239396004043,0.005173662108999063,-0.0045633026679741725
2024-04-12,0.011810911961857773,-0.0016216545287225004,0.01248513117239756,0.012443623102043026
2024-04-15,-0.0036979312200880973,0.0036239582093259308,0.009543041406470415,-0.004005676574787618
2024-04-16,-0.014409182294090607,-0.004335864791633402,0.0033030134288459826,-0.016917757527561368
2024-04-17,0.0022881790384081634,-0.0006161012276585752,-0.0053690709808727295,0.0037879337434016096
2024-04-18,-0.016415381939498805,-0.0007144213384314943,0.012285408161091676,-0.01032377728989889
2024-04-19,-0.0006425482417123456,0.002424674049848606,-0.00171769043455104,-0.002466847111881495
2024-04-22,0.012806653021684019,0.0027166049318795597,-0.005516180471859058,0.004703572509969219
2024-04-23,-0.018135846934309134,0.0020284473108667907,0.0002457371098330595,-0.01189914230338517
2024-04-24,-0.015303367331990479,-0.002581100097491789,-0.005616408758897096,-0.011212359485971688
2024-04-25,-0.008649579035557674,0.001845238063597844,-0.001226877016057724,0.008445392868577015
2024-04-26,-0.0009826872008205363,0.0011380839371869839,-0.0011431681692606968,-0.0014990180270796848
2024-04-29,-0.008762567813942159,-0.0032224687705591816,0.005047657295495091,-0.004206557472485781
2024-04-30,0.014315212741930938,-0.0040140276576033735,-0.00404736412589583,0.005904742331758616
2024-05-01,0.011685161298553603,0.002195978580041552,-0.008723125695304885,0.017014099530306852
2024-05-02,0.012242525940244232,-0.00024019860195848908,-0.010121251408732806,-0.006374181707141232
2024-05-03,0.00033708031913298004,-0.0024503641849097507,0.0012308175607744518,0.0034140655117629805
2024-05-06,0.002122932303216242,-0.00029634385741753716,7.48949218858315e-05,0.0013816077637459837
2024-05-07,-0.0108861042891381,0.0008480821622264053,-0.001992200087605951,-0.013630889466326334
2024-05-08,0.00854081890147053,-4.5702253335094104e-05,-0.0037919727402538515,0.0008259672602279585
2024-05-09,-0.009201443747557743,-0.002983972306252173,0.004002181340179941,-0.004764154839027968
2024-05-10,0.00528450394075983,0.00389111380712822,0.007385518580368073,0.0004165157436475265
2024-05-13,0.010350492873057959,0.002128435937975784,-0.006112159882724349,0.009370081332668891
2024-05-14,-0.003838215581875286,-0.0005507549033469346,0.00041874980447367816,0.01204336636527306
2024-05-15,0.0013932127128419571,-0.0004701893118045753,0.00615751005363061,0.0002534617918435652
2024-05-16,0.001490751395770559,0.0008389747894263521,-0.005027104117401558,-0.005859122448796033
2024-05-17,-0.025657634385144994,-0.0021392427914806635,0.003939257112256076,-0.022768343302715578
2024-05-20,-0.001359756297524186,0.0007653528730739374,-0.00046602221348137,0.0005317923439868328
2024-05-21,-0.0025672467789429835,-0.0025414648737215315,-0.007544743513177375,-0.002487540900358738
2024-05-22,-0.0010944264780655007,-2.1068433690332015e-05,0.0012493407212206742,0.0009331259584364664
2024-05-23,0.0065249200751979555,-0.0022171429997137177,-0.0005945508207854785,0.006665812483724713
2024-05-24,0.000966277252484985,-0.002116167964653429,0.0036014435416887296,0.01025212352485537
2024-05-27,-0.00574463645940176,0.0034114452272364193,-0.005412039591485212,-0.006865621187429657
2024-05-28,0.0011255087908796663,0.00023845178856910827,0.0004207159171816093,-0.007464003507455342
2024-05-29,0.0036944929861661546,0.0005348129708023353,0.008369204478425738,0.0076884363312005955
2024-05-30,0.00557271753405853,-0.0039027597221626457,0.012479838210839355,0.008642231103646522
2024-05-31,0.003366397950133705,-0.0010740035170420956,0.007632184467994813,0.0027547505779317444
2024-06-03,0.009444199817409994,0.0010424242374086944,-0.008295577244541502,0.005409658611733116
2024-06-04,-0.00654697525854216,0.00050827253189501,0.004342462738857857,-0.0027667392688207598
2024-06-05,0.0050003319633686195,-0.004188059642707411,-0.0029660750655892297,0.00018043399176137444
2024-06-06,0.013755064801462274,0.0005342758333141624,0.00013199846564490082,-0.0038676964713699885
2024-06-07,-0.019775386263543065,0.0008531176070993787,-0.0021215747137963287,-0.007207206732869528
2024-06-10,-0.0007075603322634605,0.0026875239963973993,-0.010353363670166872,0.006825282950761804
2024-06-11,-0.005892968829848843,-0.0011904622378766856,-0.0011068424545353874,0.005298638819845804
2024-06-12,-0.0007975303980502463,-0.004364137440271342,0.005006075198698783,-0.00638002607989595
2024-06-13,-0.008007306786141477,-0.0018735415036103106,0.0031194886621823377,-0.004003295375083218
2024-06-14,0.0020846494590476936,-0.0020741300777371145,0.0028165806256817204,0.0007586278382050993
2024-06-17,0.020717010416074978,0.0015934177555599486,-0.0010175931416000527,0.01245220572911238
2024-06-18,-0.007582361844563302,-0.005313473176790635,0.004304145836663504,-0.006936775045699152
2024-06-19,-0.006709868328868584,-0.0007767129201452442,0.004926044057866629,-0.006805726923354814
2024-06-20,-0.014628392845447695,0.0029715909471545094,0.00027952309599302153,-0.006591691382533177
2024-06-21,0.017194671078020234,0.00013442492566726965,-0.001664671318430237,0.01566682140972915
2024-06-24,-0.0057836444725578315,0.001912633632352848,0.011253708851671882,0.004748985002721788
2024-06-25,-0.004977950537206663,-0.0031635966671021754,0.0010567989054761943,-0.004359520604352176
2024-06-26,-0.004287459866123665,-0.0030839790264126457,0.0009691379492169317,-0.0032313406576984036
2024-06-27,-0.004325595008746067,0.0029944849156904687,0.0020622779292025694,-0.008145512853265417
2024-06-28,-0.000534129789174528,0.00032243073151450643,-0.0008199977369678304,-0.004535483216871293
2024-07-01,0.02837762056644671,0.0003265487244182883,-0.005760764650069174,0.006130746224304165
2024-07-02,0.01326032872457263,-0.0021163056562139935,-0.00045722459712265427,0.009255381537255579
2024-07-03,-0.00013303209935172818,0.00032156345790046296,-0.0017128251577353396,-0.002157586034819587
2024-07-04,0.006560730604106324,-0.002171875136680193,-0.0015773146159965687,0.003489118337895386
2024-07-05,-0.007216264065536178,0.0024937408978113,-0.0034505324960581157,-0.004952340846180683
2024-07-08,-0.019625479013380475,0.005575661419736343,0.0032161671396483023,-0.008340494557276402
2024-07-09,0.01270728647985997,0.0010878821073306588,0.0022988299262089156,0.015229636952268956
2024-07-10,0.00913446023297052,-0.0011498927709230873,-0.0026676145024342847,0.005129997756716153
2024-07-11,0.007673327341204914,-0.0049473166609893164,-0.01329244116025056,-9.95435044015714e-05
2024-07-12,-0.00018509555168843856,-0.0032489282290846825,0.004346547350779253,-0.003162791952044992
2024-07-15,0.0021736864003699956,0.003229723662054272,0.0011162502974612432,0.01059068045600716
2024-07-16,0.010344044084555144,-0.0019383836865421464,-0.0068015721975192255,-0.001901880362524153
2024-07-17,0.0026368909339680212,-0.0006216697633730244,0.004281101803519693,0.006707239208774778
2024-07-18,-0.0034956648375891533,0.0014306519491583567,-0.007689140618044074,0.004807563306539305
2024-07-19,-0.014551209574151033,0.003084579598723585,0.008628192649106331,-0.024053357783109998
2024-07-22,0.0035724312892953048,-0.000279173842327676,-0.00032793122997499386,0.003518748864745589
2024-07-23,0.014571780758607707,-0.0006893337393320694,-0.014899853465232735,0.010758224549626083
2024-07-24,-0.009473854935712192,0.0002632420570213675,0.002856721713775537,-0.008808817429194314
2024-07-25,0.011873507691155867,-0.0011352756332784345,-0.0031294793738081846,0.00048555273802035077
2024-07-26,0.0058754585103024184,-0.0010276384065859101,-0.0036186770393693032,-0.001115261435801619
2024-07-29,0.006246936186747747,0.0009437602350677473,-0.005269054724100961,0.0030945230831099725
2024-07-30,0.01053391371585799,0.0004905830356689728,-0.0017704616697798961,0.004020869458103085
2024-07-31,-0.0009323663412018571,0.004383210613117168,-0.0018036040104036219,-0.006979793280670327
2024-08-01,-0.008357767651460509,0.000997697633270859,-0.008787246268907636,-0.011913695737133833
2024-08-02,-0.0010410016973486712,0.002422291096187656,0.008522658679735116,0.0041235779312776295
2024-08-05,0.008279169218717065,-0.0020225703534462623,-0.002496467814432291,-0.0013450705730706641
2024-08-06,-0.005328114893901501,0.0011703145800605426,-0.0034899048255095187,-0.01356897513184316
2024-08-07,-0.0043181814040346034,-0.001325962693202118,-0.00566358360806417,0.003208237703102747
2024-08-08,-0.011170229591508608,0.0009109065265931157,0.0072532153663157906,-0.012286613710168716
2024-08-09,0.017275135357601806,0.0014970291962296822,-0.009986666013222917,0.009052285838775698
2024-08-12,0.008995018388434221,0.00021973768800294765,-0.00014078960477636776,0.004874693198583437
2024-08-13,0.007283257394424156,0.004934651442949587,-0.0043712535859624195,0.006446004886705776
2024-08-14,0.007925855293121627,0.0029759595382169053,-0.004288947235526283,0.00329236257400049
2024-08-15,0.004903971733958861,0.0024744906656581933,-0.0072299134739389915,0.0070088494436072474
2024-08-16,-0.0015926817408791713,0.0016485723847400274,-0.003222072640637597,-0.006972847230484412
2024-08-19,0.003880423051619652,0.003646721635460088,0.00044395588960612,-0.0025026709230649867
2024-08-20,-0.004367220616921528,-0.002753938594938432,0.0021590852502933267,-0.0156418330286389
2024-08-21,0.02407050301746914,0.0028605662359811523,-0.00810045490615812,0.023972289561997144
2024-08-22,0.0026070753004754565,-0.0018624886239990456,-0.001126087656878731,0.0027857196178287104
2024-08-23,-0.0018243107727434452,-0.0010086782381334592,0.006126857181646968,0.001438681769908913
2024-08-26,0.008489508503651367,0.0012427848881233362,-0.010434191986818914,0.006132077182845062
2024-08-27,-0.004024326722836588,0.002586440331021447,0.0014970591975548716,-0.002729591500266867
2024-08-28,0.014350654041390173,-0.0021871532633639243,-0.0075657877425084966,0.009771739155666051
2024-08-29,-0.004026559012426554,-0.0009050897553554619,-0.00525366175335955,-0.0014953709471499338
2024-08-30,0.004249117927092077,0.000315064145002621,0.0010596037439482755,-0.002270868250150133
2024-09-02,0.011377854706771778,-0.00025273200939142804,-0.004540578612158588,2.858773000335036e-05
2024-09-03,0.004604812355342578,0.001828064122470375,-0.007650256292087341,0.002157406227459925
2024-09-04,0.0012250230881312059,0.006991855231969041,0.007988164663463415,-0.003143497333910873
2024-09-05,0.0007104798405355248,0.0009586414170517595,0.005675954271435355,0.008960838174089455
2024-09-06,0.0010477969781969821,-0.0013503928763246322,-0.01134764025735742,0.0022352876654538854
2024-09-09,-0.005872743704884212,-0.0024730166612779913,-0.00789802580796028,-0.0075920888209665
2024-09-10,-0.004572841244161438,-0.0005305078271712112,0.0043375450581011905,-0.004120988238582618
2024-09-11,0.018638399403873077,-0.0017604997720575802,-0.00353669000265358,0.010459458845929488
2024-09-12,0.007354810612372739,0.0010550995839508463,0.009319972320254706,-0.0007517985228099885
2024-09-13,-0.01048526727004709,0.0010240432715684531,0.0049288433549128045,-0.0029800402995058812
2024-09-16,-0.008225091984881753,-0.0008063364090499131,0.002663794898887025,-0.0025007475934536554
2024-09-17,0.007231877642850557,0.004089910027567567,-0.0074466765698938744,-0.001071605202427976
2024-09-18,0.00597059445336464,-0.0013508946384797884,0.0022065728144147843,-0.008309105616087251
2024-09-19,0.007930304137202082,-0.00011886213579634842,-0.00824102811911635,0.0016284195535112723
2024-09-20,-0.0003439319640433072,0.0013983253317796352,0.008349120818988632,0.0020805726774584575
2024-09-23,0.00587635564189791,0.0019041097875396572,0.0019287921993759762,0.00177796935470808
2024-09-24,-0.0040052434836821355,0.002675153043086398,-0.003910175941862181,0.0037049495932422686
2024-09-25,-0.004212784751997079,0.000976992957986478,0.005348543511110683,-0.0015768885932717716
2024-09-26,0.008195872071267851,0.0022218254015759936,0.012309913276839156,0.014592944656079868
2024-09-27,0.00800821546514419,-0.0012102163440558783,-0.0023159774653974414,0.012759370012775939
2024-09-30,-0.013389837630172787,0.0019561639207007642,0.00479805743018134,0.00046168916155674145
2024-10-01,-0.01098366869034497,0.0019294583003127991,-0.0012660152067194323,-0.01227088645856603
2024-10-02,-0.00218637880851229,0.003145773349507072,0.0005353653994119683,0.001127667570563691
2024-10-03,0.01802751604307691,-0.0032168719844570853,-0.011203686065992521,0.018551274885311796
2024-10-04,-0.016304021634503698,-0.0016943662312021344,0.002752835890997951,-0.010093992187606432
2024-10-07,0.004538180056356367,0.0017662819387346041,5.571451056348781e-05,0.005419656949287984
2024-10-08,-0.017703354953565724,-0.005182728959762794,0.01282164515869224,-0.01665639681960456
2024-10-09,-0.00995967899988472,0.0011040123475767004,-0.009743671834960612,0.007856454324437467
2024-10-10,-0.001090209441808686,0.002239608849862734,-0.0010233223902599503,-0.006704145449197219
2024-10-11,-0.011920584015930172,-0.0010327504951008798,0.008466389570626016,-0.014275753414153592
2024-10-14,-0.000930275384133462,-0.0007403800002238239,-0.0005600044562526066,-0.005129668846803413
2024-10-15,-0.0052050878871810384,-0.002028274694479808,-0.0008677787294180858,-0.014299498628755267
2024-10-16,-0.00208726542390027,-0.0009230942394628066,-0.0041069591343417654,-0.009542860938519644
2024-10-17,-0.01562787033795826,-0.0008651370039235152,-0.003451314812023441,0.006477589474045515
2024-10-18,0.010365537658219735,-0.0012456825489310429,-0.01183794657190466,0.002972933893874172
2024-10-21,0.016600332246089408,-0.0013553563555689936,-0.004621668911515914,-0.0034836283548408
2024-10-22,0.000969035899840643,-0.00042200956977678705,-0.0069044156492033435,0.0058037854725395185
2024-10-23,-0.01158047902279479,-0.00044620863131224285,0.002958224571898951,-0.014753449796655565
2024-10-24,-0.0025342247675238616,0.003868263799722113,-0.004959548720530994,0.00741029955932373
2024-10-25,0.007564116468914822,-0.0006683702862340204,-0.003620117365630387,-0.0007386018847326268
2024-10-28,-0.009701135106611946,0.000808300432383717,-0.0011511095659525203,-0.004532170770358431
2024-10-29,0.0006719062010246922,-0.0010337659329526028,-0.00013137497878810744,-0.006484562757687342
2024-10-30,-0.0035814586367780028,-0.0010591915516829143,-0.002844173567260052,0.015201689003288017
2024-10-31,0.01912097925560387,-0.003288741075465245,-0.008687619928689948,0.014967291469143943
2024-11-01,0.01317539081920201,-0.0030227324956221867,-0.0019134709862799431,0.011591290248284402
2024-11-04,-0.011054295751275586,-0.0022939965593059995,0.008821780428583437,-0.011903194781767976
2024-11-05,0.021417592131721355,0.0004873936695201415,-0.002426004282988139,0.012730140236590148
2024-11-06,-0.012245103522589184,0.0022723473105691707,-0.0022533679058747455,-0.009991402922111047
2024-11-07,0.013810870118968926,-0.003453329053791036,-0.0018927873779037746,0.0017878613971756638
2024-11-08,0.008732453869346119,-0.0009781536026976338,-0.013443968896305268,0.016524110382213214
2024-11-11,-0.00303830413025018,-0.002613781418700697,0.0006777653090032502,-0.009248532175430813
2024-11-12,0.008303478532491916,-0.0004085541882670997,-0.0028980377362256213,-0.009328926338644202
2024-11-13,-0.003162240812753881,0.002271538987414301,-0.005285591593279887,-0.00733326891415557
2024-11-14,0.004934000638881268,-0.0007737648032159507,-0.005090935620245535,0.009398626749178886
2024-11-15,0.002639164540416354,2.4966055600606738e-05,-0.0026028146174517253,0.0002792911654499208
2024-11-18,0.01554596496829154,0.003030456792784628,0.004509691350789111,0.007072449157014329
2024-11-19,0.0021911490284159054,0.0010358018610158184,0.0066205731174333714,0.007833903830334749
2024-11-20,-0.000781988761547423,-0.001400183711633604,-0.005172120975621344,-0.00538060617241958
2024-11-21,0.0094649393362197,0.0004378305716714504,-0.004418150954087555,0.011039711001045659
2024-11-22,0.005271892576163512,-0.0015350980228045815,-0.0035690742962905826,-1.0804320116354106e-05
2024-11-25,0.010700096805922963,0.0009609640254719995,0.004039325010967548,0.008405684204735595
2024-11-26,-0.005770163997934948,0.0011506803081455187,0.0019402313233388068,-0.006193707539847111
2024-11-27,-0.01039235684648079,-0.0026143194009969053,0.00213784393073419,-0.007694450571944527
2024-11-28,-0.006603020786115374,0.0004702988347715474,0.004154000573918285,0.0016841524425756436
2024-11-29,-0.007048687932633784,-0.00011514651599183938,-0.002570371579796795,0.000916974116307289
2024-12-02,0.0030695054297479336,0.0012093547943442238,0.00729195043344291,0.004300487480085851
2024-12-03,0.006732730527667028,0.001782694102038267,-0.001158046412418179,0.0036589574968838127
2024-12-04,0.0032990882211593664,0.00107489920824921,-0.004756048786282739,0.008957564682835803
2024-12-05,0.012458473387716681,-0.00048638670675950465,-0.003139582138199915,0.012890774687581232
2024-12-06,0.014629459549554464,0.0019866600417280007,0.005714136263664307,0.006614506328773006
2024-12-09,-0.005045679306097651,-0.001626125552620503,-0.0027094413530433614,-0.0020450930064151327
2024-12-10,-0.005492092016989723,-0.002521043986738999,0.006976900685852093,0.001311466880931686
2024-12-11,0.013894331731812518,-0.0062705733691216,-0.005708833233367109,0.010957273407762858
2024-12-12,-0.0017934762279272001,-2.028190347431006e-05,-0.004341608756775487,-0.0010257272822354895
2024-12-13,0.0018783666401421665,-0.0015230928789868702,0.003957261448383935,0.0018246917908907026
2024-12-16,-0.004343920991895201,0.0009155089521507016,-0.004615368579305577,0.00022726958650056686
2024-12-17,-0.014179737696339845,-0.0038224547880887356,0.00630645844147139,-0.005605813940256973
2024-12-18,-0.010251011049321813,-0.001174357101799,0.00426241922506574,-0.00169030720992837
2024-12-19,0.00662486759606017,0.0010605398117289706,-0.00592593584360789,0.011883101295682834
2024-12-20,-0.007792436849313139,-0.001939672292697961,0.000798934958794433,-0.0014040979243379109
2024-12-23,0.024837224944754096,0.000938513497225724,-0.007253012902502936,0.027863360685653753
2024-12-24,-0.013984234791833715,-0.0009940451901360812,0.0037300586765412046,-0.006451282961629285
2024-12-25,-0.010444764153628156,5.438338044000483e-05,0.013194255810957367,-0.0034395235623549385
2024-12-26,0.009631571321197047,0.0013103160128337113,-0.0027429148834026795,0.009580611821596328
2024-12-27,0.014573320740928772,0.002025594046230626,0.0013080844465451938,0.01608890459759362
2024-12-30,-0.0033669779057894835,0.0003049848226412144,0.00022944781313174648,0.006242909725172359
2024-12-31,0.006025531962800676,-0.0015080205897574897,-0.0004581810488737388,0.007732262411669934
2025-01-01,-0.01655195564386857,-0.0007960777247593001,0.0016675582891801147,0.0004684199638386472
2025-01-02,-0.0033054730330032097,0.0013939107261739163,-0.004059864091425439,-0.007166497449451076
2025-01-03,-0.007642342030002922,-0.001922507166965213,0.003630220930030445,-0.007355103818927934
2025-01-06,-0.025812880251860702,-0.0002361331932804114,0.000995861397913308,-0.012885851714572455
2025-01-07,0.002888548719500353,-0.0006517681967229497,-0.0054167238183646035,-0.0011314273942323694
2025-01-08,-0.022995886823006153,-8.672356663792922e-05,0.009282856862663877,-0.02572244627663535
2025-01-09,-0.015964949919133133,-0.0018985650584987543,0.0025490222904321134,0.00025935424789855915
2025-01-10,-0.0052001643772414535,-0.0035838887044242237,-0.0004733821221413211,-0.009200563656562199
2025-01-13,-0.006048659196469651,0.0011614852319192868,0.00933257556701174,-0.003878211314015197
2025-01-14,-0.0011545273109968644,0.0020482628469772972,-0.011381640691177529,-0.005693793502144794
2025-01-15,0.005063950978294974,-0.0034643499149963133,0.007394391563306184,0.005989449593304054
2025-01-16,0.010534205256013911,0.0008578523218524326,-0.0063177560018301705,0.0012585558837521892
2025-01-17,0.0071123821833125956,0.002286365829690353,0.00042347719733100333,-0.0017357540285644762
2025-01-20,0.007864444213571282,0.0013118220935246466,-0.004898479790362131,0.008693181359866936
2025-01-21,-0.0027553996126493635,-0.000713340357352133,-0.00536541640270232,-0.0038764934029528147
2025-01-22,0.006008998502090709,-0.0017669927395015154,0.0076436388397081055,-0.0011931131013732188
2025-01-23,0.00026995525778500656,0.0002819561586999786,0.010616755906780802,0.0045932740132886285
2025-01-24,0.004668321658976767,0.0006155701176937615,-0.001348590445384356,0.006032373915369965
2025-01-27,-0.0038703462666449745,0.00031161502231179754,0.0027190605315538193,-0.007072727079707835
2025-01-28,-0.0030794863079865033,-0.00024026926023513134,0.0009607449313336898,-0.007701542810289551
2025-01-29,-0.012282288701209664,-0.002045303448245515,0.011656744861862585,-0.004669715909385133
2025-01-30,0.0035544015788027067,0.0009653765826177034,-0.013078085405099478,0.00623170150998042
2025-01-31,0.0011946199812677277,0.0010617089888270478,0.0025596611326362804,0.008524235554427271
2025-02-03,-0.009777794019286828,0.0005216442509233438,-0.003297473321503969,-0.010265972218773827
2025-02-04,-0.004264295772165798,0.00034198729014251465,-0.013071753622738871,-0.005739944969367217
2025-02-05,-0.010426551789008026,0.0034784989754922105,-0.0003591423020686817,-0.00023079583458004028
2025-02-06,0.007078305229637876,-0.0011287575691467922,0.0099368569347931,0.01834526766662667
2025-02-07,0.003471578285260001,0.0026828701949133116,-0.0038724289962703148,-0.005123254677802263
2025-02-10,-0.0141719704830951,-0.0013480489384436751,0.006079373065811579,-0.009528511642151502
2025-02-11,0.00851697199264929,0.0023379011459128563,0.006270493720417474,0.007720451390151873
2025-02-12,1.4266186070519861e-05,0.002586735100161087,0.0008504250775052686,-0.006657286354863073
2025-02-13,-0.008138676225808108,-0.0004661024068037652,0.002791509556934265,-0.01307634447723678
2025-02-14,0.010560420764587764,0.003441926108121667,-0.0115064375296925,0.00824052406029398
2025-02-17,-0.005538915234487555,0.0010580717734921783,-0.0034019022431216275,0.006252808688172154
2025-02-18,-0.005387499481521998,-0.001634544882281135,0.006164059517761842,-0.010092958038911689
2025-02-19,-0.0003381571985743289,-0.0006283131887784181,0.00047848155475101623,0.009589438774876896
2025-02-20,0.012114724748864752,0.0023855246122133026,0.000831553197895438,0.004089696792080395
2025-02-21,-0.0020413957985814433,0.0019661294037532995,0.0009418951354287849,0.002540986460006955
2025-02-24,-0.008319782681155928,-0.0019960808027585817,0.01494083178607465,0.0023306664318962153
2025-02-25,0.011494374591019593,-0.0001585146243809943,-0.0031473529426830496,0.0057183666797194065
2025-02-26,-0.004350557223737702,0.0005270459655530237,0.010457196385671188,-0.004500381552043991
2025-02-27,0.013158131333915277,-0.0008952091781512177,-0.0015776780283243842,0.01654297475680407
2025-02-28,-0.00384431173693025,0.004835599446749439,0.010336705472181941,-0.0007060514625813511
2025-03-03,-0.01758562282595327,0.000587327486810651,-0.0041625706133857025,-0.01061261733919391
2025-03-04,0.003237046212519735,-3.624381806098664e-06,0.0007954705333750047,0.0013633133343138293
2025-03-05,0.02033187281853421,0.00250170208851618,-0.0048173277230921276,0.017757883473173666
2025-03-06,0.012782379849430456,-0.00061042706967767,-0.0011206583744360398,0.0019029076625346562
2025-03-07,0.019170459241428583,0.002134855221234646,0.005032469286175406,0.005793882274604303
2025-03-10,-0.009452739188782347,-0.00321546479116597,0.003819533882412648,-0.014538059717110894
2025-03-11,0.006211859397819161,-0.0007873080924911324,0.006260890405592976,0.005747983519475668
2025-03-12,-0.007500946294037559,0.0022181408367544933,-0.002876633930999111,-0.013385794913199906
2025-03-13,-0.0013725584715173892,0.0032603954411793423,-0.005069797434355145,-0.0023979662340742917
2025-03-14,-0.005288493182912756,-0.0014265914260119862,0.0019851162176222356,-0.01432465192847316
2025-03-17,-0.005889247324619908,-0.0016596432724372968,0.0008081022122451551,0.005157986058471833
2025-03-18,-0.00395267801022595,0.0012548928607409183,-3.222317150427558e-05,-0.00986443630644581
2025-03-19,0.006676390122671148,-0.0011260677898354255,-0.006794839982216645,-0.0017183759526415718
2025-03-20,0.004250688629087429,-0.00041715583551078794,0.0062809387248572955,0.006874561669113446
2025-03-21,0.001989736031223581,0.0018728100494743156,-0.002380729838397534,0.012204891222154134
2025-03-24,-0.008650215162360872,-0.000968204363228024,0.010549537647650863,-0.008864057409223037
2025-03-25,-0.004166950279742331,-0.003810851503071371,0.0006671734270564711,-0.0018556442727456208
2025-03-26,-0.00912664426467278,-0.0024821688712117628,0.005067830836856948,0.0033840109239316827
2025-03-27,0.00849347454335785,0.00013991117144056175,0.002342195586244533,0.01108833329647397
2025-03-28,0.012300731477507893,-0.003606846296945769,-0.006366197993408314,0.010315054480419618
2025-03-31,0.014636014780837496,-0.0004743208345946413,0.0009470969881732415,0.0035011848215934023
2025-04-01,-0.0055357233396357,-0.002664193032487984,0.012759543883015614,-0.0016821349046075521
2025-04-02,-0.022523820065011607,0.0033998780137311966,0.005378043233692937,-0.02508376324253984
2025-04-03,-0.013544831372409525,0.0044502851895313455,0.00796305899983362,-0.01453391325457493
2025-04-04,0.009535596656941984,-0.001996394204684137,0.0024104346471421293,0.01788502586764941
2025-04-07,-0.006301290665287048,0.000633517360075836,0.0025539921182716843,0.005624049990731839
2025-04-08,-0.009808210433202963,-0.0018008074639937045,0.002302350541006381,-0.0017646568990579525
2025-04-09,0.010987505373851169,-0.0004986312041090226,0.0012363019585888875,-0.0008873624796116759
2025-04-10,0.013972819134006153,0.003726938655911611,0.0030417293524444356,0.001061178488677558
2025-04-11,0.001290188772269346,-0.0008133770954529707,-0.007975990116898148,-0.003582807623589757
2025-04-14,-0.002202139630301416,-0.0004520749244742273,0.002049911507515094,-0.002538633661735338
2025-04-15,-0.008767060461524933,-0.0017650585344553937,-0.0007561306471861838,-0.007994704543758467
2025-04-16,0.00841089576134305,0.0024123787553297265,-0.0024858308397333303,0.0002932432883476449
2025-04-17,0.011917609519415805,-0.006406533405048053,0.0057857224443899685,0.021024069301245667
2025-04-18,0.010157645085951912,-0.0007655946430632421,-0.004799208511103377,0.005406560033846564
2025-04-21,0.0023865368553983232,2.8227811729082577e-05,-0.009178753556462851,0.006226942681912808
2025-04-22,0.008286227505961932,-0.0012021546597018287,0.0033657827050703948,0.0016010691730311503
2025-04-23,-0.01693563215674866,0.001847091015462335,-0.00677330053794037,-0.01686286752672888
2025-04-24,0.008080131960094479,0.002524054567940948,-0.012416722022591338,-0.0022735486306717607
2025-04-25,-0.005754889254388199,-0.00270407902575903,0.006017273958732967,-0.011592118042614213
2025-04-28,-0.025663857224249957,0.00430697330754161,0.004519062017668164,-0.01506118815991937
2025-04-29,-0.0230710685293955,-0.002726517648707031,0.005879346645893502,-0.01076415328806646
2025-04-30,-0.00663099331545458,0.0026972613633516832,-0.0011101066731275073,-0.011865880669483799
2025-05-01,0.007115400012035873,0.0004196553970713886,-0.008853588148254099,0.004574222379588147
2025-05-02,0.006660297761299024,-0.0008874021942276293,-0.007098352694915405,0.00987090015903757
2025-05-05,-0.000197819498637944,-0.0006987338593516724,-0.001712028451274849,0.013247694309290105
2025-05-06,0.01841494945732063,5.297441867937234e-05,-0.010098190849135285,0.017253406045421468
2025-05-07,-0.015089812125944164,0.0005368357237275637,0.0037255884223346657,-0.008704307597366876
2025-05-08,-0.0010520172558594666,-0.0017203087027430506,-0.0025677126000584866,0.004595795331900074
2025-05-09,0.0013833837654808076,-0.0003478799153567807,0.0008692283283931819,0.010368803695794807
2025-05-12,-0.005033108176358757,-0.0014213456458551893,0.002094857476685338,-0.01634188946093487
2025-05-13,0.003506006125001042,-0.0023100990541477457,0.0024525562206851913,0.009410872720801025
2025-05-14,-0.011226343934264603,-0.0015146234049157944,0.005326826764747857,-0.013007201728289746
2025-05-15,0.010360719138822418,-0.002179949265390879,-0.003796776937996758,0.006012631439207732
2025-05-16,-0.002939127258904906,-0.0007203098255010375,0.002193995245719068,-0.006083739516457239
2025-05-19,0.018350346071683135,0.0009849498109368309,-0.0011563414519299316,0.015058325870759098
2025-05-20,-0.0010660596029481403,0.00036142070835592464,-0.014359501517271627,-0.0065321137628725654
2025-05-21,0.0073269476281358934,0.004068689553321302,0.002661282161868044,0.005107853253869144
2025-05-22,-0.0019595332040050458,-0.0043009060274398336,0.0011416120504595657,0.0031558551643430716
2025-05-23,0.005150247048243932,0.001058681932428377,0.0035957973650131403,0.0014577413524026186
2025-05-26,-0.004134031699516,0.00013284047704870434,-0.0067626219728338655,-0.0010544977131298336
2025-05-27,0.0017959509068001134,0.001751340684743934,-0.0018854563556188347,-0.0008533315192798272
2025-05-28,0.0022752476741155865,0.0015529304086208176,-0.006808474976852447,0.006505651489584445
2025-05-29,0.0004796092540774663,-0.00020998350027035407,0.005696357244312744,0.0017376681258515006
2025-05-30,0.0029896317238003165,0.00046530256971351113,-0.008091889291000121,0.005530856053058997
2025-06-02,-0.007454076138910401,-0.001368138425836969,-0.004578295222356822,-0.0009379614591010013
2025-06-03,0.020076131462419673,0.0013473599587089085,0.0002713382756518554,0.020461239290915555
2025-06-04,-0.001250310559317298,-0.0036377521042454024,-0.003485110654282802,0.005001059654245187
2025-06-05,0.014544705300116832,0.0016736528772986349,-0.0074864073455247065,0.0261340099957932
2025-06-06,-0.0036642789551635004,7.365311152777987e-05,0.005874406723831475,0.006415981736203814
2025-06-09,0.0038500383438992616,-0.0008541240756621776,0.005506232223479082,0.001441047321858231
2025-06-10,-0.007336012248689479,-0.00034506639889345244,0.006286268651967105,-0.013454669375446413
2025-06-11,-0.00776453765382327,-0.00019839246917676166,0.0058658060426633775,-0.004043398857322211
2025-06-12,-0.0012896281741729804,0.0027146075209610026,-0.0015036974791938216,-0.0003243407076276221
2025-06-13,0.01302455881274688,0.006586987326497025,-0.0031986630196155124,0.013400359541402368
2025-06-16,0.0008874583187629514,0.002559741648300764,-0.004018164421064582,-0.0024630459717752884
2025-06-17,0.018648880874974783,-0.0010106515717795124,-0.0006916474813146846,0.016210501304638317
2025-06-18,0.008971689651870798,0.0013795636485705583,-0.0038623742627290304,-0.003960784641093377
2025-06-19,0.017679579111536965,0.001466658332114968,-0.004625389043839188,0.0007974776207290216
2025-06-20,-0.0011244770362857004,-0.0017303214448944405,0.0038491095972592246,-0.0008426620165739433
2025-06-23,0.020853064175505795,-0.0024015985944413633,0.004050434813706344,0.010343048781933293
2025-06-24,-0.008523682067523302,-6.5618578335771696e-06,0.003214846399554636,-0.010267399202264754
2025-06-25,-0.004352935823635568,0.0017354152054028695,0.011970618667622262,-0.00831112928547437
2025-06-26,-0.00921731183277495,-0.0031036165352028573,-0.0024295220851162933,-0.01185224792751445
2025-06-27,0.02503721413805748,-0.001321795735308812,-0.014004731141858946,0.015086261418221156
2025-06-30,0.006942539013492575,0.001265303417980813,0.003351513114503164,0.0017796949776071862
2025-07-01,-0.003232424039023966,0.00020344722654116028,-0.004009938325816973,-0.004999766769796378
2025-07-02,0.011951340857543362,0.0029525472411979906,-0.0031583340914313994,0.008179648680975262
2025-07-03,0.009064922392581323,-0.002702734908152687,-0.011377163510635748,0.010757910190654571
2025-07-04,0.013484500376087873,0.004824329866898912,-0.007879533570432005,0.02155107586259896
2025-07-07,-0.011522327093444078,-0.002955984887139159,-0.006753790175276536,-0.008524741471357053
2025-07-08,-0.0022497276613467824,-0.0039383274376565205,-0.0020775834342975775,2.1490030243317927e-05
2025-07-09,-0.007138604259346518,2.174441005386177e-06,-0.0015729050949748861,-0.003673006822614846
2025-07-10,-0.023816961345639612,-0.002148917856492019,0.003374234082440865,-0.009206709141019717
2025-07-11,0.009333523707382186,4.248867191024183e-05,0.006176896059678465,0.009361377553616905
2025-07-14,0.002109569947591985,-2.7453757909333353e-05,0.0045964729397214455,0.006591587796969316
2025-07-15,0.011880734845103245,-0.0002715484242148625,-0.010561519943994744,-0.006332551183517234
2025-07-16,0.02250407604097679,-0.0015648220643935582,0.0006324005023321641,0.013799576724003304
2025-07-17,0.0029068237650782683,0.000985312305159382,0.0013174071686160294,0.0001497039562519311
2025-07-18,-0.0037192000927846304,-0.0005146742295343391,0.000151597934370571,-0.0024709675359927447
2025-07-21,0.004127888182444308,0.0023273297415095273,-0.0001263938087507492,-0.004547453923315499
2025-07-22,0.007731533510131405,-0.00024074450505661349,6.453064198992729e-05,-0.0012365417516473848
2025-07-23,-0.006444213745643795,-0.0018092948457331787,-0.00321625816191269,0.0016076424967192277
2025-07-24,-0.0075111817248310845,-0.003255421103686771,-7.230698901946925e-05,-0.008176613164310911
2025-07-25,0.003533116590799355,-0.00022421886289674287,0.00584642922852516,-0.003529110546513007
2025-07-28,0.007469030694383055,-0.002418409142725245,-0.0045645977937345495,0.007864864900239013
2025-07-29,-0.020127451684457433,-0.002579923708009556,-0.003248944701994066,-0.009787890654253976
2025-07-30,-0.013232842534487562,0.001174914618293974,0.0014540348420401905,-0.008075212921404793
2025-07-31,0.010171207729606866,-0.0034353401223267835,-0.00864006715670482,0.0043104763855452526
2025-08-01,0.0032042762381004637,0.002944386756665825,-0.010709301910882428,0.0021914995231735552
2025-08-04,-0.001369286447656013,0.00043943276879108035,-0.0008678385555486122,0.0028316912375805628
2025-08-05,0.004947649637353314,3.231473795007765e-05,0.009091784344650768,-0.010421776556753186
2025-08-06,-0.0046634705721912174,-0.0019495318811011718,-7.949408354361286e-05,-0.008960474661787041
2025-08-07,0.005758256254592626,0.0016487445926858762,0.0002482225303110598,0.0012085282322905678
2025-08-08,-0.0151274438640102,0.00011419013280520946,-0.010777234565847386,-0.008376921508369602
2025-08-11,-0.004403529024399564,-0.0012521932854816038,0.003934034291850801,-0.00793573096092657
2025-08-12,0.0035163824356522796,0.0005196493933031779,0.00036170489879317657,0.005916520706641466
2025-08-13,-0.002608219206598558,-0.0032455709108787606,-0.0036847122845672688,0.0062440458095687455
2025-08-14,0.0055644518855034455,-0.0031506542630982777,0.0004782929318546855,0.005615325498256079
2025-08-15,-0.012297822440459504,-0.0021203721706021567,0.002850564689383217,-0.004043302540828839
2025-08-18,0.00825689636956658,0.0008190545352194279,-0.006669051283113897,0.004222507972651357
2025-08-19,0.011665131119445364,0.00011348335638773686,0.0006874844745198706,0.007274025347569983
2025-08-20,0.006590837187092864,0.002217958531111505,0.0066956074965113955,-0.004354395351847686
2025-08-21,-0.006548746776244366,-0.0017199797043371534,-0.0013854497015192483,-0.004951546285117741
2025-08-22,-0.0008633184595801703,0.0012693356809626837,-0.004906122351158587,-0.008369577557997178
2025-08-25,-0.0010640274977664135,-0.00010774110479056229,0.00023156863743115715,-0.005810591032226964
2025-08-26,0.0035303998781519574,-0.0017660903894818572,0.005394877270180286,0.0012800770551555664
2025-08-27,0.005996083918162743,0.0008906153414258379,-0.008888515937172181,-0.0004194274355417034
2025-08-28,-0.0018115340574519092,-1.2023716490465065e-05,0.0038020380366152553,2.569069103125672e-05
2025-08-29,-0.011412794301891856,-0.0011382383882907975,-0.002696851365502531,-0.010517063102456236
2025-09-01,0.0009030808822001338,0.00020399817428818324,0.0022869120581116963,-0.009176352720443088
2025-09-02,0.0027404875223110965,-0.00013906077187478402,-0.0034871355515958863,-0.0021467396265258936
2025-09-03,-0.005465012653821931,-0.00018737613703500498,-0.002727857834295222,-0.008735997172309613
2025-09-04,0.004670203378190633,-0.0007051862998215989,0.008653410065275046,0.007037365391053504
2025-09-05,-0.002916502740464179,-0.0024898970777872758,-0.00899035862021214,0.0026258891844253254
2025-09-08,0.0049459647132721034,0.0002695308317897446,0.0018820697717269908,0.01083187837847481
2025-09-09,0.013121366427864224,-0.001485428747442829,0.008636141177969927,0.006647446562632088
2025-09-10,0.011699754624711213,-0.0019206577352881358,0.0029387222809342493,0.004179793592243759
2025-09-11,-0.01403209393912366,-0.00036139968820521416,-0.006555359377635348,0.005694589740748588
2025-09-12,-0.009075275942293737,0.0015880530883443566,-0.006299711550614467,-0.015090629843512548
2025-09-15,0.0025471139274180457,0.0004912270153819623,-0.0042374607666576455,0.007569527158821302
2025-09-16,-0.008214938188274547,-0.0009422844167151779,0.0017265342013924579,0.007424739475266651
2025-09-17,-0.009357392038295964,-0.0010226921157357148,0.0030623972459315855,-0.002236553402284941
2025-09-18,-0.003577302638238937,0.0013916265243775362,-0.006863895403664615,-0.004425481119516009
2025-09-19,0.0010725245584984559,-0.0046734715388944805,-0.004425952290296097,0.005911980948638504
2025-09-22,-0.006537038237185766,0.0017147299783989611,-0.0037919004732024936,-0.00582320891983559
2025-09-23,-0.003156907170520261,-0.003628031549860678,-0.0004881650423800994,-0.005884187277040863
2025-09-24,0.013370936912359046,-0.002710815816645961,0.010487264095816701,0.005434630291855503
2025-09-25,-0.00198590363290488,-0.0009085316625264511,-0.005698093749427159,-0.0018259627748410199
2025-09-26,0.021783632064846646,0.00446024828586169,-0.009028689251489613,0.010232658429631962
2025-09-29,0.00036739864165531233,0.0034748387200285334,-0.006859027821989593,0.008074248576577578
2025-09-30,-0.002827327403550566,0.0015329755115942713,0.004374856222268681,-0.006128104491535388
2025-10-01,0.0027824152907823087,0.0008330847565908998,-8.36289697146812e-05,0.00018815522719741842
2025-10-02,0.004170912261238379,-0.0036045539360249493,-0.00555362345991853,-0.006706731872198521
2025-10-03,0.0018712386889535434,0.00043351632576139773,-0.0025943663448509285,0.003266964020672851
2025-10-06,0.019300499542712846,-0.0009784430371199424,-0.00738262209565589,0.006487725087575409
2025-10-07,-0.002936559342496545,-0.0015133386672454435,0.0030865303148551893,-0.012068433866910082
2025-10-08,0.005437317427207704,0.00042960617994931854,0.015116547462238072,0.005096262705943237
2025-10-09,0.0025052557197181523,-0.0008222200188933976,0.0031947231273743524,0.007990662356054591
2025-10-10,-0.014519361713951443,0.0018585990919377012,0.0017330508618261513,-0.006915433651756112
2025-10-13,0.006947273991342538,-0.003751909535225335,-0.004860296280755646,0.008250124643993563
2025-10-14,0.006716639180486941,0.00027002284469196413,-0.009601692298394368,0.007546525353190555
2025-10-15,-0.0032822990710602547,-0.0016381944470280868,0.005729326533517743,-0.007074052934700912
2025-10-16,-0.002203460513692286,-0.0006992716578313871,0.004258185791852081,0.005030560463245999
2025-10-17,-0.012249972447608733,0.000729252838958483,-0.0002973777264344375,-0.013908794824573344
2025-10-20,-0.01299338796130156,-0.002114615725220134,0.009149392618229564,-0.002583875769325143
2025-10-21,0.0077557522428679925,0.0004484642786249297,-0.001118198296472782,0.014358267972593049
2025-10-22,-0.00035837880267050983,-0.000304676410418529,0.005448226695480847,-0.0076467446857015
2025-10-23,-0.0067975729640085795,-0.0012011737303537773,0.003444066028364422,-0.010812131715908894
2025-10-24,0.002891140977017816,-0.0008211449720218394,-0.00120258677128471,-0.0014885727423995189
2025-10-27,-0.00221826023346025,-0.0001891037823738522,-0.004854050885413041,-0.011752974072535925
2025-10-28,-0.004903053260749025,-0.0014156730251264243,-6.761031617905414e-05,-0.0054425928337890235
2025-10-29,0.006828831347917458,0.0001341889506512228,0.004224213878707963,0.012806452385068922
2025-10-30,-0.012240473407800575,-0.0004363532433321514,-0.0013104706368351944,-0.013252373415298467
2025-10-31,-0.00523609206623571,-0.0011025650741339215,0.004030691410739543,0.00258737581202815
2025-11-03,-0.0004935200641622397,0.0032996844678059674,-0.006534423281544993,-0.0012899627971805908
2025-11-04,0.013380157151547407,0.000950479845123242,0.003541646799272072,0.01913149550433021
2025-11-05,0.010395940208449174,-0.0006454244652459089,0.0003761316119284734,0.004049531507493487
2025-11-06,-0.005724029791205604,0.00041172086164941753,-0.006144831230530816,-0.0047137805372111825
2025-11-07,0.010912576764239833,-0.0019336402735470163,-0.0024395460464711975,0.0007843765004393807
2025-11-10,-0.0067856873776649335,-0.0007535432135571666,0.00681723755209527,-0.008726301090378533
2025-11-11,0.015742159179305267,-0.0005201549008764952,-0.009849577862243525,0.019874193886663186
2025-11-12,-0.010094009572202968,-0.0023735878198197654,-0.004725110547432973,-0.003955537349310407
2025-11-13,0.014837764357798329,0.0008947080959888358,-0.0020404281232877957,0.0148823231830526
2025-11-14,-0.007696931627778632,-0.0008912254052256518,0.013856240626798444,-0.011689398278898155
2025-11-17,0.01794050707133161,-0.0005909333348948076,-0.006583351218209698,0.01695242338415347
2025-11-18,0.005552746741684784,-0.0010174397182467103,0.00234336101356212,-0.0017633393085521765
2025-11-19,-0.006350393178091027,0.0060381811812862,0.0031024347603092065,-0.014084815213468913
2025-11-20,-0.004799682437496871,-0.0012052303003480256,-0.0026620974542108785,-0.0015175055879964572
2025-11-21,0.01265552813049484,-0.004017353907771655,8.220548365719905e-05,0.006632671593378053
2025-11-24,0.009204184025394767,-0.0030798639419176714,-0.003938077936350738,0.007291734548772939
2025-11-25,-0.001149491240736003,0.0016386052453908697,-0.0018813626918710456,0.004199842247901878
2025-11-26,8.882816381800245e-05,0.00279290538336626,-0.009857920095939478,0.0058627450758719
2025-11-27,0.0030752530078225586,-0.0012435943827457073,-0.0010003940032674184,0.013936000140819818
2025-11-28,-0.0017239946971786754,0.002677899339270928,0.005386633163270697,-0.005971727899666847
2025-12-01,-0.01303354440326266,0.0016031799996850883,0.00226078620878492,0.0012030168588695843
2025-12-02,-0.0037092766752112364,-0.00025896026197217787,0.007810561498198823,0.006512132582940322
2025-12-03,0.002216701310278955,-0.0004008925675410709,0.003334552752415355,-0.0003761244568567174
2025-12-04,0.009685409179632122,0.0004817404528313065,-0.001828149100253206,-0.0020134108745035887
2025-12-05,0.018423446054278217,0.0018749116443072822,-0.005779129590659676,0.0022196957938061916
2025-12-08,0.011869296185619833,0.0009145891311900443,-0.003799947010209882,0.0024799270652578653
2025-12-09,0.006551764232050555,-0.0012336166035973916,-0.00904090537102182,0.014234781336373625
2025-12-10,0.004380054982136819,-0.00022841409405262146,-0.0024433720866663,0.005160007482908677
2025-12-11,-0.007286503512442668,0.004082526909443849,0.0019461061991641769,-0.007563635056814068
2025-12-12,0.004262129568620229,0.000622427594592384,0.01066938838314399,-0.004737768599770532
2025-12-15,-0.0064937574160552234,0.0018586508537652307,0.004452498413481554,-0.012788357494473452
2025-12-16,-0.011841564691057639,0.0011997699744984646,-0.0033333213563724526,-0.002279622269376241
2025-12-17,0.005356984988718356,0.0006667154879954054,-0.008916500818821711,0.0018889463049935838
2025-12-18,0.004891516961337029,0.0003373978000301379,-0.0013197554871168392,0.01410771089005848
2025-12-19,0.004674523647796322,0.0019147812506499589,0.004112255826879328,0.008441467030965483
2025-12-22,0.005773326353891818,0.0015572844706213667,-0.0018909489918711307,0.008760122430966038
2025-12-23,0.005163478649565933,0.0006477869560230972,0.0030943352837463594,0.000416029924884263
2025-12-24,0.001728688553218429,-0.001267525051095776,-0.0016681851941778285,-0.0026994970352723375
2025-12-25,-0.0001471114937688702,0.0008911176110969437,0.004529624788200688,-0.005170389388208184
2025-12-26,0.0005728535978494591,-1.4015872936166867e-05,-0.009970951519784207,-0.005274265873433366
2025-12-29,-0.009286041114957668,-0.0004965118226901518,0.01077538766450319,0.001227658581984481
2025-12-30,0.001838053098311258,0.005477551949932136,-0.00700400368895509,0.0003596562080512007
2025-12-31,0.007647117781212496,-0.0029581026154156553,0.004030030103242551,0.010266034654854256
